symbol,name,exchange,tradable,shortable
PRK,Park National Corporation,AMEX,True,True
ODV,Osisko Development Corp.,NYSE,True,True
LPG,DORIAN LPG LTD,NYSE,True,True
MDA,MDA Space Ltd.,NYSE,True,True
REZI,"Resideo Technologies, Inc. Common Stock",NYSE,True,True
JMIA,Jumia Technologies AG,NYSE,True,True
SFLR,Innovator Equity Managed Floor ETF,ARCA,True,True
IFV,First Trust Exchange-Traded Fund VI First Trust Dorsey Wright International Focus 5 ETF,NASDAQ,True,True
HII,"Huntington Ingalls Industries, Inc.",NYSE,True,True
NEM,Newmont Corporation,NYSE,True,True
NFG,National Fuel Gas Co.,NYSE,True,True
PWR,"Quanta Services, Inc.",NYSE,True,True
KMX,CarMax Inc.,NYSE,True,True
MTW,"The Manitowoc Company, Inc.",NYSE,True,True
PDI,PIMCO Dynamic Income Fund,NYSE,True,True
BRLN,iShares Floating Rate Loan Active ETF,BATS,True,False
BRKC,YieldMax BRK.B Option Income Strategy ETF,ARCA,True,False
KHC,The Kraft Heinz Company Common Stock,NASDAQ,True,True
IMAX,Imax Corp,NYSE,True,True
J,Jacobs Solutions Inc.,NYSE,True,True
SBH,"Sally Beauty Holdings, Inc.",NYSE,True,True
JAKK,"JAKKS Pacific, Inc. Common Stock",NASDAQ,True,True
JANX,"Janux Therapeutics, Inc. Common Stock",NASDAQ,True,True
JAZZ,Jazz Pharmaceuticals plc Common Stock (Ireland),NASDAQ,True,True
JBHT,"J.B. Hunt Transport Services, Inc. Common Stock",NASDAQ,True,True
JD,"JD.com, Inc. American Depositary Shares",NASDAQ,True,True
RBB,RBB Bancorp Common Stock,NASDAQ,True,True
NAK,"Northern Dynasty Minerals, Ltd.",AMEX,True,True
JAAA,Janus Henderson AAA CLO ETF,ARCA,True,True
SAP,SAP SE,NYSE,True,True
NNI,"Nelnet, Inc. Class A",NYSE,True,True
KALU,Kaiser Aluminum Corporation Common Stock,NASDAQ,True,True
JNK,State Street SPDR Bloomberg High Yield Bond ETF,ARCA,True,True
JOET,Virtus Terranova U.S. Quality Momentum ETF,ARCA,True,True
JOUT,Johnson Outdoors Inc. Class A Common Stock,NASDAQ,True,True
JPLD,JPMorgan Limited Duration Bond ETF,ARCA,True,True
JPST,JPMorgan Ultra-Short Income ETF,ARCA,True,True
JPXN,iShares JPX-Nikkei 400 ETF,ARCA,True,True
JQUA,JPMorgan U.S. Quality Factor ETF,ARCA,True,True
BRIF,FIS Bright Portfolios Focused Equity ETF,ARCA,True,False
BRIE,MFS Blended Research International Equity ETF,NYSE,True,False
JRVR,"James River Group Holdings, Inc. Common Stock",NASDAQ,True,True
KALV,"KalVista Pharmaceuticals, Inc. Common Stock",NASDAQ,True,True
KBA,KraneShares Bosera MSCI China A 50 Connect Index ETF,ARCA,True,True
KBE,State Street SPDR S&P Bank ETF,ARCA,True,True
KBWY,Invesco Exchange-Traded Fund Trust II Invesco KBW Premium Yield Equity REIT ETF,NASDAQ,True,True
INMU,iShares Intermediate Muni Income Active ETF,ARCA,True,False
KIDS,OrthoPediatrics Corp. Common Stock,NASDAQ,True,True
KLC,"KinderCare Learning Companies, Inc.",NYSE,True,True
KLIC,"Kulicke and Soffa Industries, Inc. Common Stock",NASDAQ,True,True
KMLM,KraneShares Mount Lucas Managed Futures Index Strategy ETF,ARCA,True,True
KRUS,"Kura Sushi USA, Inc. Class A Common Stock",NASDAQ,True,True
KSPI,Joint Stock Company Kaspi.kz American Depository Shares,NASDAQ,True,True
KTB,"Kontoor Brands, Inc. Common Stock",NYSE,True,True
KTOS,"Kratos Defense & Security Solutions, Inc. Common Stock",NASDAQ,True,True
KW,"KENNEDY-WILSON HOLDINGS, INC.",NYSE,True,True
KWEB,KraneShares CSI China Internet ETF,ARCA,True,True
KYMR,"Kymera Therapeutics, Inc. Common Stock",NASDAQ,True,True
KYN,"Kayne Anderson Energy Infrastructure Fund, Inc.",NYSE,True,True
KYTX,"Kyverna Therapeutics, Inc. Common Stock",NASDAQ,True,True
LAB,Standard BioTools Inc. Common Stock,NASDAQ,True,True
BREW,Corgi Coffee & Energy Drinks ETF,BATS,True,False
BREE,MFS Blended Research Emerging Markets Equity ETF,NYSE,True,False
SOCAU,Solarius Capital Acquisition Corp. Units,NASDAQ,True,False
TRAD.RT,"APEX Tech Acquisition Inc. Rights, each entitling the holder to receive one-fourth (1/4) of one ordinary share",NYSE,True,False
IRAB.WS,"Iris Acquisition Corp II Redeemable Warrants, each whole warrant exercisable for one Class A Ordinary Share at an exercise price of $11.50 per share",NYSE,True,False
MPLY,Monopoly ETF,BATS,True,False
JMEE,JPMorgan Small & Mid Cap Enhanced Equity ETF,ARCA,True,True
LADR,LADDER CAPITAL CORP,NYSE,True,True
LAMR,Lamar Advertising Company Class A Common Stock,NASDAQ,True,True
INO,"Inovio Pharmaceuticals, Inc. Common Stock",NASDAQ,True,False
LBRDA,Liberty Broadband Corporation Class A Common Stock,NASDAQ,True,True
LBRDK,Liberty Broadband Corporation Class C Common Stock,NASDAQ,True,True
LBTYA,Liberty Global Ltd. Class A Common Shares,NASDAQ,True,True
LBTYK,Liberty Global Ltd. Class C Common Shares,NASDAQ,True,True
LCTX,"Lineage Cell Therapeutics, Inc.",AMEX,True,True
LDOS,"Leidos Holdings, Inc.",NYSE,True,True
LDP,COHEN & STEERS LIMITED DURATION PREFERRED AND INCOME FUND INC,NYSE,True,True
LEA,Lear Corporation,NYSE,True,True
LEG,"Leggett & Platt, Inc.",NYSE,True,True
LEGN,Legend Biotech Corporation American Depositary Shares,NASDAQ,True,True
LEMB,iShares J.P. Morgan EM Local Currency Bond ETF,ARCA,True,True
BRCE,MFS Blended Research Core Equity ETF,NYSE,True,False
POAS,Phaos Technology Holdings (Cayman) Limited,AMEX,True,False
BRAZ,Global X Brazil Active ETF,ARCA,True,False
BPAY,iShares FinTech Active ETF,ARCA,True,False
BOUT,CapForce IBD Breakout Opportunities ETF,ARCA,True,False
BOIL,ProShares Ultra Bloomberg Natural Gas,ARCA,True,False
BOEU,Direxion Shares ETF Trust Direxion Daily BA Bull 2X ETF,NASDAQ,True,False
MOB,Mobilicom Limited Ordinary Shares,NASDAQ,True,False
BOEG,Themes ETF Trust Leverage Shares 2X Long BA Daily ETF,NASDAQ,True,False
LII,Lennox International Inc.,NYSE,True,True
NPKI,NPK International Inc.,NYSE,True,True
JMTG,JPMorgan Mortgage-Backed Securities ETF,ARCA,True,True
IAF,"abrdn Australia Equity Fund, Inc.",AMEX,True,True
SF,Stifel Financial Corp.,NYSE,True,True
KLTR,"Kaltura, Inc. Common Stock",NASDAQ,True,True
MSD,"Morgan Stanley Emerging Markets Debt Fund, Inc.",NYSE,True,True
SA,"Seabridge Gold, Inc.",NYSE,True,True
SBSI,"Southside Bancshares, Inc.",NYSE,True,True
ILCV,iShares Morningstar Value ETF,ARCA,True,True
ICF,iShares Select U.S. REIT ETF,BATS,True,True
LILA,Liberty Latin America Ltd. Class A Common Stock,NASDAQ,True,True
LIVN,LivaNova PLC Ordinary Shares,NASDAQ,True,True
LKQ,LKQ Corporation Common Stock,NASDAQ,True,True
INSE,"Inspired Entertainment, Inc. Common Stock",NASDAQ,True,True
BOBP,CORE16 Best of Breed Premier Index ETF,ARCA,True,False
BOAT,SonicShares Global Shipping ETF,ARCA,True,False
NEUP,Neuphoria Therapeutics Inc. Common Stock,NASDAQ,True,False
SAMT,Strategas Macro Thematic Opportunities ETF,ARCA,True,False
BNOV,Innovator U.S. Equity Buffer ETF - November,BATS,True,False
NEXR,Nexera Technologies Ltd Ordinary Shares,NASDAQ,True,False
BNKU,"MicroSectors U.S. Big Banks 3x Leveraged ETNs due February 17, 2045",ARCA,True,False
BNKD,"MicroSectors U.S. Big Banks -3x Inverse Leveraged ETNs due February 17, 2045",ARCA,True,False
BNGE,First Trust S-Network Streaming and Gaming ETF,ARCA,True,False
BNDP,Vanguard Quantitative Funds Vanguard Core-Plus Bond Index ETF,NASDAQ,True,False
LODE,Comstock Inc.,AMEX,True,True
RSPH,Invesco S&P 500 Equal Weight Health Care ETF,ARCA,True,True
RYZ,RYERSON HOLDING CORPORATION,NYSE,True,True
INGR,Ingredion Incorporated,NYSE,True,True
PAY,"Paymentus Holdings, Inc.",NYSE,True,True
HLI,"Houlihan Lokey, Inc.",NYSE,True,True
MBI,MBIA Inc.,NYSE,True,True
NIQ,NIQ Global Intelligence plc,NYSE,True,True
PGR,Progressive Corporation,NYSE,True,True
PCM,"PCM Fund, Inc.",NYSE,True,True
PSNL,"Personalis, Inc. Common Stock",NASDAQ,True,True
HRL,Hormel Foods Corporation,NYSE,True,True
KRYS,"Krystal Biotech, Inc. Common Stock",NASDAQ,True,True
MC,MOELIS & COMPANY,NYSE,True,True
BNDI,NEOS Enhanced Income Aggregate Bond ETF,ARCA,True,False
BNDD,Quadratic Deflation ETF,ARCA,True,False
LFT,"Lument Finance Trust, Inc.",NYSE,True,True
BNDC,FlexShares Core Select Bond Fund,ARCA,True,False
FBIO,"Fortress Biotech, Inc. Common Stock",NASDAQ,True,False
BMVP,Invesco Bloomberg MVP Multi-factor ETF,ARCA,True,False
BMOP,BNY Mellon ETF Trust II BNY Mellon Municipal Opportunities ETF,NASDAQ,True,False
LFUS,"Littelfuse, Inc. Common Stock",NASDAQ,True,True
BMNG,Themes ETF Trust Leverage Shares 2X Long BMNR Daily ETF,NASDAQ,True,False
OXLCN,Oxford Lane Capital Corp. 7.125% Series 2029 Term Preferred Stock,NASDAQ,True,False
OXLCO,"Oxford Lane Capital Corp. Preferred Stock Shares, 6.00% Series 2029",NASDAQ,True,False
NABL,"N-able, Inc.",NYSE,True,True
RXST,"RxSight, Inc. Common Stock",NASDAQ,True,True
SEER,"Seer, Inc. Class A Common Stock",NASDAQ,True,True
KFRC,Kforce Inc.,NYSE,True,True
NSSC,"NAPCO Security Technologies, Inc. Common Stock",NASDAQ,True,True
HMN,Horace Mann Educators Corporation,NYSE,True,True
OVM,Overlay Shares Municipal Bond ETF,BATS,True,True
HAWX,iShares Currency Hedged MSCI ACWI ex U.S. ETF,ARCA,True,True
INRO,BlackRock ETF Trust iShares U.S. Industry Rotation Active ETF,NASDAQ,True,False
JPIE,JPMorgan Income ETF,ARCA,True,True
PENG,"Penguin Solutions, Inc. Common Stock",NASDAQ,True,True
SAM,Boston Beer Company,NYSE,True,True
PMTRU,Perimeter Acquisition Corp. I Unit,NASDAQ,True,False
PODC,"PodcastOne, Inc. Common Stock",NASDAQ,True,False
BMM,Blue Moon Metals Inc. Common Shares,NASDAQ,True,False
ACR.PRC,"ACRES Commercial Realty Corp. 8.625% Fixed-to-Floating Series C Cumulative Redeemable Preferred Stock, par value $0.001 per share",NYSE,True,False
NKE,"Nike, Inc.",NYSE,True,True
MNTN,"MNTN, Inc.",NYSE,True,True
KIM,Kimco Realty Corp.,NYSE,True,True
HOG,"Harley-Davidson, Inc.",NYSE,True,True
PEP,"PepsiCo, Inc. Common Stock",NASDAQ,True,True
JKS,JINKOSOLAR HOLDINGS CO,NYSE,True,True
IIIN,"Insteel Industries, Inc.",NYSE,True,True
PPG,"PPG Industries, Inc.",NYSE,True,True
SCL,Stepan Co.,NYSE,True,True
PJT,PJT Partners Inc.,NYSE,True,True
IBTA,"Ibotta, Inc.",NYSE,True,True
RL,Ralph Lauren Corporation,NYSE,True,True
NFGC,New Found Gold Corp,AMEX,True,True
JOBY,"Joby Aviation, Inc.",NYSE,True,True
KMB,Kimberly-Clark Corporation Common Stock,NASDAQ,True,True
LNTH,"Lantheus Holdings, Inc. Common Stock",NASDAQ,True,True
MAN,ManpowerGroup,NYSE,True,True
MRVL,"Marvell Technology, Inc. Common Stock",NASDAQ,True,True
SEDG,"SolarEdge Technologies, Inc. Common Stock",NASDAQ,True,True
LLY,Eli Lilly & Co.,NYSE,True,True
IBN,ICICI Bank Limited,NYSE,True,True
BNH,"Brookfield Finance Inc. 4.625% Subordinated Notes due October 16, 2080",NYSE,True,False
BNJ,Brookfield Finance I (UK) plc 4.50% Perpetual Subordinated Notes,NYSE,True,False
DDT,Dillard's Capital Trust I 7.50% Capital Securities,NYSE,True,False
SAA,ProShares Ulta SmallCap600,ARCA,True,True
RJF,"Raymond James Financial, Inc.",NYSE,True,True
QLYS,"Qualys, Inc. Common Stock",NASDAQ,True,True
NTR,Nutrien Ltd. Common Shares,NYSE,True,True
KGC,Kinross Gold Corporation,NYSE,True,True
KRMN,Karman Holdings Inc.,NYSE,True,True
LLYVA,"Liberty Live Holdings, Inc. Series A Liberty Live Group Common Stock",NASDAQ,True,True
KAI,Kadant Inc.,NYSE,True,True
MDT,Medtronic plc,NYSE,True,True
HROW,"Harrow, Inc. Common Stock",NASDAQ,True,True
RGR,"Sturm, Ruger & Company, Inc.",NYSE,True,True
INFQ,"Infleqtion, Inc.",NYSE,True,True
HL,Hecla Mining Company,NYSE,True,True
ICLR,ICON plc Ordinary Shares,NASDAQ,True,True
IWB,iShares Russell 1000 ETF,ARCA,True,True
MYE,"Myers Industries, Inc.",NYSE,True,True
NRG,"NRG Energy, Inc.",NYSE,True,True
NVCR,NovoCure Limited Ordinary Shares,NASDAQ,True,True
NPO,Enpro Inc.,NYSE,True,True
SES,SES AI Corporation,NYSE,True,True
JCE,Nuveen Core Equity Alpha Fund,NYSE,True,True
INSM,Insmed Incorporated Common Stock,NASDAQ,True,True
MSDL,Morgan Stanley Direct Lending Fund,NYSE,True,True
MAX,"MediaAlpha, Inc.",NYSE,True,True
GXPT,Global X PureCap MSCI Information Technology ETF,ARCA,True,True
HUBG,"Hub Group, Inc. Class A Common Stock",NASDAQ,True,True
HURN,Huron Consulting Group Inc. Common Stock,NASDAQ,True,True
INTW,GraniteShares ETF Trust GraniteShares 2x Long INTC Daily ETF,NASDAQ,True,False
NPK,"National Presto Industries, Inc.",NYSE,True,True
OCTP,PGIM S&P 500 Buffer 12 ETF - October,BATS,True,True
ITIC,Investors Title Company Common Stock,NASDAQ,True,True
IOSP,Innospec Inc. Common Stock,NASDAQ,True,True
NEU,NewMarket Corporation,NYSE,True,True
PRVA,"Privia Health Group, Inc. Common Stock",NASDAQ,True,True
SEB,Seaboard Corporation,AMEX,True,True
KOP,"Koppers Holdings, Inc.",NYSE,True,True
MSA,Mine Safety Incorporated,NYSE,True,True
NBHC,NATIONAL BANK HOLDINGS CORP.,NYSE,True,True
HFWA,Heritage Financial Corporation Common Stock,NASDAQ,True,True
LNT,Alliant Energy Corporation Common Stock,NASDAQ,True,True
LUNG,Pulmonx Corporation Common Stock,NASDAQ,True,True
MCHB,Mechanics Bancorp Class A Common Stock,NASDAQ,True,True
MCRI,"Monarch Casino & Resort, Inc. Common Stock",NASDAQ,True,True
NCNO,"nCino, Inc. Common Stock",NASDAQ,True,True
ORRF,Orrstown Financial Services Inc - Common Stock,NASDAQ,True,True
HODL,VanEck Bitcoin ETF,BATS,True,True
OSIS,"OSI Systems, Inc. Common Stock (DE)",NASDAQ,True,True
PFIS,Peoples Financial Services Corp. Common Stock,NASDAQ,True,True
PVLA,"Palvella Therapeutics, Inc. Common Stock",NASDAQ,True,True
HPE,Hewlett Packard Enterprise Company,NYSE,True,True
PWP,Perella Weinberg Partners Class A Common Stock,NASDAQ,True,True
QNST,"QuinStreet, Inc. Common Stock",NASDAQ,True,True
LLYVK,"Liberty Live Holdings, Inc. Series C Liberty Live Group Common Stock",NASDAQ,True,True
RHLD,"Resolute Holdings Management, Inc.",NYSE,True,True
RMCA,Rockefeller California Municipal Bond ETF,ARCA,True,True
RRBI,"Red River Bancshares, Inc. Common Stock",NASDAQ,True,True
IYJ,iShares U.S. Industrials ETF,BATS,True,True
MLAB,"Mesa Laboratories, Inc. Common Stock",NASDAQ,True,True
MU,"Micron Technology, Inc. Common Stock",NASDAQ,True,True
OSW,OneSpaWorld Holdings Limited Common Shares,NASDAQ,True,True
PFIX,Simplify Interest Rate Hedge ETF,ARCA,True,True
LMAT,"LeMaitre Vascular, Inc. Common Stock",NASDAQ,True,True
KCAI,KraneShares China Alpha Index ETF,ARCA,True,True
ILCB,iShares Morningstar U.S. Equity ETF,ARCA,True,True
INDA,iShares MSCI India ETF,BATS,True,True
INVX,"Innovex International, Inc.",NYSE,True,True
INTC,Intel Corporation Common Stock,NASDAQ,True,True
RXO,"RXO, Inc.",NYSE,True,True
KKR,KKR & Co. Inc.,NYSE,True,True
HFND,Unlimited HFND Multi-Strategy Return Tracker ETF,NYSE,True,True
MBINM,"Merchants Bancorp Depositary Shares, Each Representing a 1/40th Interest in a Share of 8.25% Fixed-Rate Reset Series D Non-Cumulative Perpetual Preferred Stock",NASDAQ,True,False
WAFU,Wah Fu Education Group Limited Ordinary Shares,NASDAQ,True,False
BMED,iShares Health Innovation Active ETF,ARCA,True,False
XHG,XChange TEC.INC American Depositary Shares,NASDAQ,True,False
RIV,"RiverNorth Opportunities Fund, Inc. Common Stock",NYSE,True,True
IGEB,iShares Investment Grade Systematic Bond ETF,BATS,True,True
GWRE,"GUIDEWIRE SOFTWARE, INC.",NYSE,True,True
GWW,"W.W. Grainger, Inc.",NYSE,True,True
GWX,State Street SPDR S&P International Small Cap ETF,ARCA,True,True
HACK,Amplify Cybersecurity ETF,ARCA,True,True
HAE,Haemonetics Corporation,NYSE,True,True
HGLB,Highland Global Allocation Fund,NYSE,True,True
HLT,Hilton Worldwide Holdings Inc.,NYSE,True,True
HMC,"Honda Motor Co., Ltd. American Depositary Share, each representing three (3) shares of Common Stock",NYSE,True,True
HMY,Harmony Gold Mining Company Limited,NYSE,True,True
HNST,"The Honest Company, Inc. Common Stock",NASDAQ,True,True
HOOD,"Robinhood Markets, Inc. Class A Common Stock",NASDAQ,True,True
HOOW,Roundhill HOOD WeeklyPay ETF,BATS,True,True
HOPE,"Hope Bancorp, Inc. Common Stock",NASDAQ,True,True
HSAI,"Hesai Group American Depositary Share, each ADS represents one Class B ordinary share",NASDAQ,True,True
HSIC,"Henry Schein, Inc. Common Stock",NASDAQ,True,True
EONR,EON Resources Inc.,AMEX,True,False
ELVR,Elevra Lithium Limited American Depository Shares,NASDAQ,True,False
FBYDW,"Falcon's Beyond Global, Inc. Warrants",NASDAQ,True,False
FCUV,Focus Universal Inc. Common Stock,NASDAQ,True,False
BMAY,Innovator U.S. Equity Buffer ETF - May,BATS,True,False
BLUX,Bluemonte Dynamic Total Market ETF,ARCA,True,False
RYAM,Rayonier Advanced Materials Inc.,NYSE,True,True
BLUI,Bluemonte Diversified Income ETF,ARCA,True,False
HST,"Host Hotels & Resorts, Inc. Common Stock",NASDAQ,True,True
HSTM,"HealthStream, Inc. Common Stock",NASDAQ,True,True
HTB,"HomeTrust Bancshares, Inc.",NYSE,True,True
HUMN,Roundhill Humanoid Robotics ETF,BATS,True,True
HVT,"Haverty Furniture Companies, Inc.",NYSE,True,True
HWC,Hancock Whitney Corporation Common Stock,NASDAQ,True,True
HYGV,FlexShares High Yield Value-Scored Bond Index Fund,ARCA,True,True
HYS,PIMCO 0-5 Year High Yield Corporate Bond Index Exchange-Traded Fund,ARCA,True,True
ISRG,"Intuitive Surgical, Inc. Common Stock",NASDAQ,True,True
INVG,GMO Systematic Investment Grade Credit ETF,ARCA,True,False
IAI,iShares U.S. Broker-Dealers & Securities Exchanges ETF,ARCA,True,True
IART,Integra LifeSciences Holdings Corporation Common Stock,NASDAQ,True,True
LXRX,"Lexicon Pharmaceuticals, Inc. Common Stock",NASDAQ,True,True
LXU,LSB INDUSTRIES INC,NYSE,True,True
GVH,Globavend Holdings Limited Ordinary Shares,NASDAQ,True,False
GXAI,Gaxos.ai Inc. Common Stock,NASDAQ,True,False
BLUC,Bluemonte Large Cap Core ETF,ARCA,True,False
PRG,"PROG Holdings, Inc.",NYSE,True,True
MRSH,Marsh,NYSE,True,True
HCACU,Hall Chadwick Acquisition Corp. Unit,NASDAQ,True,False
LYTS,LSI Industries Inc. Common Stock,NASDAQ,True,True
LYV,Live Nation Entertainment Inc.,NYSE,True,True
LZB,La-Z-Boy Incorporated,NYSE,True,True
MAA,"Mid-America Apartment Communities, Inc.",NYSE,True,True
MAGC,Roundhill China Magnificent Seven ETF,BATS,True,True
MAIR,Madison Air Solutions Corporation,NYSE,True,True
NPV,Nuveen Virginia Quality Municipal Income Fund,NYSE,True,True
HRTG,HERITAGE INSURANCE HOLDINGS INC,NYSE,True,True
HYPR,"Hyperfine, Inc. Class A Common Stock",NASDAQ,True,True
NVST,"Envista Holdings Corporation Common stock, $0.01 par value per share",NYSE,True,True
NVT,nVent Electric plc Ordinary Shares,NYSE,True,True
NVTS,Navitas Semiconductor Corporation Common Stock,NASDAQ,True,True
NWBI,"Northwest Bancshares, Inc. Common Stock",NASDAQ,True,True
NWE,"NorthWestern Energy Group, Inc. Common Stock",NASDAQ,True,True
NWL,Newell Brands Inc. Common Stock,NASDAQ,True,True
NWN,Northwest Natural Holding Company,NYSE,True,True
NWPX,"NWPX Infrastructure, Inc. Common Stock",NASDAQ,True,True
FMFC,Kandal M Venture Limited Class A Ordinary Shares,NASDAQ,True,False
BLSG,Themes ETF Trust Leverage Shares 2X Long BLSH Daily ETF,NASDAQ,True,False
BLNK,Blink Charging Co. Common Stock,NASDAQ,True,False
NWS,News Corporation Class B Common Stock,NASDAQ,True,True
OBIO,"Orchestra BioMed Holdings, Inc. Ordinary Shares",NASDAQ,True,True
IPAV,Global X Infrastructure Development ex-U.S. ETF,BATS,True,False
OCFC,OceanFirst Financial Corp. Common Stock,NASDAQ,True,True
OCGN,"Ocugen, Inc. Common Stock",NASDAQ,True,True
OCUL,"Ocular Therapeutix, Inc. Common Stock",NASDAQ,True,True
HOMB,"Home BancShares, Inc.",NYSE,True,True
ODFL,"Old Dominion Freight Line, Inc. Common Stock",NASDAQ,True,True
OFIX,Orthofix Medical Inc. Common Stock (DE),NASDAQ,True,True
PD,"PagerDuty, Inc.",NYSE,True,True
IOVA,"Iovance Biotherapeutics, Inc. Common Stock",NASDAQ,True,True
GYRE,"Gyre Therapeutics, Inc. Common Stock",NASDAQ,True,True
HLF,Herbalife Ltd.,NYSE,True,True
MTB,M&T Bank Corp.,NYSE,True,True
PAYX,"Paychex, Inc. Common Stock",NASDAQ,True,True
HIW,Highwoods Properties Inc.,NYSE,True,True
HUYA,HUYA Inc.,NYSE,True,True
MBX,"MBX Biosciences, Inc. Common Stock",NASDAQ,True,True
MLR,"Miller Industries, Inc.",NYSE,True,True
NUS,"NuSkin Enterprises, Inc.",NYSE,True,True
ILPT,Industrial Logistics Properties Trust Common Shares of Beneficial Interest,NASDAQ,True,True
BLDG,Cambria Global Real Estate ETF,BATS,True,False
BLCV,iShares Large Cap Value Active ETF,ARCA,True,False
ILTB,iShares Core 10+ Year USD Bond ETFof iShares Trust,ARCA,True,True
ISTB,iShares Core 1-5 Year USD Bond ETF,NASDAQ,True,True
ISVL,iShares International Developed Small Cap Value Factor ETF,BATS,True,True
ITA,iShares U.S. Aerospace & Defense ETF,BATS,True,True
ITB,iShares U.S. Home Construction ETF,BATS,True,True
IMCG,iShares Morningstar Mid-Cap Growth ETF,ARCA,True,True
IMCR,Immunocore Holdings plc American Depositary Shares,NASDAQ,True,True
IMCV,iShares Morningstar Mid-Cap Value ETF,NASDAQ,True,True
ODC,Oil-Dri Corporation of America,NYSE,True,True
IMKTA,"Ingles Markets, Incorporated Class A Common Stock",NASDAQ,True,True
OEF,iShares S&P 100 ETF,ARCA,True,True
IMMR,Immersion Corporation Common Stock,NASDAQ,True,True
IMMX,"Immix Biopharma, Inc. Common Stock",NASDAQ,True,True
IMNM,"Immunome, Inc. Common Stock",NASDAQ,True,True
ITDD,iShares LifePath Target Date 2040 ETF,ARCA,True,True
IMRX,Immuneering Corporation Class A Common Stock,NASDAQ,True,True
IMXI,"International Money Express, Inc. Common Stock",NASDAQ,True,True
INBX,"Inhibrx Biosciences, Inc. Common Stock",NASDAQ,True,True
INCY,Incyte Corp. Common Stock,NASDAQ,True,True
INDB,Independent Bank Corp. Common Stock,NASDAQ,True,True
BIYA,Baiya International Group Inc. Ordinary Shares,NASDAQ,True,False
BJDX,"Bluejay Diagnostics, Inc. Common Stock",NASDAQ,True,False
CRAC,Crown Reserve Acquisition Corp. I Class A Ordinary Shares,NASDAQ,True,False
CRACR,Crown Reserve Acquisition Corp. I Rights,NASDAQ,True,False
CRANU,Crane Harbor Acquisition Corp. II Units,NASDAQ,True,False
CRAQ,Cal Redwood Acquisition Corp. Class A Ordinary Shares,NASDAQ,True,False
CRE,Cre8 Enterprise Limited Class A Ordinary Shares,NASDAQ,True,False
CREG,Smart Powerr Corp. Common Stock,NASDAQ,True,False
CSHRW,CoinShares PLC Warrants,NASDAQ,True,False
CUE,"Cue Biopharma, Inc. Common Stock",NASDAQ,True,False
CUPR,Cuprina Holdings (Cayman) Limited Class A Ordinary Shares,NASDAQ,True,False
INDV,"Indivior Pharmaceuticals, Inc. Common Stock",NASDAQ,True,True
INDS,Pacer Industrial Real Estate ETF,ARCA,True,True
ITM,VanEck Intermediate Muni ETF,BATS,True,True
INSP,"Inspire Medical Systems, Inc.",NYSE,True,True
INSW,"International Seaways, Inc. Common Stock",NYSE,True,True
INTA,"Intapp, Inc. Common Stock",NASDAQ,True,True
RDVT,"Red Violet, Inc. Common Stock",NASDAQ,True,True
MFC,Manulife Financial Corp.,NYSE,True,True
IAK,iShares U.S. Insurance ETF,ARCA,True,True
NAUG,Innovator Growth-100 Power Buffer ETF - August,BATS,True,True
JPEM,JPMorgan Diversified Return Emerging Markets Equity ETF,ARCA,True,True
DRMA,"Dermata Therapeutics, Inc. Common Stock",NASDAQ,True,False
DSAC,Daedalus Special Acquisition Corp. Class A Ordinary Shares,NASDAQ,True,False
DSACU,Daedalus Special Acquisition Corp. Unit,NASDAQ,True,False
EFC.PRC,Ellington Financial Inc. 8.625% Series C Fixed-Rate Reset Cumulative Redeemable Preferred Stock,NYSE,True,False
EHGO,Eshallgo Inc. Class A Ordinary Shares,NASDAQ,True,False
EHLD,Euroholdings Ltd. Common Stock,NASDAQ,True,False
EICA,Eagle Point Income Company Inc. 5.00% Series A Term Preferred Stock due 2026,NYSE,True,False
EIIA,Eagle Point Institutional Income Fund 8.125% Series A Term Preferred Shares Due 2029,NYSE,True,False
ELLA,Ellington Credit Company 8.50% Notes due 2031,NYSE,True,False
HDGE,AdvisorShares Ranger Equity Bear ETF,ARCA,True,True
INTF,iShares International Equity Factor ETF,ARCA,True,True
INTR,Inter & Co. Inc. Class A Common Shares,NASDAQ,True,True
INTU,Intuit Inc. Common Stock,NASDAQ,True,True
INVA,"Innoviva, Inc. Common Stock",NASDAQ,True,True
IONS,"Ionis Pharmaceuticals, Inc. Common Stock",NASDAQ,True,True
IOO,iShares Global 100 ETF,ARCA,True,True
IPAR,"Interparfums, Inc. Common Stock",NASDAQ,True,True
IPO,Renaissance IPO ETF,ARCA,True,True
IPSC,"Century Therapeutics, Inc. Common Stock",NASDAQ,True,True
IQLT,iShares MSCI Intl Quality Factor ETF,ARCA,True,True
IRDM,Iridium Communications Inc Common Stock,NASDAQ,True,True
IRM,Iron Mountain Inc.,NYSE,True,True
ENO,"Entergy New Orleans, LLC First Mortgage Bonds, 5.50% Series due April 1, 2066",NYSE,True,False
ERNA,Ernexa Therapeutics Inc. Common Stock,NASDAQ,True,False
EVAC,EQV Ventures Acquisition Corp. II,NYSE,True,False
EVEX.WS,"Eve Holding, Inc. Warrants, each exercisable for one share of Common Stock at an exercise price of $11.50 per share",NYSE,True,False
EVGOW,EVgo Inc. Warrants,NASDAQ,True,False
EVTV,"Envirotech Vehicles, Inc. Common Stock",NASDAQ,True,False
IRON,"Disc Medicine, Inc. Common Stock",NASDAQ,True,True
IRTC,"iRhythm Holdings, Inc. Common Stock",NASDAQ,True,True
MBIN,Merchants Bancorp Common Stock,NASDAQ,True,True
MLM,Martin Marietta Materials,NYSE,True,True
NAVI,Navient Corporation Common Stock,NASDAQ,True,True
SCVL,"Shoe Carnival, Inc. Common Stock",NASDAQ,True,True
QLD,ProShares Ultra QQQ,ARCA,True,True
RONB,Baron First Principles ETF,NYSE,True,True
RUN,Sunrun Inc. Common Stock,NASDAQ,True,True
KODK,EASTMAN KODAK COMPANY,NYSE,True,True
RDNT,"RadNet, Inc. Common Stock",NASDAQ,True,True
MGM,MGM RESORTS INTERNATIONAL,NYSE,True,True
MPLX,MPLX LP,NYSE,True,True
MSI,"Motorola Solutions, Inc. New",NYSE,True,True
MXL,"MaxLinear, Inc. Common Stock",NASDAQ,True,True
IMO,Imperial Oil Limited,AMEX,True,True
NVS,Novartis AG,NYSE,True,True
RES,"RPC, Inc.",NYSE,True,True
FABC,"Fabric.AI, Inc. Common Stock",NASDAQ,True,False
FATN,"FatPipe, Inc. Common Stock",NASDAQ,True,False
FBLG,"FibroBiologics, Inc. Common Stock",NASDAQ,True,False
FCCO,First Community Corporation Common Stock,NASDAQ,True,False
BLCN,Siren ETF Trust Siren NexGen Economy ETF,NASDAQ,True,False
DLPN,"Dolphin Entertainment, Inc. Common Stock",NASDAQ,True,False
ROG,Rogers Corporation,NYSE,True,True
LAZ,"Lazard, Inc.",NYSE,True,True
LMND,"Lemonade, Inc.",NYSE,True,True
LB,LandBridge Company LLC,NYSE,True,True
NTST,NetSTREIT Corp.,NYSE,True,True
SCHL,Scholastic Corporation Common Stock,NASDAQ,True,True
HBT,"HBT Financial, Inc. Common Stock",NASDAQ,True,True
OGS,"ONE GAS, INC.",NYSE,True,True
HDSN,"Hudson Technologies, Inc. Common Stock",NASDAQ,True,True
HEDG,Equable Shares Hedged Equity ETF,ARCA,True,True
PSA,Public Storage,NYSE,True,True
HUBS,"HUBSPOT, INC.",NYSE,True,True
MCR,MFS Charter Income Trust Shares of Beneficial Interest,NYSE,True,True
NATO,Themes ETF Trust Themes Transatlantic Defense ETF,NASDAQ,True,True
NBP,NovaBridge Biosciences American Depositary Shares,NASDAQ,True,True
NFJ,"Virtus Dividend, Interest & Premium Strategy Fund",NYSE,True,True
NFLY,YieldMax NFLX Option Income Strategy ETF,ARCA,True,True
PBD,Invesco Global Clean Energy ETF,ARCA,True,True
FGII,FG Imperii Acquisition Corp. Class A Ordinary Shares,NASDAQ,True,False
FORTY,Formula Systems (1985) Ltd. American Depositary Shares,NASDAQ,True,False
FOUR.PRA,"Shift4 Payments, Inc. 6.00% Series A Mandatory Convertible Preferred Stock",NYSE,True,False
EDTK,Skillful Craftsman Education Technology Limited Ordinary Share,NASDAQ,True,False
FRSX,Foresight Autonomous Holdings Ltd. American Depositary Shares,NASDAQ,True,False
GAB.PRH,THE GABELLI EQUITY TRUST INC. 5.00% Series H Cumulative Preferred Stock,NYSE,True,False
GAB.PRK,The Gabelli Equity Trust Inc. 5.00% Series K Cumulative Preferred Stock,NYSE,True,False
PDO,PIMCO Dynamic Income Opportunities Fund,NYSE,True,True
PJAN,Innovator U.S. Equity Power Buffer ETF - January,BATS,True,True
PTIR,GraniteShares ETF Trust GraniteShares 2x Long PLTR Daily ETF,NASDAQ,True,True
PUK,PRUDENTIAL PLC ADS (REP 2 ORD SHARES),NYSE,True,True
QDEF,FlexShares Quality Dividend Defensive Index Fund,ARCA,True,True
HPI,John Hancock Preferred Income Fund,NYSE,True,True
HYI,Western Asset High Yield Opportunity Fund Inc.,NYSE,True,True
MILN,Global X Funds Global X Millennial Consumer ETF,NASDAQ,True,True
IBDY,iShares iBonds Dec 2033 Term Corporate ETF,ARCA,True,True
KOS,Kosmos Energy Ltd.,NYSE,True,True
NXRT,NexPoint Residential Trust Inc,NYSE,True,True
SDG,iShares Trust iShares MSCI Global Sustainable Development Goals ETF,NASDAQ,True,True
KRC,Kilroy Realty Corp.,NYSE,True,True
HFGM,Unlimited HFGM Global Macro ETF,NYSE,True,True
GCTS.WS,"GCT Semiconductor Holding, Inc. Warrants, each whole warrant exercisable for one share of Common Stock at an exercise price of $11.50",NYSE,True,False
GDHG,Golden Heaven Group Holdings Ltd. Class A Ordinary Shares,NASDAQ,True,False
GL.PRD,Globe Life Inc. 4.25% Junior Subordinated Debentures due 2061,NYSE,True,False
GLED.RT,GalaxyEdge Acquisition Corporation Rights to receive one-fourth (1/4) of one ordinary share,NYSE,True,False
GLNDW,Greenland Energy Company Warrant,NASDAQ,True,False
GLXG,Galaxy Payroll Group Limited Class A Ordinary Shares,NASDAQ,True,False
GNL.PRA,"Global Net Lease, Inc. 7.25% Series A Cumulative Redeemable Preferred Stock, $0.01 par value per share",NYSE,True,False
GRDX,GridAI Technologies Corp. Common Stock,NASDAQ,True,False
GRRRW,Gorilla Technology Group Inc. Warrant,NASDAQ,True,False
IBB,iShares Biotechnology ETF,NASDAQ,True,True
LC,LendingClub Corporation,NYSE,True,True
OPFI,OppFi Inc.,NYSE,True,True
NUTX,Nutex Health Inc. Common Stock,NASDAQ,True,True
JCI,Johnson Controls International plc,NYSE,True,True
GXC,State Street SPDR S&P China ETF,ARCA,True,True
IQ,"iQIYI, Inc. American Depositary Shares",NASDAQ,True,True
LIF,"Life360, Inc. Common Stock",NASDAQ,True,True
LKFN,Lakeland Financial Corporation Common Stock,NASDAQ,True,True
LOB,"Live Oak Bancshares, Inc.",NYSE,True,True
HAL,Halliburton Company,NYSE,True,True
MQY,"Blackrock Muni Yield Quality Fund, Inc",NYSE,True,True
GSHRW,Gesher Acquisition Corp. II Warrants,NASDAQ,True,False
GTEN,"Gores Holdings X, Inc. Class A ordinary shares",NASDAQ,True,False
GTENW,"Gores Holdings X, Inc. Warrants",NASDAQ,True,False
GTERA,Globa Terra Acquisition Corporation Class A Ordinary Shares,NASDAQ,True,False
GTERU,Globa Terra Acquisition Corporation Units,NASDAQ,True,False
GTERW,Globa Terra Acquisition Corporation Warrants,NASDAQ,True,False
GUACU,Berto Acquisition Corp. II Unit,NASDAQ,True,False
GUT.PRC,Gabelli Utility Trust   5.375% Series C Cumulative Preferred Shares,NYSE,True,False
HIG.PRG,"The Hartford Insurance Group, Inc. Depositary Shares each representing a 1/1,000th interest in a share of 6.000% Non-Cumulative Preferred Stock, Series G, $0.01 par value",NYSE,True,False
MRCY,Mercury Systems Inc Common Stock,NASDAQ,True,True
HAS,"Hasbro, Inc. Common Stock",NASDAQ,True,True
HBM,Hudbay Minerals Inc.,NYSE,True,True
MWA,"Mueller Water Products, Inc.",NYSE,True,True
RMD,ResMed Inc.,NYSE,True,True
HEFA,iShares Currency Hedged MSCI EAFE ETF,BATS,True,True
HEGD,Swan Hedged Equity US Large Cap ETF,BATS,True,True
HEI.A,HEICO CORP CL A,NYSE,True,True
HELE,Helen of Troy Limited Common Stock,NASDAQ,True,True
HELO,JPMorgan Hedged Equity Laddered Overlay ETF,ARCA,True,True
HEPS,D-Market Electronic Services & Trading American Depositary Shares,NASDAQ,True,True
HESM,Hess Midstream LP Class A Share representing a limited partner Interest,NYSE,True,True
HOLOW,MicroCloud Hologram Inc. Warrant,NASDAQ,True,False
HOTH,"Hoth Therapeutics, Inc. Common Stock",NASDAQ,True,False
HQWWW,Horizon Quantum Holdings Ltd. Warrant,NASDAQ,True,False
HTCO,High-Trend International Group Class A Ordinary Shares,NASDAQ,True,False
HTFC,Horizon Technology Finance Corporation 6.25% Notes due 2027,NYSE,True,False
HWCPZ,Hancock Whitney Corporation 6.25% Subordinated Notes due 2060,NASDAQ,True,False
IBAC,IB Acquisition Corp. Common Stock,NASDAQ,True,False
HFFG,HF Foods Group Inc. Common Stock,NASDAQ,True,True
HG,"Hamilton Insurance Group, Ltd. Class B Common Shares",NYSE,True,True
PCVX,"Vaxcyte, Inc. Common Stock",NASDAQ,True,True
HIFS,Hingham Institution for Savings Common Stock,NASDAQ,True,True
HIMS,"Hims & Hers Health, Inc.",NYSE,True,True
HIMX,"Himax Technologies, Inc. American Depositary Shares",NASDAQ,True,True
HIPO,Hippo Holdings Inc.,NYSE,True,True
HITI,High Tide Inc. Common Shares,NASDAQ,True,True
HIVE,HIVE Digital Technologies Ltd. Common Shares,NASDAQ,True,True
HLIO,"Helios Technologies, Inc.",NYSE,True,True
HLIT,Harmonic Inc. Common Stock,NASDAQ,True,True
HLMN,Hillman Solutions Corp. Common Stock,NASDAQ,True,True
HLN,Haleon plc American Depositary Shares (Each representing two Ordinary Shares),NYSE,True,True
HPP,"Hudson Pacific Properties, Inc.",NYSE,True,True
HQY,"HealthEquity, Inc. Common Stock",NASDAQ,True,True
IBG,Innovation Beverage Group Limited Ordinary Shares,NASDAQ,True,False
IMPP,Imperial Petroleum Inc. Common Shares,NASDAQ,True,False
IMPPP,Imperial Petroleum Inc. 8.75% Series A Cumulative Redeemable Perpetual Preferred Shares,NASDAQ,True,False
IMTE,Integrated Media Technology Limited Ordinary Shares,NASDAQ,True,False
INAC,Indigo Acquisition Corp. Ordinary Shares,NASDAQ,True,False
INACR,Indigo Acquisition Corp. Right,NASDAQ,True,False
INBS,Intelligent Bio Solutions Inc. Common Stock,NASDAQ,True,False
GLP,Global Partners LP,NYSE,True,False
IVF,"INVO Fertility, Inc. Common Stock",NASDAQ,True,False
ICHR,Ichor Holdings Ordinary Shares,NASDAQ,True,True
IGE,iShares North American Natural Resources ETF,BATS,True,True
IGIB,iShares Trust iShares 5-10 Year Investment Grade Corporate Bond ETF,NASDAQ,True,True
IGLB,iShares 10+ Year Investment Grade Corporate Bond ETF,ARCA,True,True
IGLD,FT Vest Gold Strategy Target Income ETF,BATS,True,True
IGM,iShares Expanded Tech Sector ETF,ARCA,True,True
IHF,iShares U.S. Healthcare Providers ETF,ARCA,True,True
ITRI,"Itron, Inc. Common Stock",NASDAQ,True,True
ITUB,Itau Unibanco Holding S.A. American Depositary Shares,NYSE,True,True
IUSV,iShares Core S&P U.S. Value ETF,NASDAQ,True,True
IVOV,Vanguard S&P Mid-Cap 400 Value ETF,ARCA,True,True
IVR,Invesco Mortgage Capital Inc.,NYSE,True,True
IWM,iShares Russell 2000 ETF,ARCA,True,True
JPM.PRK,"JPMorgan Chase & Co. Depositary Shares, each representing a 1/400th interest in a share of 4.55% Non-Cumulative Preferred Stock, Series JJ",NYSE,True,False
KEY.PRK,"KeyCorp Depositary Shares, each representing a 1/40th ownership interest in a share of Fixed Rate Perpetual Non-Cumulative Preferred Stock, Series G",NYSE,True,False
KIDZ,"Classover Holdings, Inc. Class B Common Stock",NASDAQ,True,False
KIM.PRM,"Kimco Realty Corporation Class M Depositary Shares, each of which represents a one-one thousandth fractional interest in a share of 5.25% Class M Cumulative Redeemable Preferred Stock",NYSE,True,False
IWS,iShares Russell Mid-Cap Value ETF,ARCA,True,True
IWX,iShares Russell Top 200 Value ETF,ARCA,True,True
IWY,iShares Russell Top 200 Growth ETF,ARCA,True,True
IX,ORIX Corporation American Depositary Shares (each representing One (1) Share of Common Stock),NYSE,True,True
IXN,iShares Global Tech ETF,ARCA,True,True
LOCO,"El Pollo Loco Holdings, Inc. Common Stock",NASDAQ,True,True
LOGI,Logitech International S.A. Ordinary Shares,NASDAQ,True,True
LOPE,"Grand Canyon Education, Inc. Common Stock",NASDAQ,True,True
LOVE,The Lovesac Company Common Stock,NASDAQ,True,True
LOW,Lowe's Companies Inc.,NYSE,True,True
LPLA,LPL Financial Holdings Inc. Common Stock,NASDAQ,True,True
LPTH,"LightPath Technologies, Inc. Class A Common Stock",NASDAQ,True,True
LQDA,Liquidia Corporation Common Stock,NASDAQ,True,True
LQDT,"Liquidity Services, Inc. Common Stock",NASDAQ,True,True
LTC,"LTC Properties, Inc.",NYSE,True,True
MET.PRA,"Metlife, Inc. Floating Rate Non Cuml Series A",NYSE,True,False
LTH,"Life Time Group Holdings, Inc.",NYSE,True,True
MET.PRE,"MetLife, Inc. Depositary Shares, each representing a 1/1,000th interest in a share of 5.625% Non-Cumulative Preferred Stock, Series E",NYSE,True,False
MFA.PRB,"MFA Financial, Inc. 7.50% Series B Cumulative Redeemable Preferred Stock",NYSE,True,False
IPKW,Invesco Exchange-Traded Fund Trust II Invesco International BuyBack Achievers ETF,NASDAQ,True,False
IPM,Intelligent Protection Management Corp. Common Stock,NASDAQ,True,False
IPODU,Dune Acquisition Corporation II Units,NASDAQ,True,False
MITN,"TPG Mortgage Investment Trust, Inc. 9.500% Senior Notes due 2029",NYSE,True,False
MKC.V,"McCormick & Company, Incorporated Voting CS",NYSE,True,False
LTM,"LATAM Airlines Group S.A. American Depositary Shares (each representing two thousand (2,000) shares of Common Stock)",NYSE,True,True
LU,"Lufax Holding Ltd. American Depositary Shares, each representing two (2) Ordinary Shares",NYSE,True,True
LVHI,Franklin International Low Volatility High Dividend Index ETF,BATS,True,True
LVS,Las Vegas Sands Corp.,NYSE,True,True
LW,"Lamb Weston Holdings, Inc.",NYSE,True,True
LWLG,"Lightwave Logic, Inc. Common Stock",NASDAQ,True,True
LX,LexinFintech Holdings Ltd. American Depositary Shares,NASDAQ,True,True
LXFR,Luxfer Holdings PLC Ordinary Shares,NYSE,True,True
MAGX,Roundhill Daily 2X Long Magnificent Seven ETF,BATS,True,True
MAMA,"Mama's Creations, Inc. Common Stock",NASDAQ,True,True
MAZE,"Maze Therapeutics, Inc. Common Stock",NASDAQ,True,True
MSAIW,"MultiSensor AI Holdings, Inc. Warrant",NASDAQ,True,False
MTEX,"Mannatech, Incorporated Common Stock",NASDAQ,True,False
MTVA,MetaVia Inc. Common Stock,NASDAQ,True,False
MX,Magnachip Semiconductor Corp.,NYSE,True,False
MYND,"Mynd.ai, Inc. American Depositary Shares, each representing ten (10) Class A Ordinary Shares",AMEX,True,False
MBLY,Mobileye Global Inc. Class A Common Stock,NASDAQ,True,True
MBSD,FlexShares Disciplined Duration MBS Index Fund,ARCA,True,True
MBUU,"Malibu Boats, Inc. Class A Common Stock",NASDAQ,True,True
MBWM,Mercantile Bank Corporation Common Stock,NASDAQ,True,True
MCBS,"MetroCity Bankshares, Inc. Common Stock",NASDAQ,True,True
MCFT,"MasterCraft Boat Holdings, Inc. Common Stock",NASDAQ,True,True
MBB,iShares MBS ETF,NASDAQ,True,True
MCHP,Microchip Technology Incorporated Common Stock,NASDAQ,True,True
MD,"Pediatrix Medical Group, Inc.",NYSE,True,True
MDB,"MongoDB, Inc. Class A Common Stock",NASDAQ,True,True
MDGL,"Madrigal Pharmaceuticals, Inc. Common Stock",NASDAQ,True,True
MDLN,Medline Inc. Class A common stock,NASDAQ,True,True
MDLZ,"Mondelez International, Inc. Class A Common Stock",NASDAQ,True,True
MDXG,"MiMedx Group, Inc Common Stock",NASDAQ,True,True
MDY,State Street SPDR S&P MIDCAP 400 ETF Trust,ARCA,True,True
MDYG,State Street SPDR S&P 400 Mid Cap Growth ETF,ARCA,True,True
MDYV,State Street SPDR S&P 400 Mid Cap Value ETF,ARCA,True,True
MYSE,"Myseum.AI, Inc. Common Stock",NASDAQ,True,False
MYX,Maywood Acquisition Corp. 2 Class A Ordinary Share,NASDAQ,True,False
MZYX,MOZAYYX Acquisition Corp.,NYSE,True,False
MZYX.U,"MOZAYYX Acquisition Corp. Units, each consisting of one Class A ordinary share and one-quarter of one redeemable warrant",NYSE,True,False
MZYX.WS,"MOZAYYX Acquisition Corp. Redeemable warrants, each whole warrant exercisable for one Class A ordinary share at an exercise price of $11.50",NYSE,True,False
NBRG,Newbridge Acquisition Limited Class A Ordinary Share,NASDAQ,True,False
MEDP,"Medpace Holdings, Inc. Common Stock",NASDAQ,True,True
MEOH,Methanex Corporation Common Stock,NASDAQ,True,True
METC,"Ramaco Resources, Inc. Class A Common Stock",NASDAQ,True,True
MFA,"MFA Financial, Inc",NYSE,True,True
MFG,"Mizuho Financial Group, Inc. American Depositary Shares (Each representing one-fifth of an Ordinary Share)",NYSE,True,True
MFIC,MidCap Financial Investment Corporation Common Stock,NASDAQ,True,True
MGPI,"MGP Ingredients, Inc.",NASDAQ,True,True
MGRC,McGrath RentCorp Common Stock,NASDAQ,True,True
MGTX,MeiraGTx Holdings plc Ordinary Shares,NASDAQ,True,True
MGY,Magnolia Oil & Gas Corporation Class A Common Stock,NYSE,True,True
MICC,The Magnum Ice Cream Company N.V.,NYSE,True,True
MIDD,Middleby Corporation (The) Common Stock,NASDAQ,True,True
MINT,PIMCO Enhanced Short Maturity Active Exchange-Traded Fund,ARCA,True,True
MIRM,"Mirum Pharmaceuticals, Inc. Common Stock",NASDAQ,True,True
NNAVW,NextNav Inc. Warrant,NASDAQ,True,False
NRSNW,NeuroSense Therapeutics Ltd. Warrant,NASDAQ,True,False
NRT,North European Oil Royalty Trust,NYSE,True,False
NRUC,National Rural Utilities Cooperative Finance Corporation 5.500% Subordinated Notes due 2064 (Subordinated Deferrable Interest Notes),NYSE,True,False
NRXP,"NRX Pharmaceuticals, Inc. Common Stock",NASDAQ,True,False
NSPR,InspireMD Inc. Common Stock,NASDAQ,True,False
BLCK,Corgi Crypto Infrastructure ETF,BATS,True,False
BKT,BlackRock Income Trust Inc.,NYSE,True,False
MIST,Milestone Pharmaceuticals Inc. Common Shares,NASDAQ,True,True
MITK,"Mitek Systems, Inc. Common Stock",NASDAQ,True,True
MITT,"TPG Mortgage Investment Trust, Inc.",NYSE,True,True
MJ,Amplify Alternative Harvest ETF,ARCA,True,True
MKC,"McCormick & Company, Incorporated Non-VTG CS",NYSE,True,True
MKSI,MKS Inc. Common Stock,NASDAQ,True,True
MKTX,"MarketAxess Holdings, Inc. Common Stock",NASDAQ,True,True
MLCO,Melco Resorts & Entertainment Limited American Depositary Shares,NASDAQ,True,True
MLKN,"MillerKnoll, Inc. Common Stock",NASDAQ,True,True
MLPA,Global X MLP ETF,ARCA,True,True
MLPX,Global X MLP & Energy Infrastructure ETF,ARCA,True,True
MLTX,MoonLake Immunotherapeutics Class A Ordinary Shares,NASDAQ,True,True
MLYS,"Mineralys Therapeutics, Inc. Common Stock",NASDAQ,True,True
OBA,Oxley Bridge Acquisition Limited Class A Ordinary Shares,NASDAQ,True,False
OBAI,"Our Bond, Inc. Common Stock",NASDAQ,True,False
OBAWU,Oxley Bridge Acquisition Limited Unit,NASDAQ,True,False
ONEG,OneConstruction Group Limited Ordinary Shares,NASDAQ,True,False
OSRHW,"OSR Holdings, Inc. Warrant",NASDAQ,True,False
PACH,Pioneer Acquisition I Corp Class A Ordinary Shares,NASDAQ,True,False
PACHW,Pioneer Acquisition I Corp Warrants,NASDAQ,True,False
PBI.PRB,"PITNEY BOWES INC .6.70% Notes Due 2043,",NYSE,True,False
MMED,"MiniMed Group, Inc. Common Stock",NASDAQ,True,True
MMKT,Texas Capital Government Money Market ETF,NYSE,True,True
MMSI,"Merit Medical Systems, Inc. Common Stock",NASDAQ,True,True
MMT,MFS Multimarket Income Trust Shares of Beneficial Interest,NYSE,True,True
MNDY,monday.com Ltd. Ordinary Shares,NASDAQ,True,True
MPB,Mid Penn Bancorp Common Stock,NASDAQ,True,True
MPLT,"MapLight Therapeutics, Inc. Common Stock",NASDAQ,True,True
MPWR,"Monolithic Power Systems, Inc. Common Stock",NASDAQ,True,True
MQ,"Marqeta, Inc. Class A Common Stock",NASDAQ,True,True
IPOS,Renaissance International IPO ETF,ARCA,True,False
MRNA,"Moderna, Inc. Common Stock",NASDAQ,True,True
MRP,"Millrose Properties, Inc.",NYSE,True,True
MRTN,"Marten Transport, Ltd. Common Stock",NASDAQ,True,True
MRVI,"Maravai LifeSciences Holdings, Inc. Class A Common Stock",NASDAQ,True,True
MRX,Marex Group plc Ordinary Shares,NASDAQ,True,True
BKGI,BNY Mellon Global Infrastructure Income ETF,BATS,True,False
PFX,PhenixFIN Corporation Common Stock,NASDAQ,True,False
PHIO,Phio Pharmaceuticals Corp. Common Stock,NASDAQ,True,False
PHOE,Phoenix Asia Holdings Limited Ordinary Shares,NASDAQ,True,False
NCEL,NewcelX Ltd. Ordinary Shares,NASDAQ,True,False
PLMK,Plum Acquisition Corp. IV Class A Ordinary Shares,NASDAQ,True,False
MSBI,"Midland States Bancorp, Inc. Common Stock",NASDAQ,True,True
MSEX,Middlesex Water Company Common Stock,NASDAQ,True,True
MSFT,Microsoft Corporation Common Stock,NASDAQ,True,True
MSGE,Madison Square Garden Entertainment Corp.,NYSE,True,True
MSGS,Madison Square Garden Sports Corp.,NYSE,True,True
MSOS,AdvisorShares Pure US Cannabis ETF,ARCA,True,True
MTCH,"Match Group, Inc. Common Stock",NASDAQ,True,True
MTLS,Materialise NV American Depositary Shares,NASDAQ,True,True
MVST,"Microvast Holdings, Inc. Common Stock",NASDAQ,True,True
MXI,iShares Global Materials ETF,ARCA,True,True
MYGN,"Myriad Genetics, Inc. Common Stock",NASDAQ,True,True
MYN,"BLACKROCK MUNIYIELD NEW YORK QUALITY FUND, INC.",NYSE,True,True
MYRG,"MYR Group, Inc. Common Stock",NASDAQ,True,True
MZTI,The Marzetti Company Common Stock,NASDAQ,True,True
NAGE,"Niagen Bioscience, Inc. Common Stock",NASDAQ,True,True
NAIL,Direxion Daily Homebuilders & Supplies Bull 3X ETF,ARCA,True,True
NAUT,"Nautilus Biotechnology, Inc. Common Stock",NASDAQ,True,True
PLRZ,Polyrizon Ltd. Ordinary Shares,NASDAQ,True,False
PLSM,Pulsenmore Ltd. Ordinary Shares,NASDAQ,True,False
BKFI,BNY Mellon Active Core Bond ETF,ARCA,True,False
BKF,iShares MSCI BIC ETF,ARCA,True,False
PMT.PRA,PennyMac Mortgage Investment Trust 8.125% Series A Fixed-to-Floating Rate Cumulative Redeemable Preferred Shares of Beneficial Interest,NYSE,True,False
PMT.PRB,PennyMac Mortgage Investment Trust 8.00% Series B Fixed-to-Floating Rate Cumulative Redeemable Preferred Shares of Beneficial Interest,NYSE,True,False
PMT.PRC,PennyMac Mortgage Investment Trust 6.75% Series C Cumulative Redeemable Preferred Shares of Beneficial Interest,NYSE,True,False
PMTRW,Perimeter Acquisition Corp. I Warrant,NASDAQ,True,False
NAVN,"Navan, Inc. Class A Common Stock",NASDAQ,True,True
NB,NioCorp Developments Ltd. Common Stock,NASDAQ,True,True
NBBK,"NB Bancorp, Inc. Common Stock",NASDAQ,True,True
NBIS,Nebius Group N.V. Class A Ordinary Shares,NASDAQ,True,True
NBIX,"Neurocrine Biosciences, Inc. Common Stock",NASDAQ,True,True
NBOS,Neuberger Option Strategy ETF,ARCA,True,True
NBR,Nabors Industries Ltd.,NYSE,True,True
NBTB,NBT Bancorp Inc. Common Stock,NASDAQ,True,True
NCLH,Norwegian Cruise Line Holdings Ltd. Ordinary Shares,NYSE,True,True
NDSN,Nordson Corporation Common Stock,NASDAQ,True,True
NE,Noble Corporation plc,NYSE,True,True
NEAR,iShares Short Duration Bond Active ETF,BATS,True,True
NEO,"NeoGenomics, Inc. Common Stock",NASDAQ,True,True
RAAQ,Real Asset Acquisition Corp. Class A Ordinary Share,NASDAQ,True,False
RAAQU,Real Asset Acquisition Corp. Unit,NASDAQ,True,False
RADX,Radiopharm Theranostics Limited American Depositary Shares,NASDAQ,True,False
RANGU,Range Capital Acquisition Corp. Units,NASDAQ,True,False
RAY,Raytech Holding Limited Ordinary Shares,NASDAQ,True,False
RAYA,Erayak Power Solution Group Inc. Class A Ordinary Shares,NASDAQ,True,False
RC.PRE,Ready Capital Corporation 6.50% Series E Cumulative Redeemable Preferred Stock,NYSE,True,False
NEOG,Neogen Corporation Common Stock,NASDAQ,True,True
NFLX,"Netflix, Inc. Common Stock",NASDAQ,True,True
NFRA,FlexShares STOXX Global Broad Infrastructure Index Fund,ARCA,True,True
NG,NovaGold Resources Inc.,AMEX,True,True
NGEN,NervGen Pharma Corp. Common stock,NASDAQ,True,True
NGNE,Neurogene Inc. Common Stock,NASDAQ,True,True
NGVC,"NATURAL GROCERS BY VITAMIN COTTAGE, INC",NYSE,True,True
NHC,National Healthcare Corp.,AMEX,True,True
NIC,"Nicolet Bankshares,Inc.",NYSE,True,True
NICE,NICE Ltd American Depositary Shares,NASDAQ,True,True
NJR,New Jersey Resources Corp,NYSE,True,True
NMAI,Nuveen Multi-Asset Income Fund,NYSE,True,True
NMIH,NMI Holdings Inc. Common Stock,NASDAQ,True,True
NMRA,"Neumora Therapeutics, Inc. Common Stock",NASDAQ,True,True
NMRK,"Newmark Group, Inc. Class A Common Stock",NASDAQ,True,True
NN,NextNav Inc. Common Stock,NASDAQ,True,True
RCKTW,"Rocket Pharmaceuticals, Inc. Warrant",NASDAQ,True,False
REGCO,Regency Centers Corporation 5.875% Series B Cumulative Redeemable Preferred Stock,NASDAQ,True,False
REGCP,Regency Centers Corporation 6.25% Series A Cumulative Redeemable Preferred Stock,NASDAQ,True,False
REVB,"Revelation Biosciences, Inc. Common Stock",NASDAQ,True,False
NNDM,Nano Dimension Ltd. American Depositary Shares,NASDAQ,True,True
NOAH,Noah Holdings Limited American Depositary Shares (each representing five (5) Ordinary shares),NYSE,True,True
RGNT,Regentis Biomaterials Ltd.,AMEX,True,False
RGTIW,"Rigetti Computing, Inc. Warrants",NASDAQ,True,False
BPI,Grayscale Bitcoin Premium Income ETF,ARCA,True,False
RILYN,"BRC Group Holdings, Inc. 6.50% Senior Notes Due 2026",NASDAQ,True,False
NRDS,"NerdWallet, Inc. Class A Common Stock",NASDAQ,True,True
NRGV,"Energy Vault Holdings, Inc.",NYSE,True,True
NRIX,"Nurix Therapeutics, Inc. Common stock",NASDAQ,True,True
NBN,Northeast Bank Common Stock,NASDAQ,True,True
NSA,National Storage Affiliates Trust,NYSE,True,True
NTLA,"Intellia Therapeutics, Inc. Common Stock",NASDAQ,True,True
NTNX,"Nutanix, Inc. Class A Common Stock",NASDAQ,True,True
NTRA,"Natera, Inc. Common Stock",NASDAQ,True,True
NTSK,"Netskope, Inc. Class A Common Stock",NASDAQ,True,True
NUGT,Direxion Daily Gold Miners Index Bull 2X ETF,ARCA,True,True
NUKZ,Range Nuclear Renaissance Index ETF,ARCA,True,True
NULG,Nuveen ESG Large-Cap Growth ETF,BATS,True,True
RITM.PRF,Rithm Capital Corp. 8.750% Series F Fixed-Rate Reset Cumulative Redeemable Preferred Stock,NYSE,True,False
RITR,Reitar Logtech Holdings Limited Ordinary shares,NASDAQ,True,False
RIV.PRA,"RiverNorth Opportunities Fund, Inc. 6.00% Series A Perpetual Preferred Stock",NYSE,True,False
RMCO,Royalty Management Holding Corporation Class A Common Stock,NASDAQ,True,False
RMCOW,Royalty Management Holding Corporation Warrant,NASDAQ,True,False
RMSG,Real Messenger Corporation Ordinary Shares,NASDAQ,True,False
RNGTW,Range Capital Acquisition Corp II Warrants,NASDAQ,True,False
RNWWW,ReNew Energy Global plc Warrant,NASDAQ,True,False
RAL,Ralliant Corporation,NYSE,True,True
NUMG,Nuveen ESG Mid-Cap Growth ETF,BATS,True,True
NUSC,Nuveen ESG Small-Cap ETF,BATS,True,True
NUVB,Nuvation Bio Inc.,NYSE,True,True
OPK,"OPKO Health, Inc. Common Stock",NASDAQ,True,True
ORGO,Organogenesis Holdings Inc. Class A Common Stock,NASDAQ,True,True
ORI,Old Republic International Corporation,NYSE,True,True
ORIC,"Oric Pharmaceuticals, Inc. Common Stock",NASDAQ,True,True
ORLY,"O'Reilly Automotive, Inc. Common Stock",NASDAQ,True,True
OSBC,"Old Second Bancorp, Inc. Common Stock",NASDAQ,True,True
OSCR,"Oscar Health, Inc.",NYSE,True,True
OTEX,Open Text Corporation Common Shares,NASDAQ,True,True
IQDF,FlexShares International Quality Dividend Index Fund,ARCA,True,False
OTIS,Otis Worldwide Corporation,NYSE,True,True
SCCD,Sachem Capital Corp. 6.00% Notes due 2026,AMEX,True,False
SCHW.PRJ,"The Charles Schwab Corporation Depositary Shares, Each Representing a 1/40th Interest in a Share of 4.450% Non-Cumulative Perpetual Preferred Stock, Series J",NYSE,True,False
SCII,SC II Acquisition Corp. Class A ordinary share,NASDAQ,True,False
SCIIR,SC II Acquisition Corp. Rights,NASDAQ,True,False
SCPQU,Social Commerce Partners Corporation Unit,NASDAQ,True,False
BKEM,BNY Mellon Emerging Markets Equity ETF,ARCA,True,False
SEAL.PRB,Seapeak LLC 8.50% Series B Fixed-to-Floating Rate Cumulative Redeemable Perpetual Preferred Units,NYSE,True,False
OTTR,Otter Tail Corporation Common Stock,NASDAQ,True,True
OUNZ,VanEck Merk Gold ETF,ARCA,True,True
OUSA,ALPS O'Shares U.S. Quality Dividend ETF,ARCA,True,True
OVID,Ovid Therapeutics Inc. Common Stock,NASDAQ,True,True
OXY,Occidental Petroleum Corporation,NYSE,True,True
OZK,Bank OZK Common Stock,NASDAQ,True,True
PAA,"Plains All American Pipeline, L.P. Common Units representing Limited Partner Interests",NASDAQ,True,True
PAAA,PGIM AAA CLO ETF,ARCA,True,True
PAAS,Pan American Silver Corp.,NYSE,True,True
PACB,"Pacific Biosciences of California, Inc. Common Stock",NASDAQ,True,True
PACS,"PACS Group, Inc.",NYSE,True,True
PAG,"Penske Automotive Group, Inc.",NYSE,True,True
PAGS,PagSeguro Digital Ltd.,NYSE,True,True
PAHC,Phibro Animal Health Corporation Class A Common Stock,NASDAQ,True,True
PALI,"Palisade Bio, Inc. Common Stock",NASDAQ,True,True
SLXN,Silexion Therapeutics Corp Ordinary Shares,NASDAQ,True,False
SLXNW,Silexion Therapeutics Corp Warrant,NASDAQ,True,False
SNGX,"Soligenix, Inc. Common Stock",NASDAQ,True,False
BKCG,BNY Mellon Concentrated Growth ETF,ARCA,True,False
SNSE,"Sensei Biotherapeutics, Inc. Common Stock",NASDAQ,True,False
BANX,ArrowMark Financial Corp. Common Stock,NASDAQ,True,False
BKAG,BNY Mellon Core Bond ETF,ARCA,True,False
PALL,abrdn Physical Palladium Shares ETF,ARCA,True,True
PATK,"Patrick Industries, Inc. Common Stock",NASDAQ,True,True
PAX,Patria Investments Limited Class A Common Shares,NASDAQ,True,True
PAYO,Payoneer Global Inc. Common Stock,NASDAQ,True,True
PBH,Prestige Consumer Healthcare Inc.,NYSE,True,True
PBI,Pitney Bowes Inc.,NYSE,True,True
PBR,PETROLEO BRASILEIRO S.A.-PETROBRAS ADS (REP 1 COMMON SHARE),NYSE,True,True
PBR.A,Petroleo Brasileiro S.A.-Petrobras,NYSE,True,True
PBYI,Puma Biotechnology Inc Common Stock,NASDAQ,True,True
PCAR,PACCAR Inc. Common Stock,NASDAQ,True,True
PCEF,Invesco CEF Income Composite ETF,ARCA,True,True
PCF,High Income Securities Fund,NYSE,True,True
PCN,PIMCO Corporate & Income Strategy Fund,NYSE,True,True
PCY,Invesco Emerging Markets Sovereign Debt ETF,ARCA,True,True
PDBC,Invesco Actively Managed Exch-Traded Commodity Fd Tr Invesco Optimum Yield Diversified Commodity Strategy No K-1 ETF,NASDAQ,True,True
PDD,PDD Holdings Inc. American Depositary Shares,NASDAQ,True,True
SOGP,Sound Group Inc. American Depositary Shares,NASDAQ,True,False
HSPT,Horizon Space Acquisition II Corp. Ordinary share,NASDAQ,True,False
SOUL.RT,"Soulpower Acquisition Corporation Rights, each right entitling the holder to receive one-tenth (1/10) of one Class A Ordinary Share",NYSE,True,False
SOUL.U,"Soulpower Acquisition Corporation Units, each consisting of one Class A ordinary share and one right",NYSE,True,False
SSEAU,Starry Sea Acquisition Corp Unit,NASDAQ,True,False
SURG,"SurgePays, Inc. Common Stock",NASDAQ,True,False
PDFS,"PDF Solutions, Inc. Common Stock",NASDAQ,True,True
PDM,"Piedmont Realty Trust, Inc.",NYSE,True,True
PDT,John Hancock Premium Dividend Fund,NYSE,True,True
PDX,PIMCO Dynamic Income Strategy Fund,NYSE,True,True
PEB,Pebblebrook Hotel Trust,NYSE,True,True
PEO,"Adams Natural Resources Fund, Inc.",NYSE,True,True
PEPG,PepGen Inc. Common Stock,NASDAQ,True,True
PEY,Invesco Exchange-Traded Fund Trust Invesco High Yield Equity Dividend Achievers ETF,NASDAQ,True,True
PFGC,Performance Food Group Company,NYSE,True,True
PFL,PIMCO Income Strategy  Fund,NYSE,True,True
IQQQ,ProShares Trust Nasdaq-100 High Income ETF,NASDAQ,True,False
PFSI,"PennyMac Financial Services, Inc. Common Stock",NYSE,True,True
PG,Procter & Gamble Company,NYSE,True,True
PGC,Peapack-Gladstone Financial Corporation Common Stock,NASDAQ,True,True
PGEN,"Precigen, Inc. Common Stock",NASDAQ,True,True
SUUN,PowerBank Corporation Common Stock,NASDAQ,True,False
SVCC,Stellar V Capital Corp. Class A Ordinary Shares,NASDAQ,True,False
SVCCW,Stellar V Capital Corp. Warrant,NASDAQ,True,False
SVIVW,Spring Valley Acquisition Corp. IV Warrants,NASDAQ,True,False
SWKHL,SWK Holdings Corporation 9.00% Senior Notes due 2027,NASDAQ,True,False
SWVL,Swvl Holdings Corp Class A Common Shares,NASDAQ,True,False
SWVLW,Swvl Holdings Corp Warrant,NASDAQ,True,False
PGJ,Invesco Exchange-Traded Fund Trust Invesco Golden Dragon China ETF,NASDAQ,True,True
PGX,Invesco Preferred ETF,ARCA,True,True
PH,Parker-Hannifin Corporation,NYSE,True,True
PCTY,Paylocity Holding Corporation Common Stock,NASDAQ,True,True
PHAT,"Phathom Pharmaceuticals, Inc. Common Stock",NASDAQ,True,True
PHK,PIMCO High Income Fund,NYSE,True,True
PHO,Invesco Exchange-Traded Fund Trust Invesco Water Resources ETF,NASDAQ,True,True
PK,Park Hotels & Resorts Inc. Common Stock,NYSE,True,True
PKE,Park Aerospace Corp. Common Stock,NYSE,True,True
PL,Planet Labs PBC,NYSE,True,True
PLAY,"Dave & Buster's Entertainment, Inc. Common Stock",NASDAQ,True,True
PLBY,"Playboy, Inc. Common Stock",NASDAQ,True,True
PLMR,"Palomar Holdings, Inc. Common stock",NASDAQ,True,True
PLPC,Preformed Line Products Company Common Stock,NASDAQ,True,True
PLRX,"Pliant Therapeutics, Inc. Common Stock",NASDAQ,True,True
PLTK,Playtika Holding Corp. Common Stock,NASDAQ,True,True
TCPA,TransCanada PipeLines Limited 6.250% Junior Subordinated Notes due 2085,NYSE,True,False
SAIH,SAIHEAT Limited Class A Ordinary Shares,NASDAQ,True,False
TDAC,Translational Development Acquisition Corp. Ordinary Shares,NASDAQ,True,False
TELA,"TELA Bio, Inc. Common Stock",NASDAQ,True,False
TEN.PRE,"Tsakos Energy Navigation Limited Series E Fixed-to-Floating Rate Cumulative Redeemable Perpetual Preferred Shares, par value $1.00",NYSE,True,False
TEN.PRF,"Tsakos Energy Navigation Limited Series F Fixed-to-Floating Rate Cumulative Redeemable Perpetual Preferred Shares, par value $1.00",NYSE,True,False
TLIH,Ten-League International Holdings Limited Ordinary Shares,NASDAQ,True,False
TLNC,Talon Capital Corp. Class A Ordinary Shares,NASDAQ,True,False
PLTR,Palantir Technologies Inc. Class A Common Stock,NASDAQ,True,True
PLUG,"Plug Power, Inc. Common Stock",NASDAQ,True,True
IQSU,NYLI Candriam U.S. Large Cap Equity ETF,ARCA,True,False
PLX,"Protalix BioTherapeutics, Inc. Common Stock",AMEX,True,True
PM,Philip Morris International Inc.,NYSE,True,True
PML,PIMCO MUNICIPAL INCOME FUND II COMMON SHARES OF BENEFICIAL INT.,NYSE,True,True
PMMF,iShares Prime Money Market ETF,NYSE,True,True
PMO,Putnam Municipal Opportunities Trust,NYSE,True,True
PMT,PennyMac Mortgage Investment Trust,NYSE,True,True
PMVP,"PMV Pharmaceuticals, Inc. Common Stock",NASDAQ,True,True
PNBK,Patriot National Bancorp Inc. Common Stock,NASDAQ,True,True
PNFP,"Pinnacle Financial Partners, Inc.",NYSE,True,True
POST,"POST HOLDINGS, INC.",NYSE,True,True
TOVX,"Theriva Biologics, Inc.",AMEX,True,False
TOYO,"TOYO Co., Ltd Ordinary Shares",NASDAQ,True,False
TPCS,Techprecision Corporation Common Stock,NASDAQ,True,False
TPST,"Tempest Therapeutics, Inc. Common Stock",NASDAQ,True,False
TRAD.U,"APEX Tech Acquisition Inc. Units, each consisting of one Class A ordinary share and one right to receive one sixth (1/6) of a Class A ordinary share",NYSE,True,False
POWA,Invesco Bloomberg Pricing Power ETF,ARCA,True,True
POWI,"Power Integrations, Inc. Common Stock",NASDAQ,True,True
POWW,Outdoor Holding Company Common Stock,NASDAQ,True,True
PPA,Invesco Aerospace & Defense ETF,ARCA,True,True
PPC,Pilgrim's Pride Corporation Common Stock,NASDAQ,True,True
PPLT,abrdn Physical Platinum Shares ETF,ARCA,True,True
PPTA,Perpetua Resources Corp. Common Shares,NASDAQ,True,True
PR,Permian Resources Corporation,NYSE,True,True
PRAA,"PRA Group, Inc. Common Stock",NASDAQ,True,True
PRAX,"Praxis Precision Medicines, Inc. Common Stock",NASDAQ,True,True
PRCH,"Porch Group, Inc. Common Stock",NASDAQ,True,True
PRCT,PROCEPT BioRobotics Corporation Common Stock,NASDAQ,True,True
PRDO,Perdoceo Education Corporation Common Stock,NASDAQ,True,True
PREF,Principal Spectrum Preferred Securities Active ETF,ARCA,True,True
PRGS,Progress Software Corporation Common Stock (DE),NASDAQ,True,True
PRKS,United Parks & Resorts Inc.,NYSE,True,True
PSIX,"Power Solutions International, Inc. Common Stock",NASDAQ,True,True
BJAN,Innovator U.S. Equity Buffer ETF - January,BATS,True,False
TVACU,Texas Ventures Acquisition III Corp Unit,NASDAQ,True,False
TVE,"Tennessee Valley Authority Power Bonds 1999 Series A due May 1, 2029",NYSE,True,False
TVGN,Tevogen Bio Holdings Inc. Common Stock,NASDAQ,True,False
TVGNW,Tevogen Bio Holdings Inc. Warrant,NASDAQ,True,False
TWLV,Twelve Seas Investment Company III Class A Ordinary Shares,NASDAQ,True,False
UCFIW,CN Healthy Food Tech Group Corp. Warrant,NASDAQ,True,False
UCL,uCloudlink Group Inc. American Depositary Shares,NASDAQ,True,False
PSKY,Paramount Skydance Corporation Class B Common Stock,NASDAQ,True,True
PSLV,Sprott Physical Silver Trust,ARCA,True,True
PSQ,ProShares Short QQQ,ARCA,True,True
PSTL,"Postal Realty Trust, Inc",NYSE,True,True
PTC,PTC Inc. Common Stock,NASDAQ,True,True
PTCT,"PTC Therapeutics, Inc. Common Stock",NASDAQ,True,True
PTLO,Portillo's Inc. Class A Common Stock,NASDAQ,True,True
PTON,"Peloton Interactive, Inc. Class A Common Stock",NASDAQ,True,True
PTRN,Pattern Group Inc. Series A Common Stock,NASDAQ,True,True
PUBM,"PubMatic, Inc. Class A Common Stock",NASDAQ,True,True
PULS,PGIM Ultra Short Bond ETF,ARCA,True,True
PXE,Invesco Energy Exploration & Production ETF,ARCA,True,True
PXF,Invesco RAFI Developed Markets ex-U.S. ETF,ARCA,True,True
PXH,Invesco RAFI Emerging Markets ETF,ARCA,True,True
PYLD,PIMCO Multi Sector Bond Active ETF,ARCA,True,True
USB.PRA,U.S. Bancorp Depositary Shares (each representing a 1/100th interest in a share of Series A Non-Cumulative Preferred Stock),NYSE,True,False
USB.PRP,"U.S. Bancorp Depositary Shares each representing a 1/1,000th interest in a share of Series K Non-Cumulative Perpetual Preferred Stock",NYSE,True,False
STKE,Sol Strategies Inc. Common Shares,NASDAQ,True,False
USB.PRS,"U.S. Bancorp Depositary Shares, each representing a 1/1, 000th interest in a share of Series O Non- Cumulative Perpetual Preferred Stock",NYSE,True,False
BITW,Bitwise 10 Crypto Index ETF,ARCA,True,False
VEEE,Twin Vee PowerCats Co. Common Stock,NASDAQ,True,False
PYPL,"PayPal Holdings, Inc. Common Stock",NASDAQ,True,True
PYXS,"Pyxis Oncology, Inc. Common Stock",NASDAQ,True,True
QDEL,QuidelOrtho Corporation Common Stock,NASDAQ,True,True
ISCB,iShares Morningstar Small-Cap ETF,ARCA,True,False
QDTE,Roundhill Innovation-100 0DTE Covered Call Strategy ETF,BATS,True,True
QFLR,Innovator Nasdaq-100 Managed Floor ETF,ARCA,True,True
QQQ,"Invesco QQQ Trust, Series 1",NASDAQ,True,True
QQQI,NEOS ETF Trust NEOS Nasdaq 100 High Income ETF,NASDAQ,True,True
QRVO,"Qorvo, Inc. Common Stock",NASDAQ,True,True
QTRX,Quanterix Corporation Common Stock,NASDAQ,True,True
QUAL,iShares MSCI USA Quality Factor ETF,BATS,True,True
QURE,uniQure N.V. Ordinary Shares,NASDAQ,True,True
QUS,State Street SPDR MSCI USA StrategicFactors ETF,ARCA,True,True
QUSA,VistaShares Target 15 USA Quality Income ETF,ARCA,True,True
QVAL,EA Series Trust Alpha Architect U.S. Quantitative Value ETF,NASDAQ,True,True
QYLD,Global X Funds Global X NASDAQ-100 Covered Call ETF,NASDAQ,True,True
QYLG,Global X Funds Global X Nasdaq 100 Covered Call & Growth ETF,NASDAQ,True,True
RAMP,"LiveRamp Holdings, Inc. Common Stock",NYSE,True,True
REPL,"Replimune Group, Inc. Common Stock",NASDAQ,True,True
REPX,"Riley Exploration Permian, Inc.",AMEX,True,True
RERE,ATRenew Inc. American Depositary Shares (every three of which representing two Class A ordinary shares),NYSE,True,True
RGA,"Reinsurance Group of America, Incorporated",NYSE,True,True
ISCF,iShares International Small Cap Equity Factor ETF,ARCA,True,False
RGEN,Repligen Corporation Common Stock,NASDAQ,True,True
RGTI,"Rigetti Computing, Inc. Common Stock",NASDAQ,True,True
RHP,"Ryman Hospitality Properties, Inc",NYSE,True,True
RICK,"RCI Hospitality Holdings, Inc. Common Stock",NASDAQ,True,True
RIGL,"Rigel Pharmaceuticals, Inc. Common Stock",NASDAQ,True,True
RILY,"BRC Group Holdings, Inc. Common Stock",NASDAQ,True,True
RING,iShares MSCI Global Gold Miners Fund,NASDAQ,True,True
RIO,Rio Tinto plc,NYSE,True,True
RIOT,"Riot Platforms, Inc. Common Stock",NASDAQ,True,True
RITM,Rithm Capital Corp.,NYSE,True,True
RLJ,RLJ Lodging Trust,NYSE,True,True
RLMD,"Relmada Therapeutics, Inc. Common Stock",NASDAQ,True,True
RLTY,Cohen & Steers Real Estate Opportunities and Income Fund,NYSE,True,True
WPAC.RT,"White Pearl Acquisition Corp. Rights, each right entitles the holder to receive one-fifth of one Class A ordinary share upon consummation of the initial business combination",NYSE,True,False
WPAC.U,"White Pearl Acquisition Corp. Units, each consisting of one Class A ordinary share and one right to receive one-fifth (1/5) of one Class A ordinary share",NYSE,True,False
WPRT,Westport Fuel Systems Inc Common Shares,NASDAQ,True,False
WTFCN,"Wintrust Financial Corporation Depositary Shares, Each Representing a 1/1,000th Interest in a Share of 7.875% Fixed-Rate Reset Non-Cumulative Perpetual Preferred StocK",NASDAQ,True,False
WTGUU,Wintergreen Acquisition Corp. Unit,NASDAQ,True,False
WVVIP,"Willamette Valley Vineyards, Inc. Series A Redeemable Preferred Stock",NASDAQ,True,False
XAIR,"Beyond Air, Inc. Common Stock",NASDAQ,True,False
RLX,"RLX Technology Inc. American Depositary Shares, each representing the right to receive one (1) Class A ordinary share",NYSE,True,True
RMAX,"RE/MAX HOLDINGS, INC.",NYSE,True,True
RMNI,"Rimini Street, Inc. (DE) Common Stock",NASDAQ,True,True
RMR,The RMR Group Inc. Class A Common Stock,NASDAQ,True,True
RNW,ReNew Energy Global plc Class A Ordinary Shares,NASDAQ,True,True
ROBO,ROBO Global Robotics & Automation Index ETF,ARCA,True,True
ROCK,"Gibraltar Industries, Inc. Common Stock",NASDAQ,True,True
ROIV,Roivant Sciences Ltd. Common Shares,NASDAQ,True,True
ISCV,iShares Morningstar Small-Cap Value ETF,ARCA,True,False
ROOT,"Root, Inc. Class A Common Stock",NASDAQ,True,True
ROP,"Roper Technologies, Inc. Common Stock",NASDAQ,True,True
XRPN,Armada Acquisition Corp. II Class A Ordinary Shares,NASDAQ,True,False
XWEL,"XWELL, Inc. Common Stock",NASDAQ,True,False
YCBD,"cbdMD, Inc. Common Stock",AMEX,True,False
YCY.U,"AA Mission Acquisition Corp. II Units, each consisting of one Class A ordinary share and one-half of one warrant",NYSE,True,False
YYGH,YY Group Holding Limited Class A Ordinary Shares,NASDAQ,True,False
ZBAO,Zhibao Technology Inc. Class A Ordinary Shares,NASDAQ,True,False
ZEO,Zeo Energy Corporation Class A Common Stock,NASDAQ,True,False
ZEOWW,Zeo Energy Corporation Warrants,NASDAQ,True,False
ROST,"Ross Stores, Inc. Common Stock",NASDAQ,True,True
RPC,"Ridgepost Capital, Inc.",NYSE,True,True
RPD,"Rapid7, Inc. Common Stock",NASDAQ,True,True
RPRX,Royalty Pharma plc Class A Ordinary Shares,NASDAQ,True,True
RPT,Rithm Property Trust Inc.,NYSE,True,True
RPV,Invesco S&P 500 Pure Value ETF,ARCA,True,True
RQI,"COHEN & STEERS QUALITY INCOME REALTY FUND, INC. COMMON SHARES",NYSE,True,True
RR,Richtech Robotics Inc. Class B Common Stock,NASDAQ,True,True
RSPS,Invesco S&P 500 Equal Weight Consumer Staples ETF,ARCA,True,True
RSPT,Invesco S&P 500 Equal Weight Technology ETF,ARCA,True,True
RSSB,Return Stacked Global Stocks & Bonds ETF,BATS,True,True
RSVR,"Reservoir Media, Inc. Common Stock",NASDAQ,True,True
RTO,Rentokil Initial plc American Depositary Shares (each representing five (5) Ordinary Shares),NYSE,True,True
BITQ,Bitwise Crypto Industry Innovators ETF,ARCA,True,False
ALPMY,Astellas Pharma Inc Unsponsored ADR (Japan),OTC,True,False
EFTY,"Etoiles Capital Group Co., Ltd. Class A Ordinary Shares",NASDAQ,True,False
RUSHA,"Rush Enterprises, Inc. Common Stock Cl A",NASDAQ,True,True
RXRX,"Recursion Pharmaceuticals, Inc. Class A Common Stock",NASDAQ,True,True
RY,Royal Bank of Canada,NYSE,True,True
RYAAY,Ryanair Holdings plc American Depositary Shares,NASDAQ,True,True
SAIC,Science Applications International Corporation Common Stock,NASDAQ,True,True
SAIL,"SailPoint, Inc. Common Stock",NASDAQ,True,True
SANA,"Sana Biotechnology, Inc. Common Stock",NASDAQ,True,True
SANM,Sanmina Corporation Common Stock,NASDAQ,True,True
SATL,Satellogic Inc. Class A Common Stock,NASDAQ,True,True
SATS,EchoStar Corporation Common Stock,NASDAQ,True,True
SBAC,SBA Communications Corporation Class A Common Stock,NASDAQ,True,True
SBET,"SharpLink, Inc. Common Stock",NASDAQ,True,True
SBGI,"Sinclair, Inc. Class A Common Stock",NASDAQ,True,True
SBIL,Simplify Government Money Market ETF,ARCA,True,True
SBLK,Star Bulk Carriers Corp. Common Shares,NASDAQ,True,True
SBRA,"Sabra Health Care REIT, Inc. Common Stock",NASDAQ,True,True
SBS,COMPANHIA DE SANEAMENTO B SICO DO ESTADO DE SAO PAULO-SABESP ADS'S,NYSE,True,True
SBSW,"Sibanye-Stillwater American Depositary Shares, each representing four ordinary shares",NYSE,True,True
SCHB,Schwab U.S. Broad Market ETF,ARCA,True,True
BIOY,GraniteShares ETF Trust GraniteShares YieldBOOST Biotech ETF,NASDAQ,True,False
EFOI,"Energy Focus, Inc. Common Stock",NASDAQ,True,False
SCHC,Schwab International Small-Cap Equity ETF,ARCA,True,True
HCA,"HCA Healthcare, Inc.",NYSE,True,True
SCHD,Schwab US Dividend Equity ETF,ARCA,True,True
SCHM,Schwab U.S. Mid-Cap ETF,ARCA,True,True
SCHQ,Schwab Long-Term U.S. Treasury ETF,ARCA,True,True
SCHR,Schwab Intermediately-Term U.S. Treasury ETF,ARCA,True,True
SCHW,The Charles Schwab Corporation,NYSE,True,True
SCHX,Schwab U.S. Large- Cap ETF,ARCA,True,True
ISEP,Innovator International Developed Power Buffer ETF - September,ARCA,True,False
SCHY,Schwab International Dividend Equity ETF,ARCA,True,True
SCI,Service Corporation International,NYSE,True,True
SCJ,iShares MSCI Japan Small-Cap ETF,ARCA,True,True
SDGR,"Schrodinger, Inc. Common Stock",NASDAQ,True,True
SDHY,PGIM Short Duration High Yield Opportunities Fund,NYSE,True,True
SDOG,ALPS Sector Dividend Dogs ETF,ARCA,True,True
SDRL,Seadrill Limited,NYSE,True,True
SE,"Sea Limited American Depositary Shares, each representing one Class A Ordinary Share",NYSE,True,True
SEG,Seaport Entertainment Group Inc.,NYSE,True,True
SEI,"Solaris Energy Infrastructure, Inc.",NYSE,True,True
SEIC,SEI Investments Company Common Stock,NASDAQ,True,True
SELF,"Global Self Storage, Inc. Common Stock",NASDAQ,True,True
BIOX,Bioceres Crop Solutions Corp. Ordinary Shares,NASDAQ,True,False
XSLL,Xsolla SPAC 1 Class A Ordinary Shares,NASDAQ,True,False
CAMX,Cambiar Aggressive Value ETF,ARCA,True,False
BINV,Brandes International ETF,BATS,True,False
WEAV,"Weave Communications, Inc.",NYSE,True,True
SEVN,Seven Hills Realty Trust Common Stock,NASDAQ,True,True
SEZL,Sezzle Inc. Common Stock,NASDAQ,True,True
SFIX,"Stitch Fix, Inc. Class A Common Stock",NASDAQ,True,True
SFY,SoFi Select 500 ETF,ARCA,True,True
SGHC,Super Group (SGHC) Limited,NYSE,True,True
IPGP,IPG Photonics Corporation Common Stock,NASDAQ,True,True
ISSB,IncomeSTKd 1x US Stocks & 1x Bitcoin Premium ETF,BATS,True,False
LFST,"LifeStance Health Group, Inc. Common Stock",NASDAQ,True,True
IBIT,iShares Bitcoin Trust ETF Shares,NASDAQ,True,True
IBKR,"Interactive Brokers Group, Inc. Class A Common Stock",NASDAQ,True,True
IMRA,Bitwise MARA Option Income Strategy ETF,ARCA,True,True
ORLA,Orla Mining Ltd.,AMEX,True,True
RDY,Dr. Reddy's Laboratories Limited American Depositary Shares,NYSE,True,True
PNQI,Invesco Exchange-Traded Fund Trust Invesco Nasdaq Internet ETF,NASDAQ,True,True
QFIN,"Qfin Holdings, Inc. American Depositary Shares",NASDAQ,True,True
RA,Brookfield Real Assets Income Fund Inc.,NYSE,True,True
RDTY,Tidal Trust II YieldMax R2000 0DTE Covered Strategy ETF,NASDAQ,True,True
PSFE,Paysafe Limited,NYSE,True,True
HPS,John Hancock Preferred Income Fund III,NYSE,True,True
IAGG,iShares Core International Aggregate Bond Fund,BATS,True,True
KBWD,Invesco Exchange-Traded Fund Trust II Invesco KBW High Dividend Yield Financial ETF,NASDAQ,True,True
KEEL,Keel Infrastructure Corp. Common Stock,NASDAQ,True,True
KLRA,"Kailera Therapeutics, Inc. Common Stock",NASDAQ,True,True
LGIH,"LGI Homes, Inc. Common Stock",NASDAQ,True,True
LGLV,State Street SPDR US Large Cap Low Volatility Index ETF,ARCA,True,True
LI,Li Auto Inc. American Depositary Shares,NASDAQ,True,True
LIN,Linde plc Ordinary Shares,NASDAQ,True,True
LINC,Lincoln Educational Services Corporation Common Stock,NASDAQ,True,True
LIND,Lindblad Expeditions Holdings Inc. Common Stock,NASDAQ,True,True
LYB,LyondellBasell Industries N.V. Class A,NYSE,True,True
LYFT,"Lyft, Inc. Class A Common Stock",NASDAQ,True,True
MSM,"MSC Industrial Direct Co., Inc. Class A",NYSE,True,True
MSTR,Strategy Inc Common Stock Class A,NASDAQ,True,True
MTA,Metalla Royalty & Streaming Ltd.,AMEX,True,True
MTD,Mettler-Toledo International,NYSE,True,True
MTSI,"MACOM Technology Solutions Holdings, Inc. Common Stock",NASDAQ,True,True
SCHZ,Schwab US Aggregate Bond ETF,ARCA,True,True
MTUM,iShares MSCI USA Momentum Factor ETF,BATS,True,True
NIO,"NIO Inc. American depositary shares, each representing one Class A ordinary share",NYSE,True,True
BILT,iShares Infrastructure Active ETF,BATS,True,False
NIU,Niu Technologies American Depositary Shares,NASDAQ,True,True
NKTR,Nektar Therapeutics Common Stock,NASDAQ,True,True
NWG,"NatWest Group plc American Depositary Shares, (each representing two (2) Ordinary Shares)",NYSE,True,True
NXDT,NexPoint Diversified Real Estate Trust,NYSE,True,True
NXPI,NXP Semiconductors N.V. Common Stock,NASDAQ,True,True
NXST,"Nexstar Media Group, Inc. Common Stock",NASDAQ,True,True
OHI,Omega Healthcare Investors Inc.,NYSE,True,True
OII,Oceaneering International Inc.,NYSE,True,True
OKTA,"Okta, Inc. Class A Common Stock",NASDAQ,True,True
ITDC,iShares LifePath Target Date 2035 ETF,ARCA,True,False
OLMA,"Olema Pharmaceuticals, Inc. Common Stock",NASDAQ,True,True
OSG,"Octave Specialty Group, Inc.",NYSE,True,True
OSPN,OneSpan Inc. Common Stock,NASDAQ,True,True
OSUR,"OraSure Technologies, Inc. Common Stock",NASDAQ,True,True
PANW,"Palo Alto Networks, Inc. Common Stock",NASDAQ,True,True
PEBO,Peoples Bancorp Inc. Common Stock,NASDAQ,True,True
PECO,"Phillips Edison & Company, Inc. Common Stock",NASDAQ,True,True
PFF,iShares Trust iShares Preferred and Income Securities ETF,NASDAQ,True,True
PFFA,Virtus InfraCap U.S. Preferred Stock ETF,ARCA,True,True
PFG,Principal Financial Group Inc Common Stock,NASDAQ,True,True
PFN,PIMCO Income Strategy Fund II,NYSE,True,True
PGNY,"Progyny, Inc. Common Stock",NASDAQ,True,True
QQQD,Direxion Daily Magnificent 7 Bear 1X ETF,ARCA,True,True
QQQJ,Invesco Exchange-Traded Fund Trust II Invesco NASDAQ Next Gen 100 ETF,NASDAQ,True,True
REZ,iShares Residential and Multisector Real Estate ETF,ARCA,True,True
RGLD,"Royal Gold, Inc. Common Stock",NASDAQ,True,True
RGNX,REGENXBIO Inc. Common Stock,NASDAQ,True,True
SFM,"Sprouts Farmers Market, Inc. Common Stock",NASDAQ,True,True
SFNC,Simmons First National Corporation Class A Common Stock,NASDAQ,True,True
SFST,"Southern First Bancshares, Inc. Common Stock",NASDAQ,True,True
HNRG,Hallador Energy Company Common Stock,NASDAQ,True,True
KOF,"Coca-Cola FEMSA, S.A.B DE C.V",NYSE,True,True
KRE,State Street SPDR S&P Regional Banking ETF,ARCA,True,True
ISPY,ProShares S&P 500 High Income ETF,BATS,True,True
HBNC,"Horizon Bancorp, Inc. Common Stock",NASDAQ,True,True
HCSG,"Healthcare Services Group, Inc. Common Stock",NASDAQ,True,True
HGTY,"Hagerty, Inc.",NYSE,True,True
HHH,Howard Hughes Holdings Inc.,NYSE,True,True
HRI,Herc Holdings Inc.,NYSE,True,True
HTD,John Hancock Tax-Advantaged Dividend Income Fund,NYSE,True,True
HTFL,"Heartflow, Inc. Common Stock",NASDAQ,True,True
IBDU,iShares iBonds Dec 2029 Term Corporate ETF,ARCA,True,True
IBDW,iShares iBonds Dec 2031 Term Corporate ETF,ARCA,True,True
IBTH,iShares Trust iShares iBonds Dec 2027 Term Treasury ETF,NASDAQ,True,True
BILI,Bilibili Inc. American Depositary Shares,NASDAQ,True,False
BIGY,YieldMax Target 12 Big 50 Option Income ETF,ARCA,True,False
BIDG,Themes ETF Trust Leverage Shares 2X Long BIDU Daily ETF,NASDAQ,True,False
IBTO,iShares Trust iShares iBonds Dec 2033 Term Treasury ETF,NASDAQ,True,True
IBTP,iShares Trust iShares iBonds Dec 2034 Term Treasury ETF,NASDAQ,True,True
ICFI,"ICF International, Inc. Common Stock",NASDAQ,True,True
ITDE,iShares LifePath Target Date 2045 ETF,ARCA,True,False
IDRV,iShares Self-Driving EV and Tech ETF,ARCA,True,True
IDV,iShares International Select Dividend ETF,BATS,True,True
IDVO,Amplify CWP International Enhanced Dividend Income ETF,ARCA,True,True
IDXX,"IDEXX Laboratories, Inc. Common Stock",NASDAQ,True,True
IDYA,"IDEAYA Biosciences, Inc. Common Stock",NASDAQ,True,True
IEF,iShares 7-10 Year Treasury Bond ETF,NASDAQ,True,True
OPRX,OptimizeRx Corporation Common Stock,NASDAQ,True,True
ORR,EA Series Trust Militia Long/Short Equity ETF,NASDAQ,True,True
PDSB,PDS Biotechnology Corporation Common Stock,NASDAQ,True,True
PEG,Public Service Enterprise Group Incorporated,NYSE,True,True
IEI,iShares 3-7 Year Treasury Bond ETF,NASDAQ,True,True
IEMG,iShares Core MSCI Emerging Markets ETF,ARCA,True,True
IEP,"Icahn Enterprises, L.P. Common Stock",NASDAQ,True,True
PTY,PIMCO Corporate & Income Opportunity Fund,NYSE,True,True
IESC,"IES Holdings, Inc. Common Stock",NASDAQ,True,True
ADSEW,ADS-TEC ENERGY PLC Warrant,NASDAQ,True,False
EPAI,Harbor AI Inflection Strategy ETF,ARCA,True,False
AFGE,"American Financial Group, Inc. 4.500% Subordinated Debentures due 2060",NYSE,True,False
AIOS,AIOS Tech Inc. Class A Common Shares,NASDAQ,True,False
BIDD,iShares International Dividend Active ETF,ARCA,True,False
ALDFU,Aldel Financial II Inc. Units,NASDAQ,True,False
ALZN,"Alzamend Neuro, Inc. Common Stock",NASDAQ,True,False
AMCI,AMC Robotics Corporation Common Stock,NASDAQ,True,False
ARBB,ARB IOT Group Limited Ordinary Shares,NASDAQ,True,False
BRNS,Barinthus Biotherapeutics plc American Depositary Shares,NASDAQ,True,False
IETC,iShares U.S. Tech Independence Focused ETF,BATS,True,True
SDY,State Street SPDR S&P Dividend ETF,ARCA,True,True
IFF,International Flavors & Fragrances Inc.,NYSE,True,True
IFRA,iShares U.S. Infrastructure ETF,BATS,True,True
IGA,VOYA GLOBAL ADVANTAGE AND PREMIUM OPPORTUNITY FUND,NYSE,True,True
IHG,InterContinental Hotels Group Plc,NYSE,True,True
IHI,iShares U.S. Medical Devices ETF,ARCA,True,True
IHRT,"iHeartMedia, Inc. Class A Common Stock",NASDAQ,True,True
IIIV,"i3 Verticals, Inc. Class A Common Stock",NASDAQ,True,True
IIPR,"Innovative Industrial Properties, Inc. Common stock",NYSE,True,True
IJH,iShares Core S&P Mid-Cap ETF,ARCA,True,True
IVT,InvenTrust Properties Corp.,NYSE,True,True
IVV,iShares Core S&P 500 ETF,ARCA,True,True
BIBL,Inspire 100 ETF,ARCA,True,False
BTSGU,"BrightSpring Health Services, Inc. Tangible Equity Unit",NASDAQ,True,False
JSM,"Navient Corporation 6% Senior Notes due December 15, 2043",NASDAQ,True,False
KCA.U,"Kensington Capital Acquisition Corp. VI New Units, each consisting of one Class A Ordinary Share and three-quarters of one Class 2 Redeemable Warrant",NYSE,True,False
BIB,ProShares Trust ProShares Ultra Nasdaq Biotechnology,NASDAQ,True,False
KOYN,CSLM Digital Asset Acquisition Corp III Class A Ordinary Shares,NASDAQ,True,False
IVW,iShares S&P 500 Growth ETF,ARCA,True,True
IWD,iShares Russell 1000 Value ETF,ARCA,True,True
IWF,iShares Russell 1000 Growth ETF,ARCA,True,True
IYG,iShares U.S. Financial Services ETF,ARCA,True,True
IYRI,NEOS Real Estate High Income ETF,BATS,True,True
IZRL,ARK Israel Innovative Technology ETF,BATS,True,True
RZLT,"Rezolute, Inc. Common Stock (NV)",NASDAQ,True,True
PODD,Insulet Corporation Common Stock,NASDAQ,True,True
KDEF,PLUS Korea Defense Industry Index ETF,ARCA,True,True
IVES,Dan IVES Wedbush AI Revolution ETF,ARCA,True,True
IVLU,iShares MSCI Intl Value Factor ETF,ARCA,True,True
HAFC,Hanmi Financial Corporation Common Stock,NASDAQ,True,True
HALO,"Halozyme Therapeutics, Inc. Common Stock",NASDAQ,True,True
HASI,"HA Sustainable Infrastructure Capital, Inc.",NYSE,True,True
HBAN,Huntington Bancshares Incorporated Common Stock,NASDAQ,True,True
HCAT,"Health Catalyst, Inc Common Stock",NASDAQ,True,True
BHYP,Bitwise Hyperliquid ETF,ARCA,True,False
LEE,"Lee Enterprises, Incorporated Common Stock",NASDAQ,True,False
LEGT,Legato Merger Corp. III,AMEX,True,False
LGVN,Longeveron Inc. Class A Common Stock,NASDAQ,True,False
LHAI,Linkhome Holdings Inc. Common stock,NASDAQ,True,False
LIEN,"Chicago Atlantic BDC, Inc. Common Stock",NASDAQ,True,False
LIFE,Ethos Technologies Inc. Class A Common Stock,NASDAQ,True,False
LINK,"Interlink Electronics, Inc. Common Stock",NASDAQ,True,False
MBAI,Check-Cap Ltd. Ordinary Share,NASDAQ,True,False
MEVOU,M Evo Global Acquisition Corp II Units,NASDAQ,True,False
HDV,iShares Core High Dividend ETF,ARCA,True,True
HTHT,H World Group Limited American Depositary Shares,NASDAQ,True,True
HYLB,Xtrackers USD High Yield Corporate Bond ETF,ARCA,True,True
HYLN,Hyliion Holdings Corp.,AMEX,True,True
HYMC,Hycroft Mining Holding Corporation Class A Common Stock,NASDAQ,True,True
IMCB,iShares Morningstar Mid-Cap ETF,ARCA,True,True
LUNR,"Intuitive Machines, Inc. Class A Common Stock",NASDAQ,True,True
LUXE,"LuxExperience B.V. American Depositary Shares, each representing one Ordinary Share",NYSE,True,True
MANH,"Manhattan Associates, Inc. Common Stock",NASDAQ,True,True
MNST,Monster Beverage Corporation,NASDAQ,True,True
MNTK,"Montauk Renewables, Inc. Common Stock",NASDAQ,True,True
KO,Coca-Cola Company,NYSE,True,True
PGAC,Pantages Capital Acquisition Corporation Class A Ordinary Shares,NASDAQ,True,False
REE,REE Automotive Ltd. Class A Ordinary Shares,NASDAQ,True,False
RENX,RenX Enterprises Corp. Common Stock,NASDAQ,True,False
RITM.PRA,Rithm Capital Corp.7.50% Series A Fixed-to-Floating Rate Cumulative Redeemable Preferred Stock,NYSE,True,False
RITM.PRB,Rithm Capital Corp. 7.125% Series B Fixed-to-Floating Rate Cumulative Redeemable Preferred Stock,NYSE,True,False
RITM.PRD,Rithm Capital Corp. 7.00% Fixed-Rate Reset Series D Cumulative Redeemable Preferred Stock,NYSE,True,False
RLYB,Rallybio Corporation Common Stock,NASDAQ,True,False
RMIX,"Suncrete, Inc. Class A Common Stock",NASDAQ,True,False
RNAZ,"TransCode Therapeutics, Inc. Common Stock",NASDAQ,True,False
IXUS,iShares Core MSCI Total International Stock ETF,NASDAQ,True,True
JHG,Janus Henderson Group plc Ordinary Shares,NYSE,True,True
JHX,James Hardie Industries plc,NYSE,True,True
JJSF,J & J Snack Foods Corp. Common Stock,NASDAQ,True,True
HY,"Hyster-Yale, Inc.",NYSE,True,True
JKHY,"Jack Henry & Associates, Inc. Common Stock",NASDAQ,True,True
LAND,Gladstone Land Corporation Common Stock,NASDAQ,True,True
LKFT,Lakefront Biotherapeutics American Depositary Shares,NASDAQ,True,True
LRCX,Lam Research Corporation Common Stock,NASDAQ,True,True
IWN,iShares Russell 2000 Value ETF,ARCA,True,True
LSAK,"Lesaka Technologies, Inc. Common Stock",NASDAQ,True,True
MOO,VanEck Agribusiness ETF,ARCA,True,True
SCHW.PRD,"Charles Schwab Corporation Depositary Shares each representing 1/40th interest in a share of 5.95% Non-Cumulative Perpetual Preferred Stock, Series D",NYSE,True,False
SSACU,SPACSphere Acquisition Corp. Unit,NASDAQ,True,False
SSSSL,SuRo Capital Corp. 6.00% Notes due 2026,NASDAQ,True,False
SST,"System1, Inc.",NYSE,True,False
BHYB,Xtrackers USD High Yield BB-B ex Financials ETF,BATS,True,False
AQB,"AquaBounty Technologies, Inc. Common Stock",NASDAQ,True,False
BHV,BlackRock Virginia Muni Bond Trust,NYSE,True,False
BHDG,Tidal Trust II Nicholas Bitcoin Tail ETF,NASDAQ,True,False
BGM,BGM Group Ltd. Class A Ordinary Shares,NASDAQ,True,False
GXO,"GXO Logistics, Inc.",NYSE,True,True
NTRS,Northern Trust Corporation Common Stock,NASDAQ,True,True
HE,"Hawaiian Electric Industries, Inc.",NYSE,True,True
IGF,iShares Global Infrastructure ETF,NASDAQ,True,True
NIKL,Sprott Funds Trust Sprott Nickel Miners ETF,NASDAQ,True,True
OSCV,Opus Small Cap Value ETF,BATS,True,True
OWL,Blue Owl Capital Inc.,NYSE,True,True
MGV,Vanguard Mega Cap  Value ETF,ARCA,True,True
RM,REGIONAL MANAGEMENT CORP,NYSE,True,True
RTX,RTX Corporation,NYSE,True,True
SCHO,Schwab Short-Term U.S. Treasury ETF,ARCA,True,True
PRI,"PRIMERICA, INC.",NYSE,True,True
INMD,InMode Ltd. Ordinary Shares,NASDAQ,True,True
LOAR,Loar Holdings Inc.,NYSE,True,True
PCOR,"Procore Technologies, Inc.",NYSE,True,True
HSLV,Highlander Silver Corp.,AMEX,True,True
PONOR,"Pono Capital Four, Inc. Rights",NASDAQ,True,False
BGIN,Bgin Blockchain Limited Class A Ordinary Shares,NASDAQ,True,False
JACS,Jackson Acquisition Company II,NYSE,True,False
WLIIU,Willow Lane Acquisition Corp. II Unit,NASDAQ,True,False
YCY,AA Mission Acquisition Corp. II,NYSE,True,False
GLIX,Lazard Listed Infrastructure ETF,ARCA,True,False
ADAMH,"Adamas Trust, Inc. 9.875% Senior Notes Due 2030",NASDAQ,True,False
GCOW,Pacer Global Cash Cows Dividend ETF,BATS,True,False
ITOC,iTonic Holdings Ltd Class A Ordinary Shares,NASDAQ,True,False
BGH,Barings Global Short Duration High Yield Fund,NYSE,True,False
BFRZ,Innovator Equity Managed 100 Buffer ETF,ARCA,True,False
KROS,"Keros Therapeutics, Inc. Common Stock",NASDAQ,True,True
LEU,Centrus Energy Corp.,NYSE,True,True
MCK,McKesson Corporation,NYSE,True,True
IAU,iShares Gold Trust,ARCA,True,True
KMT,Kennametal Inc.,NYSE,True,True
RSKD,Riskified Ltd.,NYSE,True,True
PGF,Invesco Financial Preferred ETF,ARCA,True,True
SB,"Safe Bulkers, Inc.",NYSE,True,True
HCC,"Warrior Met Coal, Inc.",NYSE,True,True
H,Hyatt Hotels Corporation,NYSE,True,True
IAUX,i-80 Gold Corp.,AMEX,True,True
JSI,Janus Henderson Securitized Income ETF,ARCA,True,True
BFOC,FT Vest Bitcoin Strategy Floor15 ETF - October,ARCA,True,False
SBUX,Starbucks Corporation Common Stock,NASDAQ,True,True
PCG,PG&E Corporation,NYSE,True,True
BFLB,BufferLABS US Equity Dynamic Buffer ETF,BATS,True,False
FCBD,Frontier Asset Core Bond ETF,ARCA,True,False
EVCM,EverCommerce Inc. Common Stock,NASDAQ,True,False
BFJL,FT Vest Bitcoin Strategy Floor15 ETF - July,ARCA,True,False
IVOG,Vanguard S&P Mid-Cap 400 Growth ETF,ARCA,True,True
HUT,Hut 8 Corp. Common Stock,NASDAQ,True,True
INGM,Ingram Micro Holding Corporation,NYSE,True,True
KEP,Korea Electric Power Corp,NYSE,True,True
HP,"Helmerich & Payne, Inc.",NYSE,True,True
MOMO,Hello Group Inc. American Depositary Shares,NASDAQ,True,True
MORT,VanEck Mortgage REIT Income ETF,ARCA,True,True
RCI,"Rogers Communications, Inc.",NYSE,True,True
RSP,Invesco S&P 500 Equal Weight ETF,ARCA,True,True
IJK,iShares S&P Mid-Cap 400 Growth ETF,ARCA,True,True
IJR,iShares Core S&P Small-Cap ETF,ARCA,True,True
IJS,iShares S&P Small-Cap 600 Value ETF,ARCA,True,True
IJT,iShares S&P SmallCap 600 Growth ETF,NASDAQ,True,True
IKT,"Inhibikase Therapeutics, Inc. Common Stock",NASDAQ,True,True
ILF,iShares Latin America 40 ETF,ARCA,True,True
ILMN,"Illumina, Inc. Common Stock",NASDAQ,True,True
ITOT,iShares Core S&P Total U.S. Stock Market ETF,ARCA,True,True
NOBL,ProShares S&P 500 Dividend Aristocrats ETF,BATS,True,True
ADAMI,"Adamas Trust, Inc. 9.125% Senior Notes Due 2029",NASDAQ,True,False
BFJA,FT Vest Bitcoin Strategy Floor15 ETF - January,ARCA,True,False
BFEW,FT Vest Laddered U.S. Equity Equal Weight Buffer ETF,BATS,True,False
AACIW,Armada Acquisition Corp. III Warrant,NASDAQ,True,False
ANG.PRD,"American National Group Inc. Depositary Shares, each representing a 1/1000th interest in a share of 7.375% Fixed-Rate Non-Cumulative Preferred Stock, Series D",NYSE,True,False
DYLD,LeaderShares Dynamic Yield ETF,ARCA,True,False
NOC,Northrop Grumman Corp.,NYSE,True,True
NOMD,Nomad Foods Limited,NYSE,True,True
NOW,"SERVICENOW, INC.",NYSE,True,True
NP,Neptune Insurance Holdings Inc.,NYSE,True,True
NPCE,"Neuropace, Inc. Common Stock",NASDAQ,True,True
PRTH,"Priority Technology Holdings, Inc. Common Stock",NASDAQ,True,True
PRU,"Prudential Financial, Inc.",NYSE,True,True
PSF,COHEN & STEERS SELECT PREFERRED AND INCOME FUND,NYSE,True,True
PSI,Invesco Semiconductors ETF,ARCA,True,True
RBA,"RB Global, Inc.",NYSE,True,True
ROKU,"Roku, Inc. Class A Common Stock",NASDAQ,True,True
RMBS,Rambus Inc. Common Stock,NASDAQ,True,True
IMTX,Immatics N.V. Ordinary Shares,NASDAQ,True,True
JBL,Jabil Inc.,NYSE,True,True
MTDR,MATADOR RESOURCES COMPANY,NYSE,True,True
MTX,Minerals Technologies Inc,NYSE,True,True
NBIZ,Tradr 2X Short NBIS Daily ETF,BATS,True,True
BFAP,FT Vest Bitcoin Strategy Floor15 ETF - April,ARCA,True,False
FEBO,Fenbo Holdings Limited Class A Ordinary Shares,NASDAQ,True,False
NYT,New York Times Co.,NYSE,True,True
DTEC,ALPS Disruptive Technologies ETF,ARCA,True,False
FDAT,Tactical Advantage ETF,ARCA,True,False
BEX,Tradr 2X Long BE Daily ETF,BATS,True,False
BETZ,Roundhill Sports Betting & iGaming ETF,ARCA,True,False
NRIM,Northrim BanCorp Inc Common Stock,NASDAQ,True,True
PLAB,"Photronics, Inc. Common Stock",NASDAQ,True,True
IQMM,ProShares GENIUS Money Market ETF,ARCA,True,True
HEDJ,WisdomTree Europe Hedged Equity Fund,ARCA,True,True
LGH,HCM Defender 500 Index ETF,ARCA,True,True
HYZD,WisdomTree Trust WisdomTree Interest Rate Hedged High Yield Bond Fund,NASDAQ,True,True
IRWD,"Ironwood Pharmaceuticals, Inc. Class A Common Stock",NASDAQ,True,True
IBDX,iShares iBonds Dec 2032 Term Corporate ETF,ARCA,True,True
IBHG,iShares iBonds 2027 Term High Yield and Income ETF,BATS,True,True
IBM,International Business Machines Corporation,NYSE,True,True
IBOC,International Bancshares Corporation Common Stock,NASDAQ,True,True
IBP,"INSTALLED BUILDING PRODUCTS, INC.",NYSE,True,True
ICOP,iShares Trust iShares Copper and Metals Mining ETF,NASDAQ,True,True
ICSH,iShares Ultra Short Duration Bond Active ETF,BATS,True,True
ITDF,iShares LifePath Target Date 2050 ETF,ARCA,True,False
BETR,Better Home & Finance Holding Company Class A Common Stock,NASDAQ,True,False
BETE,ProShares Bitcoin & Ether Equal Weight ETF,ARCA,True,False
BERZ,MicroSectors FANG & Innovation -3x Inverse Leveraged ETN,ARCA,True,False
CMIIW,Columbus Circle Capital Corp II Warrant,NASDAQ,True,False
BENJ,Horizon Landmark ETF,ARCA,True,False
BEMB,iShares J.P. Morgan Broad USD Emerging Markets Bond ETF,BATS,True,False
ARKI,ARK DIET Q2 Buffer ETF,BATS,True,False
BELT,BlackRock ETF Trust iShares U.S. Select Equity Active ETF,NASDAQ,True,False
BEGS,Rareview 2x Bull Cryptocurrency & Precious Metals ETF,BATS,True,False
IDCC,"InterDigital, Inc. Common Stock",NASDAQ,True,True
IDEV,iShares Core MSCI International Developed Markets ETF,ARCA,True,True
IDMO,Invesco S&P International Developed Momentum ETF,ARCA,True,True
IDR,"Idaho Strategic Resources, Inc.",AMEX,True,True
JBI,"Janus International Group, Inc.",NYSE,True,True
JBIO,"Jade Biosciences, Inc. Common Stock",NASDAQ,True,True
JBLU,JetBlue Airways Corporation Common Stock,NASDAQ,True,True
JCPB,JPMorgan Core Plus Bond ETF,ARCA,True,True
JPC,Nuveen Preferred & Income Opportunities Fund,NYSE,True,True
KOPN,Kopin Corporation Common Stock,NASDAQ,True,True
KREF,KKR Real Estate Finance Trust Inc.,NYSE,True,True
KRRO,"Korro Bio, Inc. Common Stock",NASDAQ,True,True
LENZ,"LENZ Therapeutics, Inc. Common Stock",NASDAQ,True,True
BEG,Themes ETF Trust Leverage Shares 2x Long BE Daily ETF,NASDAQ,True,False
AIIA,AI Infrastructure Acquisition Corp.,NYSE,True,False
AGNCN,"AGNC Investment Corp. Depositary Shares Each Representing a 1/1,000th Interest in a Share of 7.00% Series C Fixed-To-Floating Rate Cumulative Redeemable Preferred Stock",NASDAQ,True,False
BEEZ,EA Series Trust Honeytree U.S. Equity ETF,NASDAQ,True,False
LEVI,Levi Strauss & Co. Class A Common Stock,NYSE,True,True
LGI,Lazard Global Total Return & Income Fund,NYSE,True,True
LGND,Ligand Pharmaceuticals Incorporated Common Stock,NASDAQ,True,True
LHX,"L3Harris Technologies, Inc.",NYSE,True,True
MAR,Marriott International Class A Common Stock,NASDAQ,True,True
MARA,"MARA Holdings, Inc. Common Stock",NASDAQ,True,True
MASI,Masimo Corporation Common Stock,NASDAQ,True,True
MASS,908 Devices Inc. Common Stock,NASDAQ,True,True
MAT,"Mattel, Inc. Common Stock",NASDAQ,True,True
MATW,Matthews International Corporation Class A Common Stock,NASDAQ,True,True
MTUS,Metallus Inc.,NYSE,True,True
MUC,"BLACKROCK MUNIHOLDINGS CALIFORNIA QUALITY FUND, INC",NYSE,True,True
MUFG,"Mitsubishi UFJ Financial Group, Inc.",NYSE,True,True
NESR,National Energy Services Reunited Corp Ordinary Shares,NASDAQ,True,True
NET,"Cloudflare, Inc. Class A common stock, par value $0.001 per share",NYSE,True,True
NEWT,"NewtekOne, Inc. Common Stock",NASDAQ,True,True
NEXN,Nexxen International Ltd. Ordinary Shares,NASDAQ,True,True
NEXT,NextDecade Corporation Common Stock,NASDAQ,True,True
MTRN,Materion Corporation,NYSE,True,True
CCIXW,Churchill Capital Corp IX Warrant,NASDAQ,True,False
BEEX,Tidal Trust III The Beehive ETF,NASDAQ,True,False
BDYN,BlackRock ETF Trust iShares Dynamic Equity Active ETF,NASDAQ,True,False
CBRG,Leverage Shares 2X Long CBRS Daily ETF,BATS,True,False
BYND,"Beyond Meat, Inc. Common Stock",NASDAQ,True,False
LARK,Landmark Bancorp Inc. Common Stock,NASDAQ,True,False
SVIVU,Spring Valley Acquisition Corp. IV Units,NASDAQ,True,True
PRIF.PRD,"Priority Income Fund, Inc. 7.00% Series D Term Preferred Stock due 2029",NYSE,True,False
RVMD,"Revolution Medicines, Inc. Common Stock",NASDAQ,True,True
RWL,Invesco S&P 500 Revenue ETF,ARCA,True,True
RWO,State Street SPDR Dow Jones Global Real Estate ETF,ARCA,True,True
RWR,State Street SPDR Dow Jones REIT ETF,ARCA,True,True
SCHF,Schwab International Equity ETF,ARCA,True,True
SCHG,Schwab U.S. Large-Cap Growth ETF,ARCA,True,True
SCHI,Schwab 5-10 Year Corporate Bond ETF,ARCA,True,True
SCO,ProShares UltraShort Bloomberg Crude Oil,ARCA,True,True
SCZ,iShares MSCI EAFE Small-Cap ETF,NASDAQ,True,True
SCZM,Santacruz Silver Mining Ltd. Common Shares,NASDAQ,True,True
HEWJ,iShares Currency Hedged MSCI Japan ETF,ARCA,True,True
PARR,"Par Pacific Holdings, Inc. Common Stock",NYSE,True,True
PRME,"Prime Medicine, Inc. Common Stock",NASDAQ,True,True
PRQR,ProQR Therapeutics N.V. Ordinary Shares,NASDAQ,True,True
QBTS,D-Wave Quantum Inc.,NYSE,True,True
PRFX,PRF Technologies Ltd. Ordinary Shares,NASDAQ,True,False
BDRY,Breakwave Dry Bulk Shipping ETF,ARCA,True,False
BDIV,AAM Brentview Dividend Growth ETF,ARCA,True,False
QCOM,QUALCOMM Incorporated Common Stock,NASDAQ,True,True
IG,Principal Investment Grade Corporate Active ETF,BATS,True,True
ILCG,iShares Morningstar Growth ETF,ARCA,True,True
RAFE,PIMCO RAFI ESG U.S. ETF,ARCA,True,True
PURR,Hyperliquid Strategies Inc Common Stock,NASDAQ,True,True
MO,"Altria Group, Inc.",NYSE,True,True
NSP,"Insperity, Inc",NYSE,True,True
PEGA,Pegasystems Inc. Common Stock,NASDAQ,True,True
PRLB,"PROTO LABS, INC.",NYSE,True,True
IRMD,iRadimed Corporation Common Stock,NASDAQ,True,True
IYZ,iShares U.S. Telecommunications ETF,BATS,True,True
JAPN,Listed Funds Trust Horizon Kinetics Japan Owner Operator ETF,NASDAQ,True,True
KRNY,Kearny Financial Corp Common Stock,NASDAQ,True,True
QQQH,NEOS ETF Trust NEOS Nasdaq-100 Hedged Equity Income ETF,NASDAQ,True,True
QWLD,State Street SPDR MSCI World StrategicFactors ETF,ARCA,True,True
RWX,State Street SPDR Dow Jones International Real Estate ETF,ARCA,True,True
PTNQ,Pacer Funds Trust Pacer Trendpilot 100 ETF,NASDAQ,True,True
ROBT,First Trust Exchange-Traded Fund VI First Trust Nasdaq Artificial Intelligence and Robotics ETF,NASDAQ,True,True
KCE,State Street SPDR S&P Capital Markets ETF,ARCA,True,True
KDP,Keurig Dr Pepper Inc. Common Stock,NASDAQ,True,True
BCPL,BNY Mellon Core Plus ETF,ARCA,True,False
MNKD,MannKind Corporation Common Stock,NASDAQ,True,True
MNRO,"Monro, Inc. Common Stock",NASDAQ,True,True
MOAT,VanEck Morningstar Wide Moat ETF,BATS,True,True
MOD,Modine Manufacturing Co,NYSE,True,True
MOH,"Molina Healthcare, Inc.",NYSE,True,True
NTB,The Bank of N.T. Butterfield & Son Limited,NYSE,True,True
NTES,"NetEase, Inc. American Depositary Shares",NASDAQ,True,True
ON,ON Semiconductor Corporation Common Stock,NASDAQ,True,True
ONB,Old National Bancorp Common Stock,NASDAQ,True,True
ONC,BeOne Medicines Ltd. American Depositary Shares,NASDAQ,True,True
RBBN,Ribbon Communications Inc. Common Stock,NASDAQ,True,True
RBCAA,"Republic Bancorp, Inc. Class A Common Stock",NASDAQ,True,True
RCAT,"Red Cat Holdings, Inc. Common Stock",NASDAQ,True,True
KEX,Kirby Corporation,NYSE,True,True
RRR,"Red Rock Resorts, Inc. Class A Common Stock",NASDAQ,True,True
RSBT,Return Stacked Bonds & Managed Futures ETF,BATS,True,True
RSI,"Rush Street Interactive, Inc.",NYSE,True,True
SAIA,"Saia, Inc. Common Stock",NASDAQ,True,True
SDCI,USCF SummerHaven Dynamic Commodity Strategy No K-1 Fund,ARCA,True,True
SGDJ,Sprott Junior Gold Miners ETF,ARCA,True,True
ROL,"Rollins, Inc.",NYSE,True,True
IBCP,Independent Bank Corporation Common Stock,NASDAQ,True,True
BCOR,Grayscale Bitcoin Adopters ETF,ARCA,True,False
REET,iShares Global REIT ETF,ARCA,True,True
IBDR,iShares iBonds Dec 2026 Term Corporate ETF,ARCA,True,True
NOVT,Novanta Inc. Common Stock,NASDAQ,True,True
SAN,Banco Santander S.A.,NYSE,True,True
SFL,SFL Corporation Ltd.,NYSE,True,True
IGV,iShares Expanded Tech-Software Sector ETF,BATS,True,True
IHAK,iShares Cybersecurity and Tech ETF,ARCA,True,True
IHD,VOYA EMERGING MARKETS HIGH INCOME DIVIDEND EQUITY FUND,NYSE,True,True
IHDG,WisdomTree International Hedged Quality Dividend Growth Fund,ARCA,True,True
JBSS,"John B. Sanfilippo & Son, Inc. Common Stock",NASDAQ,True,True
KMTS,"Kestra Medical Technologies, Ltd. Common Stock",NASDAQ,True,True
KNF,Knife River Corporation,NYSE,True,True
KNSL,"Kinsale Capital Group, Inc.",NYSE,True,True
KNTK,Kinetik Holdings Inc.,NYSE,True,True
KNX,Knight-Swift Transportation Holdings Inc. Class A Common Stock,NYSE,True,True
LEXI,Listed Funds Trust Alexis Practical Tactical ETF,NASDAQ,True,True
MVBF,MVB Financial Corp. Common Stock,NASDAQ,True,True
REAL,"The RealReal, Inc. Common Stock",NASDAQ,True,True
REFI,"Chicago Atlantic Real Estate Finance, Inc. Common Stock",NASDAQ,True,True
REG,Regency Centers Corporation Common Stock,NASDAQ,True,True
REGL,ProShares S&P MidCap 400 Dividend Aristocrats ETF,BATS,True,True
BDCIW,BTC Development Corp. Warrant,NASDAQ,True,False
BRFH,Barfresh Food Group Inc. Common Stock,NASDAQ,True,False
CCIIW,Cohen Circle Acquisition Corp. II Warrant,NASDAQ,True,False
DFLI,Dragonfly Energy Holdings Corp. Common Stock (NV),NASDAQ,True,False
DLR.PRJ,"Digital Realty Trust, Inc. 5.250% Series J Cumulative Redeemable Preferred Stock",NYSE,True,False
DLR.PRK,"Digital Realty Trust, Inc. 5.850% Series K Cumulative Redeemable Preferred Stock, par value $0.01 per share",NYSE,True,False
JEPQ,J.P. Morgan Exchange-Traded Fund Trust JPMorgan Nasdaq Equity Premium Income ETF,NASDAQ,True,True
JFR,Nuveen Floating Rate Income Fund,NYSE,True,True
JLL,"Jones Lang LaSalle, Inc.",NYSE,True,True
JMBS,Janus Henderson Mortgage-Backed Securities ETF,ARCA,True,True
LINE,"Lineage, Inc. Common Stock",NASDAQ,True,True
LION,Lionsgate Studios Corp.,NYSE,True,True
LIT,Global X Lithium & Battery Tech ETF,ARCA,True,True
LITE,Lumentum Holdings Inc. Common Stock,NASDAQ,True,True
NAMS,NewAmsterdam Pharma Company N.V. Ordinary Shares,NASDAQ,True,True
NANR,State Street SPDR S&P North American Natural Resources ETF,ARCA,True,True
PRLD,Prelude Therapeutics Incorporated Common Stock,NASDAQ,True,True
PRM,"Perimeter Solutions, Inc.",NYSE,True,True
PRMB,Primo Brands Corporation,NYSE,True,True
PZZA,"Papa John's International, Inc. Common Stock",NASDAQ,True,True
Q,"Qnity Electronics, Inc.",NYSE,True,True
QBIG,Invesco Actively Managed Exchange-Traded Fund Trus Invesco Top QQQ ETF,NASDAQ,True,True
KAMO,Kensington Credit Opportunities ETF,BATS,True,True
ITGR,Integer Holdings Corporation,NYSE,True,True
IMSR,Terrestrial Energy Inc. Common Stock,NASDAQ,True,True
IMTM,iShares MSCI Intl Momentum Factor ETF,ARCA,True,True
IMVT,"Immunovant, Inc. Common Stock",NASDAQ,True,True
ITDH,iShares LifePath Target Date 2060 ETF,ARCA,True,False
IRS,IRSA Inversiones y Representaciones S.A. Global Depositary Shares,NYSE,True,True
IYE,iShares U.S. Energy ETF,ARCA,True,True
PLGO,Pelagos Insurance Capital Limited,NYSE,True,True
IXP,iShares Global Comm Services ETF,ARCA,True,True
MGK,Vanguard Mega Cap Growth ETF,ARCA,True,True
MGNX,"MacroGenics, Inc. Common Stock",NASDAQ,True,True
OMDA,"Omada Health, Inc. Common Stock",NASDAQ,True,True
OMER,Omeros Corporation Common Stock,NASDAQ,True,True
OMF,"OneMain Holdings, Inc.",NYSE,True,True
OR,OR Royalties Inc.,NYSE,True,True
ORA,"Ormat Technologies, Inc.",NYSE,True,True
ORC,"Orchid Island Capital, Inc.",NYSE,True,True
PINE,"Alpine Income Property Trust, Inc",NYSE,True,True
PINS,"Pinterest, Inc. Class A Common Stock",NYSE,True,True
PIPR,Piper Sandler Companies,NYSE,True,True
RDN,Radian Group Inc.,NYSE,True,True
RDTE,Roundhill Russell 2000 0DTE Covered Call Strategy ETF,BATS,True,True
GWH.WS,"ESS Tech, Inc. Warrant exercisable for one-fifteenth of a share of Common Stock at an exercise price of $172.50 per share",NYSE,True,False
KCHVR,Kochav Defense Acquisition Corp. Right,NASDAQ,True,False
KPLT,"Katapult Holdings, Inc. Common Stock",NASDAQ,True,False
KPLTW,"Katapult Holdings, Inc. Warrant",NASDAQ,True,False
LEGO.U,"Legato Merger Corp. IV Units, each consisting of one ordinary share and one-third of one redeemable warrant",AMEX,True,False
MAGH,Magnitude International Ltd Ordinary Shares,NASDAQ,True,False
MFI,mF International Limited Class A Ordinary Shares,NASDAQ,True,False
MMTX,Miluna Acquisition Corp Class A Ordinary Share,NASDAQ,True,False
RIVN,"Rivian Automotive, Inc. Class A Common Stock",NASDAQ,True,True
RKLB,Rocket Lab Corporation Common Stock,NASDAQ,True,True
RLAY,"Relay Therapeutics, Inc. Common Stock",NASDAQ,True,True
SABR,Sabre Corporation Common Stock,NASDAQ,True,True
SACH,Sachem Capital Corp. Common Shares,AMEX,True,True
SAFT,"Safety Insurance Group, Inc. Common Stock",NASDAQ,True,True
KBWB,Invesco Exchange-Traded Fund Trust II Invesco KBW Bank ETF,NASDAQ,True,True
QQQM,Invesco Exchange-Traded Fund Trust II Invesco NASDAQ 100 ETF,NASDAQ,True,True
QS,QuantumScape Corporation Class A Common Stock,NASDAQ,True,True
INBK,First Internet Bancorp Common Stock,NASDAQ,True,True
INVH,Invitation Homes Inc. Common Stock,NYSE,True,True
IWO,iShares Russell 2000 Growth ETF,ARCA,True,True
MMTXU,Miluna Acquisition Corp Units,NASDAQ,True,False
MS.PRE,"MORGAN STANLEY DEP SHARES EACH REPRESENTING 1/1,000TH OF SHARE OF FIXED TO FLOATING RATE SER E",NYSE,True,False
VECA.RT,"Vernal Capital Acquisition Corp. Rights, each right entitling the holder to receive one-fourth (1/4) of one Ordinary Share",NYSE,True,False
NXDT.PRA,NexPoint Diversified Real Estate Trust 5.50% Series A Cumulative Preferred Shares ($25.00 liquidation preference per share),NYSE,True,False
BCLO,BlackRock ETF Trust II iShares BBB-B CLO Active ETF,NASDAQ,True,False
SPEG,Silver Pegasus Acquisition Corp Class A Ordinary Shares,NASDAQ,True,False
SSEA,Starry Sea Acquisition Corp Ordinary Shares,NASDAQ,True,False
SSEAR,Starry Sea Acquisition Corp Rights,NASDAQ,True,False
WSBK,"Winchester Bancorp, Inc. Common Stock",NASDAQ,True,False
IWP,iShares Russell Mid-Cap Growth ETF,ARCA,True,True
OAKM,Oakmark U.S. Large Cap ETF,ARCA,True,True
OMC,Omnicom Group Inc.,NYSE,True,True
LZM,Lifezone Metals Limited,NYSE,True,True
IGSB,iShares Trust iShares 1-5 Year Investment Grade Corporate Bond ETF,NASDAQ,True,True
KURA,"Kura Oncology, Inc. Common Stock",NASDAQ,True,True
HWKN,"Hawkins, Inc. Common Stock",NASDAQ,True,True
HWM,Howmet Aerospace Inc.,NYSE,True,True
HYDB,iShares High Yield Systematic Bond ETF,BATS,True,True
JEPI,JPMorgan Equity Premium Income ETF,ARCA,True,True
LILAK,Liberty Latin America Ltd. Class C Common Stock,NASDAQ,True,True
NVOH,Novo Nordisk A/S (B Shares) ADRhedged,ARCA,True,True
YHNAU,YHN Acquisition I Limited Unit,NASDAQ,True,False
BCKT,LifeX 2030 Income Bucket ETF,BATS,True,False
FOXF,Fox Factory Holding Corp. Common Stock,NASDAQ,True,True
BBUS,JPMorgan BetaBuilders U.S. Equity ETF,BATS,True,False
KBONW,Karbon Capital Partners Corp. Warrant,NASDAQ,True,False
MTNE.U,"CH4 Natural Solutions Corporation Units, each consisting of one Class A ordinary share and one-half of one Warrant",NYSE,True,False
FYLD,Cambria Foreign Shareholder Yield ETF,BATS,True,True
BBSC,JPMorgan BetaBuilders U.S. Small Cap Equity ETF,BATS,True,False
NVDA,NVIDIA Corporation Common Stock,NASDAQ,True,True
NVEC,NVE Corporation Common Stock,NASDAQ,True,True
NVGS,NAVIGATOR HOLDINGS LTD.,NYSE,True,True
NVO,Novo-Nordisk A/S,NYSE,True,True
OGI,Organigram Global Inc. Common Shares,NASDAQ,True,True
PONY,Pony AI Inc. American Depositary Shares,NASDAQ,True,True
SAFE,Safehold Inc.,NYSE,True,True
RYAN,"Ryan Specialty Holdings, Inc.",NYSE,True,True
RYLD,Global X Russell 2000 Covered Call ETF,ARCA,True,True
RYTM,"Rhythm Pharmaceuticals, Inc. Common Stock",NASDAQ,True,True
NOG,"Northern Oil and Gas, Inc.",NYSE,True,True
RKT,"Rocket Companies, Inc.",NYSE,True,True
LMRI,"Lumexa Imaging Holdings, Inc. Common Stock",NASDAQ,True,True
LGN,Legence Corp. Class A Common stock,NASDAQ,True,True
GPACU,General Purpose Acquisition Corp. Units,NASDAQ,True,False
RHI,Robert Half Inc.,NYSE,True,True
USMV,iShares MSCI USA Min Vol Factor ETF,BATS,True,True
BBSB,JPMorgan BetaBuilders U.S. Treasury Bond 1-3 Year ETF,BATS,True,False
BBMC,JPMorgan BetaBuilders U.S. Mid Cap Equity ETF,BATS,True,False
MCB,"Metropolitan Bank Holding Corp. Common Stock, $0.01 par value per share",NYSE,True,True
MPT,"Medical Properties Trust, Inc.",NYSE,True,True
IVAL,EA Series Trust Alpha Architect International Quantitative Value ETF,NASDAQ,True,True
MGA,Magna International,NYSE,True,True
MGC,Vanguard Mega Cap 300 Index ETF,ARCA,True,True
OPRA,Opera Limited American Depositary Shares,NASDAQ,True,True
PI,"Impinj, Inc. Common Stock",NASDAQ,True,True
PII,Polaris Inc.,NYSE,True,True
RCKT,"Rocket Pharmaceuticals, Inc. Common Stock",NASDAQ,True,True
RCUS,"Arcus Biosciences, Inc.",NYSE,True,True
JACK,Jack In The Box Inc. Common Stock,NASDAQ,True,True
JRI,NUVEEN REAL ASSET INCOME AND GROWTH FUND,NYSE,True,True
HTT,High Templar Tech Limited,NYSE,True,True
NXT,Nextpower Inc. Class A Common Stock,NASDAQ,True,True
OABI,"OmniAb, Inc. Common Stock",NASDAQ,True,True
OBDC,Blue Owl Capital Corporation,NYSE,True,True
HTH,HILLTOP HOLDINGS INC.,NYSE,True,True
NICO,Hexis Active Nicotine Engagement ETF,ARCA,True,False
BBDO,"Banco Bradesco S.A. American Depositary Shares (Each representing one  Common Share, no par value)",NYSE,True,False
BBCB,JPMorgan BetaBuilders USD Investment Grade Corporate Bond ETF,BATS,True,False
SAC,Safeguard Acquisition Corp.,NYSE,True,False
SEV,Aptera Motors Corp. Class B Common Stock,NASDAQ,True,False
BBC,Virtus Biotech Clinical Trials ETF,ARCA,True,False
BBBS,BondBloxx BBB Rated 1-5 Year Corporate Bond ETF,ARCA,True,False
BBBL,BondBloxx BBB Rated 10+ Year Corporate Bond ETF,ARCA,True,False
BBBI,BondBloxx BBB Rated 5-10 Year Corporate Bond ETF,ARCA,True,False
BBB,CYBER HORNET Trust CYBER HORNET S&P 500 and Bitcoin 75/25 Strategy ETF,NASDAQ,True,False
BBAX,JPMorgan BetaBuilders Developed Asia Pacific-ex Japan ETF,BATS,True,False
COLAR,Columbus Acquisition Corp Rights,NASDAQ,True,False
HTO,H2O America Common Stock,NASDAQ,True,True
RSPF,Invesco S&P 500 Equal Weight Financials ETF,ARCA,True,True
MUSA,MURPHY USA INC.,NYSE,True,True
INN,"Summit Hotel Properties, Inc.",NYSE,True,True
MATV,"Mativ Holdings, Inc.",NYSE,True,True
NUE,Nucor Corporation,NYSE,True,True
QLTA,iShares Aaa - A Rated Corporate Bond ETF,ARCA,True,True
RNA,"Atrium Therapeutics, Inc. Common Stock",NASDAQ,True,True
NHI,National Health Investors,NYSE,True,True
SAH,"Sonic Automotive, Inc.",NYSE,True,True
MAC,The Macerich Company,NYSE,True,True
LMBS,First Trust Exchange-Traded Fund IV First Trust Low Duration Opportunities ETF,NASDAQ,True,True
LRGF,iShares U.S. Equity Factor ETF,ARCA,True,True
WOR,"Worthington Enterprises, Inc.",NYSE,True,True
FGNX,FG Nexus Inc. Common Stock,NASDAQ,True,False
MTAL.U,"Metals Acquisition Corp. II Units, each consisting of one Class A ordinary share and one-third of one redeemable warrant",NYSE,True,False
BBAG,JPMorgan BetaBuilders U.S. Aggregate Bond ETF,BATS,True,False
BAY,Corgi Bay Area Based ETF,BATS,True,False
BASV,The Advisors' Inner Circle Fund III Brown Advisory Sustainable Value ETF,NASDAQ,True,False
MGRX,"Mangoceuticals, Inc. Common Stock",NASDAQ,True,False
MFAO,"MFA Financial, Inc. 9.000% Senior Notes due 2029",NYSE,True,False
ADTX,"Aditxt, Inc. Common Stock",NASDAQ,True,False
BTCW,WisdomTree Bitcoin Fund,BATS,True,False
AACBU,Artius II Acquisition Inc. Units,NASDAQ,True,False
MFA.PRC,"MFA Financial, Inc. 6.50% Series C Fixed-to-Floating Rate Cumulative Redeemable Preferred Stock",NYSE,True,False
LRMR,"Larimar Therapeutics, Inc. Common Stock",NASDAQ,True,True
LSPD,Lightspeed Commerce Inc.,NYSE,True,True
LSTR,"Landstar System, Inc. Common Stock",NASDAQ,True,True
PRGO,PERRIGO COMPANY PLC,NYSE,True,True
RSSX,Return Stacked U.S. Stocks & Gold/Bitcoin ETF,BATS,True,True
PANL,Pangaea Logistics Solutions Ltd. Common Shares,NASDAQ,True,True
LUV,Southwest Airlines Co.,NYSE,True,True
KR,The Kroger Co.,NYSE,True,True
NVR,"NVR, Inc.",NYSE,True,True
NDAQ,"Nasdaq, Inc. Common Stock",NASDAQ,True,True
SFBS,ServisFirst Bancshares Inc.,NYSE,True,True
LULU,lululemon athletica inc. Common Stock,NASDAQ,True,True
LH,Labcorp Holdings Inc.,NYSE,True,True
PSX,PHILLIPS 66,NYSE,True,True
BASG,The Advisors' Inner Circle Fund III Brown Advisory Sustainable Growth ETF,NASDAQ,True,False
RF,Regions Financial Corp.,NYSE,True,True
RBC,RBC Bearings Incorporated,NYSE,True,True
KMPR,Kemper Corporation,NYSE,True,True
HPQ,HP Inc.,NYSE,True,True
LRN,"Stride, Inc.",NYSE,True,True
IOT,Samsara Inc.,NYSE,True,True
OGN,Organon & Co.,NYSE,True,True
HNI,HNI Corporation,NYSE,True,True
JBS,JBS N.V.,NYSE,True,True
KF,"KOREA FUND, INC",NYSE,True,True
MORN,"Morningstar, Inc. Common Stock",NASDAQ,True,True
KEYS,"Keysight Technologies, Inc.",NYSE,True,True
NEE,"Nextra Energy, Inc.",NYSE,True,True
PENN,"PENN Entertainment, Inc. Common Stock",NASDAQ,True,True
POR,Portland General Electric Company,NYSE,True,True
SCSC,"ScanSource, Inc. Common Stock",NASDAQ,True,True
RGP,"Resources Connection, Inc. Common Stock",NASDAQ,True,True
HCI,"HCI Group, Inc.",NYSE,True,True
MTBA,Simplify MBS ETF,ARCA,True,True
MIG,VanEck Moody's Analytics IG Corporate Bond ETF,BATS,True,True
KSPY,KraneShares Hedgeye Hedged Equity Index ETF,ARCA,True,True
KOD,Kodiak Sciences Inc Common Stock,NASDAQ,True,True
INFL,Horizon Kinetics Inflation Beneficiaries ETF,ARCA,True,True
ING,ING Groep N.V. American Depositary Shares,NYSE,True,True
INNV,InnovAge Holding Corp. Common Stock,NASDAQ,True,True
ONIT,Onity Group Inc.,NYSE,True,True
IRD,"Opus Genetics, Inc. Common Stock",NASDAQ,True,True
L,Loews Corporation,NYSE,True,True
RYLG,Global X Russell 2000 Covered Call & Growth ETF,ARCA,True,True
IWV,iShares Russell 3000 ETF,ARCA,True,True
PKG,Packaging Corp of America,NYSE,True,True
PKX,POSCO Holdings Inc. American Depositary Shares (Each representing 1/4th of a share of Common Stock),NYSE,True,True
RDW,Redwire Corporation,NYSE,True,True
RDZN,"Roadzen, Inc. Ordinary Shares",NASDAQ,True,True
REGN,"Regeneron Pharmaceuticals, Inc. Common Stock",NASDAQ,True,True
MBC,"MasterBrand, Inc.",NYSE,True,True
HGV,Hilton Grand Vacations Inc. Common Stock,NYSE,True,True
KB,KB Financial Group Inc,NYSE,True,True
PRTA,Prothena Corporation plc Ordinary Shares,NASDAQ,True,True
HBCP,"Home Bancorp, Inc. Common Stock",NASDAQ,True,True
M,Macy's Inc.,NYSE,True,True
NTCT,"NetScout Systems, Inc. Common Stock",NASDAQ,True,True
RBLX,Roblox Corporation,NYSE,True,True
PNR,Pentair plc,NYSE,True,True
QVMM,Invesco S&P MidCap 400 QVM Multi-factor ETF,ARCA,True,True
RWT,"Redwood Trust, Inc.",NYSE,True,True
OGE,OGE Energy Corp.,NYSE,True,True
ISHG,iShares Trust iShares 1-3 Year International Treasury Bond ETF,NASDAQ,True,True
BAUG,Innovator U.S. Equity Buffer ETF - August,BATS,True,False
YELP,YELP INC.,NYSE,True,True
AERT,"Aeries Technology, Inc. Class A Ordinary Share",NASDAQ,True,False
BAMG,Brookstone Growth Stock ETF,BATS,True,False
BAMD,Brookstone Dividend Stock ETF,BATS,True,False
BALQ,BlackRock ETF Trust iShares Nasdaq Premium Income Active ETF,NASDAQ,True,False
OIS,"OIL STATES INTERNATIONAL, INC.",NYSE,True,True
PNTG,"The Pennant Group, Inc. Common Stock",NASDAQ,True,True
PNW,Pinnacle West Capital Corporation,NYSE,True,True
LMT,Lockheed Martin Corp.,NYSE,True,True
LNC,Lincoln National Corp.,NYSE,True,True
LNG,Cheniere Energy Inc,NYSE,True,True
IYM,iShares U.S. Basic Materials ETF,ARCA,True,True
OEC,Orion S.A.,NYSE,True,True
PAM,PAMPA ENERGIA S.A.,NYSE,True,True
MMYT,MakeMyTrip Limited Ordinary Shares,NASDAQ,True,True
LEN.B,Lennar Corporation Class B,NYSE,True,True
RRC,Range Resources Corp,NYSE,True,True
INOD,Innodata Inc. Common Stock,NASDAQ,True,True
INR,"Infinity Natural Resources, Inc.",NYSE,True,True
KEY,KeyCorp,NYSE,True,True
MPC,MARATHON PETROLEUM CORPORATION,NYSE,True,True
MADE,iShares U.S. Manufacturing ETF,ARCA,True,True
PFFD,Global X U.S. Preferred ETF,ARCA,True,True
SCHP,Schwab U.S. TIPS ETF,ARCA,True,True
NKTX,"Nkarta, Inc. Common Stock",NASDAQ,True,True
CRBD,"Corebridge Financial, Inc. 6.375% Junior Subordinated Notes due 2064",NYSE,True,False
FACT,FACT II Acquisition Corp. Class A Ordinary Shares,NASDAQ,True,False
FACTU,FACT II Acquisition Corp. Unit,NASDAQ,True,False
FACTW,FACT II Acquisition Corp. Warrant,NASDAQ,True,False
FAMI,"Farmmi, Inc. Class A Ordinary Shares",NASDAQ,True,False
FITBI,Fifth Third Bancorp Depositary Shares,NASDAQ,True,False
HRB,"H&R Block, Inc.",NYSE,True,True
PSN,Parsons Corporation,NYSE,True,True
MAGS,Roundhill Magnificent Seven ETF,BATS,True,True
LXP,LXP Industrial Trust,NYSE,True,True
PRSU,"Pursuit Attractions and Hospitality, Inc.",NYSE,True,True
KRG,Kite Realty Group Trust,NYSE,True,True
ITDI,iShares LifePath Target Date 2065 ETF,ARCA,True,False
ITDJ,iShares LifePath Target Date 2070 ETF,ARCA,True,False
ITEQ,Amplify BlueStar Israel Technology ETF,ARCA,True,False
ITWO,ProShares Russell 2000 High Income ETF,BATS,True,False
IUS,Invesco Exchange-Traded Self-Indexed Fund Trust Invesco RAFI Strategic US ETF,NASDAQ,True,False
IVA,Inventiva S.A. American Depository Shares,NASDAQ,True,False
REMX,VanEck Rare Earth and Strategic Metals ETF,ARCA,True,True
SCCO,Southern Copper Corporation,NYSE,True,True
IVEP,Dan IVES Wedbush AI Power & Infrastructure ETF,ARCA,True,False
IWFG,NYLI Winslow Focused Large Cap Growth ETF,ARCA,True,False
IWMI,NEOS Russell 2000 High Income ETF,BATS,True,False
IPST,"IP Strategy Holdings, Inc. Common Stock",NASDAQ,True,False
JACS.RT,"Jackson Acquisition Company II Rights, each right to acquire one-tenth (1/10) of one Class A ordinary share",NYSE,True,False
JOBY.WS,"Joby Aviation, Inc. Redeemable Warrants, each whole warrant exercisable for one share of Common Stock at an exercise price of $11.50",NYSE,True,False
LUCY,"Innovative Eyewear, Inc. Common Stock",NASDAQ,True,False
MDV.PRA,"Modiv Industrial, Inc. 7.375% Series A Cumulative Redeemable Perpetual Preferred Stock",NYSE,True,False
IYT,iShares U.S. Transportation ETF,BATS,True,False
JA,Janus Henderson AA-A CLO ETF,ARCA,True,False
JABS,Janus Henderson Asset-Backed Securities ETF,ARCA,True,False
JADE,JPMorgan Active Developing Markets Equity ETF,ARCA,True,False
JAJL,Innovator Equity Defined Protection ETF - 6mo Jan/Jul,BATS,True,False
JANH,Innovator Premium Income 20 Barrier ETF - January,BATS,True,False
JANJ,Innovator Premium Income 30 Barrier ETF - January,BATS,True,False
JANP,PGIM S&P 500 Buffer 12 ETF - January,BATS,True,False
JANT,AllianzIM U.S. Equity Buffer10 Jan ETF,BATS,True,False
JANU,AllianzIM U.S. Equity Buffer15 Uncapped Jan ETF,BATS,True,False
JANZ,TrueShares Structured Outcome (January) ETF,BATS,True,False
JDOC,J.P. Morgan Exchange-Traded Fund Trust JPMorgan Healthcare Leaders ETF,NASDAQ,True,False
JETS,U.S. Global Jets ETF,ARCA,True,False
JHEM,John Hancock Multifactor Emerging Markets ETF,ARCA,True,False
JHI,John Hancock Investors Trust Capital Stock,NYSE,True,False
JHMU,John Hancock Dynamic Municipal Bond ETF,ARCA,True,False
PRENW,Prenetics Global Limited Warrant,NASDAQ,True,False
SEATW,Vivid Seats Inc. Warrant,NASDAQ,True,False
SEED,Origin Agritech Limited Common Stock,NASDAQ,True,False
SGA,"Saga Communications, Inc. Class A Common Stock (FL)",NASDAQ,True,False
SHFSW,"SHF Holdings, Inc. Warrants",NASDAQ,True,False
SHO.PRI,"Sunstone Hotel Investors, Inc. 5.70% Series I Cumulative Redeemable Preferred Stock",NYSE,True,False
SIMAW,SIM Acquisition Corp. I Warrant,NASDAQ,True,False
KDVD,Keeley Dividend ETF,ARCA,True,False
KRBN,KraneShares Global Carbon Strategy ETF,ARCA,True,False
KRMA,Global X Funds Global X Conscious Companies ETF,NASDAQ,True,False
JBGS,JBG SMITH Properties Common Shares,NYSE,True,True
JMSB,"John Marshall Bancorp, Inc. Common Stock",NASDAQ,True,True
KLAC,KLA Corporation Common Stock,NASDAQ,True,True
LECO,"Lincoln Electric Holdings, Inc. Common Shares",NASDAQ,True,True
LDRC,iShares iBonds 1-5 Year Corporate Ladder ETF,ARCA,True,False
LDRH,iShares iBonds 1-5 Year High Yield and Income Ladder ETF,ARCA,True,False
MMI,MARCUS & MILLICHAP,NYSE,True,True
LDRI,iShares iBonds 1-5 Year TIPS Ladder ETF,ARCA,True,False
LDRT,iShares iBonds 1-5 Year Treasury Ladder ETF,ARCA,True,False
HRMY,"Harmony Biosciences Holdings, Inc. Common Stock",NASDAQ,True,True
HSY,The Hershey Company,NYSE,True,True
OCSL,Oaktree Specialty Lending Corporation Common Stock,NASDAQ,True,True
PATH,"UiPath, Inc.",NYSE,True,True
ZTG,Zenta Group Company Limited Class A Ordinary Shares,NASDAQ,True,False
BGDV,Bahl & Gaynor Dividend ETF,ARCA,True,False
BAK,Braskem S.A. American Depositary Shares (Each representing Two Class A  Preferred Shares),NYSE,True,False
IRHO,Iron Horse Acquisitions II Corp. Common Stock,NASDAQ,True,False
BAIV,The Advisors' Inner Circle Fund III Brown Advisory International Value Select ETF,NASDAQ,True,False
BAGY,Amplify Bitcoin Max Income Covered Call ETF,BATS,True,False
BAFE,The Advisors' Inner Circle Fund III Brown Advisory Flexible Equity ETF,NASDAQ,True,False
BABU,Direxion Shares ETF Trust Direxion Daily BABA Bull 2X ETF,NASDAQ,True,False
YUM,"Yum! Brands, Inc.",NYSE,True,True
AZYY,GraniteShares ETF Trust GraniteShares YieldBoost AMZN ETF,NASDAQ,True,False
QUBT,Quantum Computing Inc. Common Stock,NASDAQ,True,True
IR,Ingersoll Rand Inc. Common Stock,NYSE,True,True
PSCT,Invesco Exchange-Traded Fund Trust II Invesco S&P SmallCap Information Technology ETF,NASDAQ,True,True
IUSB,iShares Trust iShares Core Universal USD Bond ETF,NASDAQ,True,True
IWL,iShares Russell Top 200 ETF,ARCA,True,True
LPRO,Open Lending Corporation Common Stock,NASDAQ,True,True
MBOT,Microbot Medical Inc. Common Stock,NASDAQ,True,True
MELI,"MercadoLibre, Inc. Common Stock",NASDAQ,True,True
NX,Quanex Building Products Corporation,NYSE,True,True
PAYC,"PAYCOM SOFTWARE, INC.",NYSE,True,True
PLG,Platinum Group Metals LTD.,AMEX,True,True
POWL,"Powell Industries, Inc. Common Stock",NASDAQ,True,True
PTEN,"Patterson-UTI Energy, Inc. Common Stock",NASDAQ,True,True
KLAR,Klarna Group plc,NYSE,True,True
AZTD,Aztlan Global Stock Selection DM SMID ETF,ARCA,True,False
LXP.PRC,LXP Industrial Trust 6.5% Series C Cumulative Convertible Preferred Stock,NYSE,True,False
AXPG,Themes ETF Trust Leverage Shares 2x Long AXP Daily ETF,NASDAQ,True,False
AVSF,Avantis Short-Term Fixed Income ETF,ARCA,True,False
AVSE,Avantis Responsible Emerging Markets Equity ETF,ARCA,True,False
CALC,"CalciMedica, Inc. Common Stock",NASDAQ,True,False
CLWT,Euro Tech Holdings Company Limited Common Stock,NASDAQ,True,False
EURKR,Eureka Acquisition Corp Right,NASDAQ,True,False
FOXXW,Foxx Development Holdings Inc. Warrant,NASDAQ,True,False
PTGX,"Protagonist Therapeutics, Inc. Common Stock",NASDAQ,True,True
JCPI,JPMorgan Inflation Managed Bond ETF,ARCA,True,False
QGRW,WisdomTree U.S. Quality Growth Fund,ARCA,True,True
HQH,abrdn Healthcare Investors,NYSE,True,True
QID,ProShares UltraShort QQQ,ARCA,True,True
REYN,Reynolds Consumer Products Inc. Common Stock,NASDAQ,True,True
ROAD,"Construction Partners, Inc. Class A Common Stock",NASDAQ,True,True
NLOP,Net Lease Office Properties,NYSE,True,True
NLR,VanEck Uranium and Nuclear ETF,ARCA,True,True
IFN,"Aberdeen India Fund, Inc.",NYSE,True,True
HTLD,"Heartland Express, Inc. Common Stock",NASDAQ,True,True
HTZ,"Hertz Global Holdings, Inc Common Stock",NASDAQ,True,True
RVTY,"Revvity, Inc.",NYSE,True,True
PRIM,Primoris Services Corporation,NYSE,True,True
KXIN,Kaixin Holdings Ordinary Shares,NASDAQ,True,False
LFACU,Leapfrog Acquisition Corporation Units,NASDAQ,True,False
LFACW,Leapfrog Acquisition Corporation Warrants,NASDAQ,True,False
MOLN,Molecular Partners AG American Depositary Shares,NASDAQ,True,False
MUZE,Muzero Acquisition Corp Class A Ordinary Shares,NASDAQ,True,False
MUZEW,Muzero Acquisition Corp Warrant,NASDAQ,True,False
NCPL,Netcapital Inc. Common Stock,NASDAQ,True,False
NCPLW,Netcapital Inc. Warrants,NASDAQ,True,False
PYPD,PolyPid Ltd. Ordinary Shares,NASDAQ,True,False
YCY.WS,"AA Mission Acquisition Corp. II Warrants, each whole warrant entitles to purchase one Class A ordinary share at a price of $11.50 per share",NYSE,True,False
YJ,Yunji Inc. American Depository Shares,NASDAQ,True,False
NATL,NCR Atleos Corporation,NYSE,True,True
IBDS,iShares iBonds Dec 2027 Term Corporate ETF,ARCA,True,True
IBDT,iShares iBonds Dec 2028 Term Corporate ETF,ARCA,True,True
JEF,Jefferies Financial Group Inc.,NYSE,True,True
LDSF,First Trust Exchange-Traded Fund VIII First Trust Low Duration Strategic Focus ETF,NASDAQ,True,False
KRO,"Kronos Worldwide, Inc.",NYSE,True,True
RYN,Rayonier Inc.,NYSE,True,True
PLXS,Plexus Corp. Common Stock,NASDAQ,True,True
KBH,KB Home,NYSE,True,True
OLP,"One Liberty Properties, Inc.",NYSE,True,True
OKLO,Oklo Inc.,NYSE,True,True
MS,Morgan Stanley,NYSE,True,True
DTI,Drilling Tools International Corporation Common Stock,NASDAQ,True,False
USAC,USA COMPRESSION PARTNERS LP,NYSE,True,False
GTIM,Good Times Restaurants Inc. Common Stock,NASDAQ,True,False
HSBC,HSBC Holdings PLC,NYSE,True,True
LITP,Sprott Funds Trust Sprott Lithium Miners ETF,NASDAQ,True,True
RRX,Regal Rexnord Corporation,NYSE,True,True
LEND,SEI Exchange Traded Funds SEI High Yield Bond & Alternative Credit ETF,NASDAQ,True,False
LEO,"BNY Mellon Strategic Municipals, Inc.",NYSE,True,False
LEUX,Tradr 2X Long LEU Daily ETF,BATS,True,False
HSBH,HSBC Holdings plc ADRhedged,ARCA,True,False
LIBD,LifeX 2065 Inflation-Protected Longevity Income ETF,BATS,True,False
LKOR,FlexShares Credit-Scored US Long Corporate Bond Index Fund,BATS,True,False
LLDR,Global X Long-Term Treasury Ladder ETF,ARCA,True,False
LLYX,Defiance Daily Target 2x Long LLY ETF,ARCA,True,False
LMNX,Tidal Trust II Defiance Daily Target 2x Long LMND ETF,NASDAQ,True,False
LMTL,Direxion Shares ETF Trust Direxion Daily LMT Bull 2X ETF,NASDAQ,True,False
LEGR,First Trust Indxx Innovative Transaction & Process ETF,NASDAQ,True,False
LND,BrasilAgro - Companhia Brasileira de Propriedades Agra­colas,NYSE,True,False
JAVA,JPMorgan Active Value ETF,ARCA,True,False
LOMA,"Loma Negra Compania Industrial Argentina Sociedad Anonima American Depositary Shares (ADSs), each representing five ordinary shares",NYSE,True,False
LOT,Lotus Technology Inc. American Depositary Shares,NASDAQ,True,False
LOWV,AB US Low Volatility Equity ETF,ARCA,True,False
LPRE,Long Pond Real Estate Select ETF,ARCA,True,False
LQ,Simplify Exchange Traded Funds Simplify Tax Aware Alternatives ETF,NASDAQ,True,False
LRGG,Nomura Focused Large Growth ETF,ARCA,True,False
LSAF,LeaderShares AlphaFactor US Core Equity ETF,ARCA,True,False
LSEQ,Harbor Long-Short Equity ETF,ARCA,True,False
LSGR,Natixis Loomis Sayles Focused Growth ETF,ARCA,True,False
LTPZ,PIMCO 15+ Year U.S. TIPS Index Exchange-Traded Fund,ARCA,True,False
LTTI,FT Vest 20+ Year Treasury & Target Income ETF,ARCA,True,False
LUCK,Lucky Strike Entertainment Corporation,NYSE,True,False
LULG,Themes ETF Trust Leverage Shares 2X Long LULU Daily ETF,NASDAQ,True,False
LVDS,J.P. Morgan Exchange-Traded Fund Trust JPMorgan Fundamental Data Science Large Value ETF,NASDAQ,True,False
HALX,Tuttle Capital Heavy Assets Low Obsolescence ETF,BATS,True,False
IBIC,iShares iBonds Oct 2026 Term TIPS ETF,ARCA,True,False
PBSE,PGIM S&P 500 Buffer 20 ETF - September,BATS,True,False
OSEA,Harbor International Compounders ETF,ARCA,True,False
NMS,Nuveen Minnesota Quality Municipal Income Fund,NYSE,True,False
PS,Pershing Square Inc.,NYSE,True,False
LGO,Largo Inc. Common Shares,NASDAQ,True,False
PICB,Invesco International Corporate Bond ETF,ARCA,True,False
PBL,PGIM Portfolio Ballast ETF,BATS,True,False
HAYW,"Hayward Holdings, Inc.",NYSE,True,True
RVLV,"Revolve Group, Inc.",NYSE,True,True
IUSG,iShares Core S&P U.S. Growth ETF,NASDAQ,True,True
PBDC,Putnam BDC Income ETF,ARCA,True,True
PLUS,ePlus inc. Common Stock,NASDAQ,True,True
SGDM,Sprott Gold Miners ETF,ARCA,True,True
ITDG,iShares LifePath Target Date 2055 ETF,ARCA,True,False
RDDT,"Reddit, Inc.",NYSE,True,True
JIII,Janus Henderson Income ETF,ARCA,True,False
OCIO,ClearShares OCIO ETF,ARCA,True,False
JUDO,Janus Henderson U.S. Equity Enhanced Income ETF,BATS,True,False
NUKX,Nicholas Nuclear Income ETF,ARCA,True,False
PMAR,Innovator U.S. Equity Power Buffer ETF - March,BATS,True,False
SCOP,Sprott Physical Copper Trust,ARCA,True,False
SEIE,SEI Exchange Traded Funds SEI Select International Equity ETF,NASDAQ,True,False
ILS,Brookmont Catastrophic Bond ETF,ARCA,True,False
LQTI,FT Vest Investment Grade & Target Income ETF,ARCA,True,False
MPV,Barings Participation Investors,NYSE,True,False
POM,POMDOCTOR LIMITED American Depositary Shares,NASDAQ,True,False
LGCF,Themes ETF Trust Themes US Cash Flow Champions ETF,NASDAQ,True,False
MYY,ProShares Short MidCap400,ARCA,True,False
RMM,"RiverNorth Managed Duration Municipal Income Fund, Inc.",NYSE,True,False
PJUN,Innovator U.S. Equity Power Buffer ETF - June,BATS,True,False
PEN,"Penumbra, Inc.",NYSE,True,False
OIO,OIO Group Ordinary Shares,NASDAQ,True,False
JOB,GEE Group Inc.,AMEX,True,False
HOYY,GraniteShares ETF Trust GraniteShares YieldBOOST HOOD ETF,NASDAQ,True,False
IQI,INVESCO QUALITY MUNICIPAL SECURITIES,NYSE,True,False
RYDE,Ryde Group Ltd.,AMEX,True,False
IVZ,Invesco LTD,NYSE,True,True
LPL,LG Display Co. Ltd.,NYSE,True,True
KSS,Kohls Corporation,NYSE,True,True
HUBB,Hubbell Incorporated,NYSE,True,True
NPWR,NET Power Inc.,NYSE,True,True
IP,International Paper Co.,NYSE,True,True
OMFL,Invesco Russell 1000 Dynamic Multifactor ETF,BATS,True,True
IXC,iShares Global Energy ETF,ARCA,True,True
META,"Meta Platforms, Inc. Class A Common Stock",NASDAQ,True,True
MIR,"Mirion Technologies, Inc.",NYSE,True,True
NRC,NRC Health Common Stock,NASDAQ,True,True
P,"Everpure, Inc.",NYSE,True,True
PACK,Ranpak Holdings Corp.,NYSE,True,True
PCRX,"Pacira BioSciences, Inc. Common Stock",NASDAQ,True,True
RPAY,Repay Holdings Corporation Class A Common Stock,NASDAQ,True,True
IEUS,iShares MSCI Europe Small-Cap ETF,NASDAQ,True,True
SBCF,Seacoast Banking Corporation of Florida Common Stock,NASDAQ,True,True
JPM,JPMorgan Chase & Co.,NYSE,True,True
RAPP,"Rapport Therapeutics, Inc. Common Stock",NASDAQ,True,True
PLNT,"Planet Fitness, Inc.",NYSE,True,True
SG,"Sweetgreen, Inc.",NYSE,True,True
OPLN,"OPENLANE, Inc",NYSE,True,True
ISRA,VanEck Israel ETF,ARCA,True,True
RPG,Invesco S&P 500 Pure Growth ETF,ARCA,True,True
SCHE,Schwab Emerging Markets Equity ETF,ARCA,True,True
RC,Ready Capital Corporation,NYSE,True,True
OPPE,WisdomTree European Opportunities Fund,ARCA,True,True
LMNR,Limoneira Co Common Stock,NASDAQ,True,True
MCDS,J.P. Morgan Exchange-Traded Fund Trust JPMorgan Fundamental Data Science Mid Core ETF,NASDAQ,True,False
MCH,Matthews China Active ETF,ARCA,True,False
MDPL,Monarch Dividend Plus Index ETF,BATS,True,False
PBJN,PGIM S&P 500 Buffer 20 ETF - June,BATS,True,False
RW,Rainwater Equity ETF,ARCA,True,False
RCLY,Reckoner BBB-B CLO Annual ETF,ARCA,True,False
RCT,RedCloud Holdings plc Ordinary Shares,NASDAQ,True,False
JPSV,JPMorgan Active Small Cap Value ETF,ARCA,True,False
QADRW,QDRO Acquisition Corp. Warrant,NASDAQ,True,False
OPTH,Optimi Health Corp. Common Shares,NASDAQ,True,False
KQQQ,Kurv ETF Trust Kurv Technology Titans Select ETF,NASDAQ,True,False
KSTR,KraneShares SSE STAR Market 50 Index ETF,ARCA,True,False
NBFC,Neuberger Flexible Credit Income ETF,ARCA,True,False
PSCX,Pacer Swan SOS Conservative (January) ETF,BATS,True,False
PSMJ,Pacer Swan SOS Moderate (July) ETF,BATS,True,False
PWER,Nomura Energy Transition ETF,ARCA,True,False
PWRD,TCW Transform Systems ETF,NASDAQ,True,False
QSIG,WisdomTree U.S. Short Term Corporate Bond Fund,BATS,True,False
QSIX,Pacer Funds Trust Pacer Metaurus Nasdaq 100 Dividend Multiplier 600 ETF,NASDAQ,True,False
RIGS,RiverFront Strategic Income Fund,ARCA,True,False
OPBK,OP Bancorp Common Stock,NASDAQ,True,False
PEBK,"Peoples Bancorp of North Carolina, Inc. Common Stock",NASDAQ,True,False
POCI,"Precision Optics Corporation, Inc. Common Stock",NASDAQ,True,False
RVNU,Xtrackers Municipal Infrastructure Revenue Bond ETF,ARCA,True,False
HAIN,"Hain Celestial Group, Inc. (The) Common Stock",NASDAQ,True,False
ROMA,Roma Green Finance Limited Class A Ordinary Shares,NASDAQ,True,False
IMVP,Invesco India ETF,ARCA,True,False
ILOW,AB International Low Volatility Equity ETF,ARCA,True,False
MSMR,McElhenny Sheffield Managed Risk ETF,BATS,True,False
NFEB,Innovator Growth-100 Power Buffer ETF - February,BATS,True,False
OTF,Blue Owl Technology Finance Corp.,NYSE,True,False
PLSE,"Pulse Biosciences, Inc Common Stock (DE)",NASDAQ,True,False
QADR,QDRO Acquisition Corp. Class A Ordinary Shares,NASDAQ,True,False
QQQU,Direxion Daily Magnificent 7 Bull 2X ETF,ARCA,True,False
JPRE,JPMorgan Realty Income ETF,ARCA,True,False
PMJN,PGIM S&P 500 Max Buffer ETF - June,BATS,True,False
JUNW,AllianzIM U.S. Equity Buffer20 Jun ETF,BATS,True,False
IGD,VOYA GLOBAL EQUITY DIVIDEND AND PREMIUM OPPORTUNITY FUND,NYSE,True,False
SCLZ,Swan Enhanced Dividend Income ETF,BATS,True,False
PVH,PVH Corp.,NYSE,True,True
MA,Mastercard Incorporated,NYSE,True,True
OGC,OceanaGold Corporation,NYSE,True,True
HQL,abrdn Life Sciences Investors,NYSE,True,True
MET,"MetLife, Inc.",NYSE,True,True
RFIL,"RF Industries, Ltd. Common Stock",NASDAQ,True,False
INM,InMed Pharmaceuticals Inc. Common Shares,NASDAQ,True,False
SNFCA,Security National Financial Corporation Class A Common Stock,NASDAQ,True,False
HIO,"Western Asset High Income Opportunity Fund, Inc.",NYSE,True,True
MDU,"MDU Resources Group, Inc.",NYSE,True,True
MIAX,"Miami International Holdings, Inc.",NYSE,True,True
PEVC,Pacer PE/VC ETF,ARCA,True,False
MWH,"SOLV Energy, Inc. Class A Common Stock",NASDAQ,True,True
PTLC,Pacer Trendpilot US Large Cap ETF,BATS,True,True
QQH,HCM Defender 100 Index ETF,ARCA,True,True
RNR,RenaissanceRe Holdings Ltd.,NYSE,True,True
KIO,KKR INCOME OPPORTUNITIES FUND,NYSE,True,True
HCKT,Hackett Group Inc (The). Common Stock,NASDAQ,True,True
IFS,Intercorp Financial Services Inc.,NYSE,True,True
IVVD,"Invivyd, Inc. Common Stock",NASDAQ,True,True
QTWO,Q2 Holdings Inc,NYSE,True,True
JBND,JPMorgan Active Bond ETF,NYSE,True,False
LNGX,Global X U.S. Natural Gas ETF,ARCA,True,False
RACC,Research Alliance Corporation III Class A Ordinary Shares,NASDAQ,True,False
RREV,RRE Ventures Acquisition Corp. Class A Ordinary Shares,NASDAQ,True,False
OMAH,VistaShares Target 15 Berkshire Select Income ETF,ARCA,True,True
OMCL,"Omnicell, Inc. Common Stock ($0.001 par value)",NASDAQ,True,True
ONDS,Ondas Inc. Common Stock,NASDAQ,True,True
ONEW,OneWater Marine Inc. Class A Common Stock,NASDAQ,True,True
PSA.PRI,"Public Storage Depositary Shares Each Representing 1/1,000 of a 4.875% Cumulative Preferred Share of Beneficial Interest, Series I, par value $0.01 per share",NYSE,True,False
CIM.PRB,Chimera Investment Corporation 8.00% Series B Fixed-to-Floating Rate Cumulative Redeemable Preferred Stock,NYSE,True,False
GAINZ,Gladstone Investment Corporation 4.875% Notes due 2028,NASDAQ,True,False
OPXS,"Optex Systems Holdings, Inc. Common Stock",NASDAQ,True,False
BYFC,Broadway Financial Corporation Class A Common Stock,NASDAQ,True,False
BEAG,Bold Eagle Acquisition Corp. Class A Ordinary Shares,NASDAQ,True,False
ONL,Orion Properties Inc.,NYSE,True,True
LSCC,Lattice Semiconductor Corporation Common Stock,NASDAQ,True,True
LUMN,"Lumen Technologies, Inc.",NYSE,True,True
ICL,ICL Group Ltd.,NYSE,True,False
MCS,The Marcus Corporation,NYSE,True,True
IPI,"Intrepid Potash, Inc",NYSE,True,True
SEM,SELECT MEDICAL HOLDINGS CORP,NYSE,True,True
KMCA,PLUS Korea Manufacturing Core Alliance Index ETF,ARCA,True,False
NUGO,Nuveen Growth Opportunities ETF,ARCA,True,False
PAPI,Parametric Equity Premium Income ETF,ARCA,True,False
PBMR,PGIM S&P 500 Buffer 20 ETF - March,BATS,True,False
PQUS,Pictet AI Enhanced US Equity ETF,ARCA,True,False
QDEC,FT Vest Growth-100 Buffer ETF - December,BATS,True,False
QQUP,ProShares Trust ProShares Ultra QQQ Mega,NASDAQ,True,False
RTAI,Rareview Tax Advantaged Income ETF,BATS,True,False
SEF,ProShares Short Financials,ARCA,True,False
PXED,"Phoenix Education Partners, Inc.",NYSE,True,False
IRIX,IRIDEX Corporation Common Stock,NASDAQ,True,False
PKOH,Park-Ohio Holdings Corp. Common Stock,NASDAQ,True,False
TVA,Texas Ventures Acquisition III Corp Class A Ordinary Share,NASDAQ,True,False
APO.PRA,"Apollo Global Management, Inc. 6.75% Series A Mandatory Convertible Preferred Stock",NYSE,True,False
CENN,Cenntro Inc. Common Stock,NASDAQ,True,False
PLBC,Plumas Bancorp,NASDAQ,True,False
GBLI,"Global Indemnity Group, LLC Class A Common Stock",NASDAQ,True,False
COF.PRL,"Capital One Financial Corporation Depositary Shares, Each Representing a 1/40th Interest in a Share of Fixed Rate Non- Cumulative Perpetual Preferred Stock, Series L",NYSE,True,False
SFTY,Horizon Managed Risk ETF,BATS,True,False
INEQ,Columbia International Equity Income ETF,ARCA,True,False
JXI,iShares Global Utilities ETF,ARCA,True,False
RJVI,RJ Eagle Vertical Income ETF,ARCA,True,False
NBSD,Neuberger Short Duration Income ETF,ARCA,True,False
OALC,OneAscent Large Cap Core ETF,ARCA,True,False
RMRC,ARMOR Core Risk-Managed ETF,ARCA,True,False
HEQT,Simplify Hedged Equity ETF,ARCA,True,False
SEIX,Virtus SEIX Senior Loan ETF,ARCA,True,False
NUDV,Nuveen ESG Dividend ETF,BATS,True,False
OKYO,OKYO Pharma Limited Ordinary Shares,NASDAQ,True,False
RKSG,Ruk Strategic Growth ETF,ARCA,True,False
MRGR,ProShares Merger ETF,BATS,True,False
MCVT,Miller Convertible Total Return ETF,ARCA,True,False
CSBR,"Champions Oncology, Inc. Common Stock",NASDAQ,True,False
PSA.PRO,"Public Storage Depositary Shares Each Representing 1/1,000 of a 3.900% Cumulative Preferred Share of Beneficial Interest, Series O",NYSE,True,False
USCB,"USCB Financial Holdings, Inc. Class A Common Stock",NASDAQ,True,False
FRAF,Franklin Financial Services Corporation Common Stock,NASDAQ,True,False
AMTD,"AMTD IDEA Group American Depositary Shares, each representing six (6) Class A Ordinary Shares",NYSE,True,False
APWC,"Asia Pacific Wire & Cable Corporation, Ltd. Ordinary Shares (Bermuda)",NASDAQ,True,False
ASPS,Altisource Portfolio Solutions S.A. Common Stock,NASDAQ,True,False
FKWL,Franklin Wireless Corp. Common Stock,NASDAQ,True,False
IBLC,iShares Blockchain and Tech ETF,ARCA,True,False
SCCR,Schwab Core Bond ETF,ARCA,True,False
NTGR,"NETGEAR, Inc. Common Stock",NASDAQ,True,True
IEX,IDEX Corporation,NYSE,True,True
HAFN,Hafnia Limited,NYSE,True,True
LNN,Lindsay Corporation,NYSE,True,True
IREN,IREN Limited Ordinary Shares,NASDAQ,True,True
LPX,Louisiana-Pacific Corp.,NYSE,True,True
NREF,"NexPoint Real Estate Finance, Inc.",NYSE,True,True
NUVL,"Nuvalent, Inc. Class A Common Stock",NASDAQ,True,True
NWSA,News Corporation Class A Common Stock,NASDAQ,True,True
NXDR,"Nextdoor Holdings, Inc.",NYSE,True,True
OLLI,"Ollie's Bargain Outlet Holdings, Inc. Common Stock",NASDAQ,True,True
OLPX,"Olaplex Holdings, Inc. Common Stock",NASDAQ,True,True
NOA,North American Construction Group Ltd.,NYSE,True,False
PLUR,Pluri Inc. Common Stock,NASDAQ,True,False
RZC,"Reinsurance Group of America, Incorporated 7.125% Fixed-Rate Reset Subordinated Debentures due 2052",NYSE,True,False
SPCB,"SuperCom, Ltd. Ordinary Shares (Israel)",NASDAQ,True,False
SQNS,Sequans Communications S.A. American Depositary Shares (each representing one hundred (100) Ordinary Shares),NYSE,True,False
WNEB,"Western New England Bancorp, Inc. Common Stock",NASDAQ,True,False
ASYS,"Amtech Systems, Inc. Common Stock",NASDAQ,True,False
ONON,On Holding AG,NYSE,True,True
ONT,"Onterris, Inc.",NYSE,True,True
ONTO,Onto Innovation Inc.,NYSE,True,True
OOMA,"Ooma, Inc. Common Stock",NYSE,True,True
OPCH,"Option Care Health, Inc. Common Stock",NASDAQ,True,True
OPEN,Opendoor Technologies Inc Common Stock,NASDAQ,True,True
LYG,Lloyds Banking Group PLC,NYSE,True,True
NLY,Annaly Capital Management. Inc.,NYSE,True,True
OUT,OUTFRONT Media Inc.,NYSE,True,True
IEFA,iShares Core MSCI EAFE ETF,BATS,True,True
LASR,"nLIGHT, Inc. Common Stock",NASDAQ,True,True
ISCG,iShares Morningstar Small-Cap Growth ETF,ARCA,True,True
NVRI,Enviri Corporation,NYSE,True,True
ONEQ,Fidelity Nasdaq Composite Index ETF,NASDAQ,True,True
HUM,Humana Inc.,NYSE,True,True
MCY,Mercury General Corp.,NYSE,True,True
AGNCP,"AGNC Investment Corp. Depositary Shares Each Representing a 1/1,000th Interest in a Share of 6.125% Series F Fixed-to-Floating Rate Cumulative Redeemable Preferred Stock",NASDAQ,True,False
BWEN,"Broadwind, Inc. Common Stock",NASDAQ,True,False
CGCT,Cartesian Growth Corporation III Class A Ordinary Shares,NASDAQ,True,False
KTCC,Key Tronic Corporation Common Stock,NASDAQ,True,False
MCRB,"Seres Therapeutics, Inc. Common Stock",NASDAQ,True,False
MPTI,"M-tron Industries, Inc.",AMEX,True,False
TACT,TransAct Technologies Incorporated Common Stock,NASDAQ,True,False
IPAC,iShares Core MSCI Pacific ETF,ARCA,True,True
OSK,Oshkosh Corp.,NYSE,True,True
PAPR,Innovator U.S. Equity Power Buffer ETF - April,BATS,True,True
HEI,HEICO Corporation,NYSE,True,True
IWLG,NYLI Winslow Large Cap Growth ETF,ARCA,True,True
PSEC,Prospect Capital Corporation Common Stock,NASDAQ,True,True
KELYA,"Kelly Services, Inc. Class A Common Stock",NASDAQ,True,True
MED,"Medifast, Inc.",NYSE,True,True
IBIK,iShares iBonds Oct 2034 Term TIPS ETF,ARCA,True,True
SCYB,Schwab High Yield Bond ETF,ARCA,True,True
ICUI,"ICU Medical, Inc. Common Stock",NASDAQ,True,True
NSIT,"Insight Enterprises, Inc. Common Stock",NASDAQ,True,True
KSA,iShares MSCI Saudi Arabia ETF,ARCA,True,True
OVV,Ovintiv Inc.,NYSE,True,True
HDB,HDFC Bank Limited,NYSE,True,True
KVYO,"Klaviyo, Inc.",NYSE,True,True
HBIO,"Harvard Bioscience, Inc. Common Stock",NASDAQ,True,False
IZEA,"IZEA Worldwide, Inc. Common Stock",NASDAQ,True,False
KRMD,"KORU Medical Systems, Inc. Common Stock (DE)",NASDAQ,True,False
TCRT,"Alaunos Therapeutics, Inc. Common Stock",NASDAQ,True,False
VTVT,vTv Therapeutics Inc. Class A Common Stock,NASDAQ,True,False
XBIT,XBiotech Inc. Common Stock,NASDAQ,True,False
IQST,IQSTEL INC. Common Stock,NASDAQ,True,False
PKBK,"Parke Bancorp, Inc. Common Stock",NASDAQ,True,False
QVOY,Q3 All-Season Active Rotation ETF,BATS,True,False
IBII,iShares iBonds Oct 2032 Term TIPS ETF,ARCA,True,False
RCLR,Reckoner BBB-B CLO Reinvesting ETF,ARCA,True,False
IPHA,Innate Pharma S.A. ADS,NASDAQ,True,False
LGHT,Langar Global HealthTech ETF,ARCA,True,False
NUAG,Nuveen Enhanced Yield U.S. Aggregate Bond ETF,ARCA,True,False
PCT,"PureCycle Technologies, Inc. Common stock",NASDAQ,True,False
NRDY,Nerdy Inc.,NYSE,True,False
REIT,ALPS ETF Trust ALPS Active REIT ETF,NASDAQ,True,False
NEHI,NEOS Ethereum High Income ETF,BATS,True,False
HEMI,Hartford Equity Premium Income ETF,BATS,True,False
OFLX,"Omega Flex, Inc. Common Stock",NASDAQ,True,True
MT,ArcelorMittal,NYSE,True,True
HLLY,Holley Inc.,NYSE,True,True
PSMT,"PriceSmart, Inc. Common Stock",NASDAQ,True,True
INDY,iShares India 50 ETF,NASDAQ,True,True
LTRYW,Sports Entertainment Gaming Global Corporation Warrants,NASDAQ,True,False
GMED,GLOBUS MEDICAL INC,NYSE,True,True
AVSD,Avantis Responsible International Equity ETF,ARCA,True,False
LOBO,LOBO TECHNOLOGIES LTD. Class A Ordinary Shares,NASDAQ,True,False
NNBR,"NN, Inc. Common Stock",NASDAQ,True,True
IAUM,iShares Gold Trust Micro,ARCA,True,True
MIN,MFS Intermediate Income Trust,NYSE,True,True
MXCT,"MaxCyte, Inc. Common Stock",NASDAQ,True,True
NCMI,"National CineMedia, Inc. Common Stock",NASDAQ,True,True
PBA,PEMBINA PIPELINE CORPORATION,NYSE,True,True
PLOW,"DOUGLAS DYNAMICS, INC.",NYSE,True,True
ROM,ProShares Ultra Technology,ARCA,True,True
OUST,"Ouster, Inc. Common Stock",NASDAQ,True,True
LAR,Lithium Argentina AG,NYSE,True,True
MHK,"Mohawk Industries, Inc.",NYSE,True,True
IAC,IAC Inc. Common Stock,NASDAQ,True,True
PFE,Pfizer Inc.,NYSE,True,True
MUX,McEwen Inc.,NYSE,True,True
JCHI,JPMorgan Active China ETF,ARCA,True,False
PHYS,Sprott Physical Gold Trust,ARCA,True,True
MCD,McDonald's Corporation,NYSE,True,True
LMUB,iShares Long-Term National Muni Bond ETF,ARCA,True,False
LFAI,LifeX 2050 Longevity Income ETF,BATS,True,False
RELX,RELX PLC,NYSE,True,True
NOK,Nokia Corporation,NYSE,True,True
JMHI,JPMorgan High Yield Municipal ETF,ARCA,True,False
AVSC,Avantis U.S. Small Cap Equity ETF,ARCA,True,False
AVS,Direxion Shares ETF Trust Direxion Daily AVGO Bear 1X ETF,NASDAQ,True,False
AVOS,EA Series Trust Avos Global Equities ETF,NASDAQ,True,False
KOOL,North Shore Equity Rotation ETF,ARCA,True,False
MUB,iShares National Muni Bond ETF,ARCA,True,False
NCA,Nuveen California Municipal Value Fund,NYSE,True,False
PCRB,Putnam ESG Core Bond ETF,ARCA,True,False
PYPG,Themes ETF Trust Leverage Shares 2X Long PYPL Daily ETF,NASDAQ,True,False
QEW,Invesco Exchange-Traded Fund Trust II Invesco QQQ Equal Weight ETF,NASDAQ,True,False
NPFD,Nuveen Variable Rate Preferred & Income Fund,NYSE,True,False
MAGG,Madison Aggregate Bond ETF,ARCA,True,False
LODI,AAM SLC Low Duration Income ETF,ARCA,True,False
QSOL,Invesco Galaxy Solana ETF,BATS,True,False
MTUL,ETRACS 2x Leveraged MSCI US Momentum Factor TR ETN,ARCA,True,False
PVEX,TrueShares ConVequity ETF,BATS,True,False
SECU,iShares Securitized Income Active ETF,BATS,True,False
PMM,Putnam Managed Municipal Income,NYSE,True,False
QBER,TrueShares Quarterly Bear Hedge ETF,BATS,True,False
MSSS,Monarch Select Subsector Index ETF,BATS,True,False
PLTW,Roundhill PLTR WeeklyPay ETF,BATS,True,False
RVER,Trenchless Fund ETF,ARCA,True,False
GXLC,Global X U.S. 500 ETF,ARCA,True,False
PVI,Invesco Floating Rate Municipal Income ETF,ARCA,True,False
HVAC,AdvisorShares HVAC and Industrials ETF,ARCA,True,False
ADAMM,"Adamas Trust, Inc. 7.875% Series E Fixed-to-Floating Rate Cumulative Redeemable Preferred Stock",NASDAQ,True,False
AVNV,Avantis All International Markets Value ETF,ARCA,True,False
LNZA,"LanzaTech Global, Inc. Common Stock",NASDAQ,True,False
PEB.PRF,Pebblebrook Hotel Trust 6.3% Series F Cumulative Redeemable Preferred Shares of Beneficial Interest,NYSE,True,False
ATIIU,Archimedes Tech SPAC Partners II Co. Unit,NASDAQ,True,False
CTXR,"Citius Pharmaceuticals, Inc. Common Stock",NASDAQ,True,False
CUB,Lionheart Holdings Class A Ordinary Shares,NASDAQ,True,False
IBIJ,iShares iBonds Oct 2033 Term TIPS ETF,ARCA,True,False
IDX,VanEck Indonesia Index ETF,ARCA,True,False
LAC,Lithium Americas Corp.,NYSE,True,True
NXE,NexGen Energy Ltd.,NYSE,True,True
R,"Ryder System, Inc.",NYSE,True,True
IQV,IQVIA Holdings Inc.,NYSE,True,True
ICE,Intercontinental Exchange  Inc.,NYSE,True,True
PBW,Invesco WilderHill Clean Energy ETF,ARCA,True,True
SENEA,Seneca Foods Corp. Class A Common Stock,NASDAQ,True,True
LONZ,PIMCO Senior Loan Active Exchange-Traded Fund,ARCA,True,True
MCO,Moody's Corporation,NYSE,True,True
OFG,OFG BANCORP,NYSE,True,True
PLTM,GraniteShares Platinum Shares,ARCA,True,True
PZG,Paramount Gold Nevada Corp.,AMEX,True,True
REXR,"REXFORD INDUSTRIAL REALTY, INC.",NYSE,True,True
PTIN,Pacer Trendpilot International ETF,ARCA,True,True
SCHA,Schwab U.S Small- Cap ETF,ARCA,True,True
SBFMW,Sunshine Biopharma Inc. Warrant,NASDAQ,True,False
SOS,SOS Limited,NYSE,True,False
OLED,Universal Display Corporation Common Stock,NASDAQ,True,True
QSR,Restaurant Brands International Inc.,NYSE,True,True
JANB,Aptus January Buffer ETF,BATS,True,False
MHO,"M/I Homes, Inc.",NYSE,True,True
SFD,"Smithfield Foods, Inc. Common Stock",NASDAQ,True,True
NMAX,"Newsmax, Inc.",NYSE,True,False
RLI,RLI Corp.,NYSE,True,True
KWIN,KraneShares Wahed Alternative Income Index ETF,ARCA,True,False
MZZ,ProShares UltraShort MidCap400,ARCA,True,False
PSCQ,Pacer Swan SOS Conservative (October) ETF,BATS,True,False
RHRX,RH Tactical Rotation ETF,ARCA,True,False
RMNY,Rockefeller New York Municipal Bond ETF,ARCA,True,False
NNY,Nuveen New York Municipal Value Fund,NYSE,True,False
OAEM,OneAscent Emerging Markets ETF,ARCA,True,False
ISMD,Inspire Small/Mid Cap ETF,ARCA,True,False
KVLE,KraneShares Value Line Dynamic Dividend Equity Index ETF,ARCA,True,False
SEMG,Suncoast Select Growth ETF,ARCA,True,False
HOMZ,Hoya Capital Housing ETF,ARCA,True,False
KMAY,Innovator U.S. Small Cap Power Buffer ETF - May,BATS,True,False
PCLG,Polen Focus Growth ETF,ARCA,True,False
RBLY,YieldMax RBLX Option Income Strategy ETF,ARCA,True,False
MATE,Man ETF Series Trust Man Active Trend Enhanced ETF,NASDAQ,True,False
NCLO,Nuveen AA-BBB CLO ETF,ARCA,True,False
OOSP,Obra Opportunistic Structured Products ETF,ARCA,True,False
HXL,Hexcel Corporation,NYSE,True,True
LAD,"Lithia Motors, Inc.",NYSE,True,True
KVUE,Kenvue Inc.,NYSE,True,True
MDV,"Modiv Industrial, Inc.",NYSE,True,True
MOS,The Mosaic Company,NYSE,True,True
PAVE,Global X U.S. Infrastructure Development ETF,BATS,True,True
MUR,Murphy Oil Corp.,NYSE,True,True
HIG,"The Hartford Insurance Group, Inc.",NYSE,True,True
PFS,"Provident Financial Services, Inc.",NYSE,True,True
IE,Ivanhoe Electric Inc.,AMEX,True,True
IT,"Gartner, Inc.",NYSE,True,True
RSG,Republic Services Inc.,NYSE,True,True
JCAP,"Jefferson Capital, Inc. Common Stock",NASDAQ,True,True
PAXS,PIMCO Access Income Fund,NYSE,True,True
ITRG,Integra Resources Corp.,AMEX,True,True
LIFT,LifeX 2028 Income Bucket ETF,BATS,True,False
LYLD,Cambria Large Cap Shareholder Yield ETF,BATS,True,False
RTH,VanEck Retail ETF,NASDAQ,True,True
NU,Nu Holdings Ltd.,NYSE,True,True
PCHI,Polen High Income ETF,ARCA,True,False
VTG,Vanguard Total Treasury ETF,ARCA,True,False
VDE,Vanguard Energy ETF,ARCA,True,True
SSTK,"SHUTTERSTOCK, INC.",NYSE,True,True
SGLC,SGI U.S. Large Cap Core ETF,ARCA,True,False
SGMT,Sagimet Biosciences Inc. Series A Common Stock,NASDAQ,True,True
BNR,Burning Rock Biotech Limited American Depositary Shares,NASDAQ,True,False
SGOL,abrdn Physical Gold Shares ETF,ARCA,True,True
SGOV,iShares 0-3 Month Treasury Bond ETF,NYSE,True,True
SGML,Sigma Lithium Corporation Common Shares,NASDAQ,True,True
SGI,Somnigroup International Inc.,NYSE,True,True
SGHT,"Sight Sciences, Inc. Common Stock",NASDAQ,True,True
SMXT,Solarmax Technology Inc. Common Stock,NASDAQ,True,False
XRLX,FundX Conservative ETF,ARCA,True,False
XRPM,Amplify XRP 3% Monthly Option Income ETF,BATS,True,False
SPBW,AllianzIM Buffer20 Allocation ETF,BATS,True,False
VETZ,Academy Veteran Bond ETF,ARCA,True,False
VDI,Virtus International Dividend ETF,ARCA,True,False
XUDV,Franklin U.S. Dividend Booster Index ETF,ARCA,True,False
YALL,God Bless America ETF,ARCA,True,False
STBQ,Amplify Stablecoin Technology ETF,ARCA,True,False
YLDW,Westwood Enhanced Income Opportunity ETF,ARCA,True,False
YNOT,Horizon Funds Horizon Digital Frontier ETF,NASDAQ,True,False
USDX,"The RBB Fund, Inc. SGI Enhanced Core ETF",NASDAQ,True,False
WCEO,Hypatia Women CEO ETF,ARCA,True,False
WSDB,Weitz Short Duration Bond ETF,ARCA,True,False
ZHDG,Zega Buy & Hedge ETF,ARCA,True,False
UAE,iShares Trust iShares MSCI UAE ETF,NASDAQ,True,False
WARP,VanEck ETF Trust VanEck Space ETF,NASDAQ,True,False
ULE,ProShares Ultra Euro,ARCA,True,False
XOVL,Defiance Daily Target 2X Long XOVR ETF,BATS,True,False
MAA.PRI,"Mid-America Apartment Communities, Inc. 8.50% Series I Cumulative Redeemable Preferred Stock",NYSE,True,False
AVMV,Avantis U.S. Mid Cap Value ETF,ARCA,True,False
AVMU,Avantis Core Municipal Fixed Income ETF,ARCA,True,False
OCC,Optical Cable Corporation Common Stock,NASDAQ,True,True
STHH,STMicroelectronics NV ADRhedged,ARCA,True,False
USSE,Segall Bryant & Hamill Select Equity ETF,ARCA,True,False
URE,ProShares Ultra Real Estate,ARCA,True,False
SHPP,Pacer Industrials and Logistics ETF,ARCA,True,False
STOX,Horizon Core Equity ETF,BATS,True,False
TNUK,Tortoise Nuclear Renaissance ETF,ARCA,True,False
SRPU,Tradr 2X Long SRPT Daily ETF,BATS,True,False
SGRT,SMART Earnings Growth 30 ETF,ARCA,True,False
XLSR,State Street US Sector Rotation ETF,ARCA,True,False
TFI,State Street SPDR Nuveen ICE Municipal Bond ETF,ARCA,True,False
UMMA,Listed Funds Trust Wahed Dow Jones Islamic World ETF,NASDAQ,True,False
VGRO,Virtus Silvant Growth Opportunities ETF,ARCA,True,False
WZRD,Opportunistic Trader ETF,BATS,True,False
XAGG,Eaton Vance Income Opportunities ETF,ARCA,True,False
VFL,abrdn National Municipal Income Fund,AMEX,True,False
SHDG,Soundwatch Hedged Equity ETF,BATS,True,False
SHE,State Street SPDR MSCI USA Gender Diversity ETF,ARCA,True,False
SHM,State Street SPDR Nuveen ICE Short Term Municipal Bond ETF,ARCA,True,False
SHPU,Direxion Shares ETF Trust Direxion Daily SHOP Bull 2X ETF,NASDAQ,True,False
AVMC,Avantis U.S. Mid Cap Equity ETF,ARCA,True,False
NIXXW,"Nixxy, Inc. Warrant",NASDAQ,True,False
AVIE,Avantis Inflation Focused Equity ETF,ARCA,True,False
INTG,Intergroup Corporation (The) Common Stock,NASDAQ,True,False
ANV,GraniteShares ETF Trust GraniteShares Autocallable NVDA ETF,NASDAQ,True,False
OLN,Olin Corp.,NYSE,True,True
AVGX,Tidal Trust II Defiance Daily Target 2X Long AVGO ETF,NASDAQ,True,False
MIRA,"MIRA Pharmaceuticals, Inc. Common Stock",NASDAQ,True,False
NRXPW,"NRX Pharmaceuticals, Inc. Warrant",NASDAQ,True,False
SHRY,First Trust Exchange-Traded Fund VI First Trust Bloomberg Shareholder Yield ETF,NASDAQ,True,False
SHYM,iShares Short Duration High Yield Muni Active ETF,BATS,True,False
SIJ,ProShares UltraShort Industrials,ARCA,True,False
SIMS,State Street SPDR S&P Kensho Intelligent Structures ETF,ARCA,True,False
SIO,Touchstone Strategic Income ETF,ARCA,True,False
SIOO,VistaShares Target 15 S&P 100 Distribution ETF,ARCA,True,False
SIXF,AllianzIM U.S. Equity 6 Month Buffer10 Feb/Aug ETF,BATS,True,False
SIXP,AllianzIM U.S. Equity 6 Month Buffer10 Mar/Sep ETF,BATS,True,False
SIXS,ETC 6 Meridian Small Cap Equity ETF,ARCA,True,False
SIXZ,AllianzIM U.S. Equity 6 Month Buffer10 May/Nov ETF,BATS,True,False
SJCP,Manager Directed Portfolios SanJac Alpha Core Plus Bond ETF,NASDAQ,True,False
SKYU,ProShares Trust ProShares Ultra Nasdaq Cloud Computing ETF,NASDAQ,True,False
SLDR,Global X Short-Term Treasury Ladder ETF,ARCA,True,False
SLNH,"Soluna Holdings, Inc. Common Stock",NASDAQ,True,False
SVCCU,Stellar V Capital Corp. Unit,NASDAQ,True,False
AVGU,GraniteShares ETF Trust GraniteShares 2x Long AVGO Daily ETF,NASDAQ,True,False
SLQD,iShares 0-5 Year Investment Grade Corporate Bond ETF,NASDAQ,True,False
SMAP,Amplify Small-Mid Cap Equity ETF,ARCA,True,False
SMCF,Themes ETF Trust Themes US Small Cap Cash Flow Champions ETF,NASDAQ,True,False
SMCL,GraniteShares ETF Trust GraniteShares 2x Long SMCI Daily ETF,NASDAQ,True,False
SMCO,Tidal Trust II Hilton Small-MidCap Opportunity ETF,NASDAQ,True,False
SMCX,Tidal Trust II Defiance Daily Target 2X Long SMCI ETF,NASDAQ,True,False
SMCY,YieldMax SMCI Option Income Strategy ETF,ARCA,True,False
SMCZ,Tidal Trust II Defiance Daily Target 2X Short SMCI ETF,NASDAQ,True,False
TUSB,Thrivent Ultra Short Bond ETF,ARCA,True,False
SMDV,ProShares Russell 2000 Dividend Growers ETF,BATS,True,False
SMDX,Intech S&P Small-Mid Cap Diversified Alpha ETF,ARCA,True,False
SMN,ProShares UltraShort Materials,ARCA,True,False
SMOM,Symmetry Panoramic Trust Symmetry Panoramic Sector Momentum ETF,NASDAQ,True,False
SMUP,T-REX 2X Long SMR Daily Target ETF,BATS,True,False
SMYY,GraniteShares ETF Trust GraniteShares YieldBOOST SMCI ETF,NASDAQ,True,False
SMZ,Tradr 2X Short SMR Daily ETF,BATS,True,False
SNBR,Sleep Number Corporation Common Stock,NASDAQ,True,False
SNDG,Leverage Shares 2X Long SNDK Daily ETF,BATS,True,False
SNSR,Global X Funds Global X Internet of Things ETF,NASDAQ,True,False
SNXX,Tradr 2X Long SNDK Daily ETF,BATS,True,False
AVGB,American Century ETF Trust Avantis Credit ETF,NASDAQ,True,False
LMFA,"LM Funding America, Inc. Common Stock",NASDAQ,True,False
AIRT,"Air T, Inc. Common Stock",NASDAQ,True,False
WSBCO,"WesBanco, Inc. Depositary Shares each representing 1/40th interest in a share of 7.375% Fixed-Rate Reset Non-Cumulative Perpetual Preferred Stock, Series B",NASDAQ,True,False
MS.PRO,"Morgan Stanley Depositary Shares, each representing 1/1,000th of a share of 4.250% Non-Cumulative Preferred Stock, Series O",NYSE,True,False
GDV.PRH,The Gabelli Dividend & Income Trust 5.375% Series H Cumulative Preferred Shares,NYSE,True,False
HAVAR,Harvard Ave Acquisition Corporation Rights that convert on a 1/10th of 1 basis to Class A ordinary Shares,NASDAQ,True,False
HAVAU,Harvard Ave Acquisition Corporation Unit,NASDAQ,True,False
SOVF,Sovereign's Capital Flourish Fund,ARCA,True,False
SPCK,Collaborative Investment Series Trust The SPAC and New Issue ETF,NASDAQ,True,False
SPCT,Two Roads Shared Trust Liberty One Spectrum ETF,NASDAQ,True,False
SRHQ,SRH U.S. Quality GARP ETF,ARCA,True,False
SPCZ,RiverNorth Enhanced Pre-Merger SPAC ETF,BATS,True,False
SPD,Simplify US Equity PLUS Downside Convexity ETF,ARCA,True,False
SPDV,AAM S&P 500 High Dividend Value ETF,ARCA,True,False
SPE,"Special Opportunities Fund, Inc.",NYSE,True,False
SPFF,Global X SuperIncome Preferred ETF,ARCA,True,False
SPUC,Simplify US Equity PLUS Upside Convexity ETF,ARCA,True,False
SPYH,NEOS S&P 500 Hedged Equity Income ETF,BATS,True,False
SPYQ,Investment Managers Series Trust II Tradr 2X Long SPY Quarterly ETF,NASDAQ,True,False
LIXT,"Lixte Biotechnology Holdings, Inc. Common Stock",NASDAQ,True,False
HR,Healthcare Realty Trust Incorporated,NYSE,True,True
AVEE,Avantis Emerging Markets Small Cap Equity ETF,ARCA,True,False
AVDS,Avantis International Small Cap Equity ETF,ARCA,True,False
AUSF,Global X Adaptive U.S. Factor ETF,ARCA,True,False
AUGZ,TrueShares Structured Outcome (August) ETF,BATS,True,False
ASLV,Allspring Special Large Value ETF,ARCA,True,False
AUGW,AllianzIM U.S. Equity Buffer20 Aug ETF,BATS,True,False
AUGU,AllianzIM U.S. Equity Buffer15 Uncapped Aug ETF,BATS,True,False
LASE,Laser Photonics Corporation Common Stock,NASDAQ,True,False
SPYU,MAX S&P 500 4x Leveraged ETN,ARCA,True,False
SQLT,iShares MSCI USA Small-Cap Quality Factor ETF,BATS,True,False
SQLV,Royce Quant Small-Cap Quality Value ETF,NASDAQ,True,False
SQMX,FT Vest U.S. Equity Quarterly Max Buffer ETF,BATS,True,False
SQS,EA Series Trust Sapient Quality Select ETF,NASDAQ,True,False
SRHR,SRH REIT Covered Call ETF,ARCA,True,False
SRTY,ProShares UltraPro Short Russell2000,ARCA,True,False
SRVR,Pacer Data & Infrastructure Real Estate ETF,ARCA,True,False
SRXH,"SRX Health Solutions, Inc.",AMEX,True,False
SSII,SS Innovations International Inc. Common Stock,NASDAQ,True,False
SSXU,Day Hagan Smart Sector International ETF,ARCA,True,False
OPFI.WS,"OppFi Inc. Warrants, each whole warrant exercisable for one share of Class A common stock at an exercise price of $11.50 per share",NYSE,True,False
INMB,INmune Bio Inc. Common stock,NASDAQ,True,False
INN.PRE,"Summit Hotel Properties, Inc. 6.250% Series E Cumulative Redeemable Preferred Stock",NYSE,True,False
STAX,Nomura Tax-Free USA Short Term ETF,ARCA,True,False
STEX,Streamex Corp. Common Stock,NASDAQ,True,False
STLU,2x Stellar ETF,BATS,True,False
STNC,Hennessy Funds Trust Hennessy Sustainable ETF,NASDAQ,True,False
STOT,State Street DoubleLine Short Duration Total Return Tactical ETF,BATS,True,False
STRF,Strategy Inc 10.00% Series A Perpetual Strife Preferred Stock,NASDAQ,True,False
STRK,Strategy Inc 8.00% Series A Perpetual Strike Preferred Stock,NASDAQ,True,False
STSM,Defiance Daily Target 2X Short TSM ETF,ARCA,True,False
STXL,Defiance Daily Target 2x Long STX ETF,BATS,True,False
STXT,Strive Total Return Bond ETF,NYSE,True,False
STXV,Strive 1000 Value ETF,NYSE,True,False
SURE,AdvisorShares Insider Advantage ETF,ARCA,True,False
STRN,SMART Trend 25 ETF,ARCA,True,False
SUSA,iShares ESG Optimized MSCI USA ETF,ARCA,True,False
SVAL,iShares US Small Cap Value Factor ETF,BATS,True,False
SVXY,ProShares Short VIX Short-Term Futures ETF,BATS,True,False
SWP,Manager Directed Portfolios SWP Growth & Income ETF,NASDAQ,True,False
SYSB,iShares Systematic Bond ETF,BATS,True,False
SYZ,Lazard Active ETF Trust Lazard US Systematic Small Cap Equity ETF,NASDAQ,True,False
AUGT,AllianzIM U.S. Equity Buffer10 Aug ETF,BATS,True,False
AUGP,PGIM S&P 500 Buffer 12 ETF - August,BATS,True,False
AUAU,Global X Gold Miners ETF,ARCA,True,False
ATYR,"aTyr Pharma, Inc. Common Stock",NASDAQ,True,False
TACK,Fairlead Tactical Sector ETF,ARCA,True,False
TACN,T. Rowe Price Active Core International Equity ETF,ARCA,True,False
TAFL,AB Tax-Aware Long Municipal ETF,ARCA,True,False
TAFM,AB Tax-Aware Intermediate Municipal ETF,ARCA,True,False
TAN,Invesco Solar ETF,ARCA,True,False
TAPR,Innovator Equity Defined Protection ETF - 2 Yr to April 2027,BATS,True,False
TARK,Investment Managers Series Trust II Tradr 2X Long Innovation ETF,NASDAQ,True,False
TAXM,BondBloxx IR+M Tax-Aware ETF for Massachusetts Residents,ARCA,True,False
TAXS,Northern Funds Northern Trust Short-Term Tax-Exempt Bond ETF,NASDAQ,True,False
TBFG,The Brinsmere Fund - Growth ETF,ARCA,True,False
TBLU,Tortoise Global Water ETF,NYSE,True,False
TBT,ProShares Trust UltraShort Lehman 20+ Year Treasury,ARCA,True,False
TBX,ProShares Short 7-10 Year Treasury,ARCA,True,False
TBXU,Direxion Daily Biotech Top 5 Bull 2X ETF,ARCA,True,False
TCAI,Tortoise AI Infrastructure ETF,NYSE,True,False
TDSB,Exchange Listed Funds Trust ETC Cabana Target Beta ETF,NASDAQ,True,False
TDSC,Exchange Listed Funds Trust ETC Cabana Target Drawdown 10 ETF,NASDAQ,True,False
TDTT,FlexShares iBoxx 3-Year Target Duration TIPS Index Fund,ARCA,True,False
GIBOW,GIBO Holdings Limited Warrants,NASDAQ,True,False
GIGM,GigaMedia Limited Ordinary Shares,NASDAQ,True,False
DBGI,"Digital Brands Group, Inc. Common Stock",NASDAQ,True,False
DDC,DDC Enterprise Limited,AMEX,True,False
ATMP,iPath Select MLP ETN,BATS,True,False
ADAMN,"Adamas Trust, Inc. 8.00% Series D Fixed-to-Floating Rate Cumulative Redeemable Preferred Stock",NASDAQ,True,False
ADAMO,"Adamas Trust, Inc. 9.250% Senior Notes Due 2031",NASDAQ,True,False
APLMW,Apollomics Inc. Warrant,NASDAQ,True,False
ATGL,Alpha Technology Group Limited Class A Ordinary Shares,NASDAQ,True,False
TDV,ProShares S&P Technology Dividend Aristocrats ETF,BATS,True,False
TDVI,FT Vest Technology Dividend Target Income ETF,BATS,True,False
TECS,Direxion Daily Technology Bear 3x ETF,ARCA,True,False
TERG,Themes ETF Trust Leverage Shares 2X Long TER Daily ETF,NASDAQ,True,False
TESL,Simplify Volt TSLA Revolution ETF,ARCA,True,False
TETH,21Shares Ethereum ETF,BATS,True,False
TEXN,iShares Trust iShares Texas Equity ETF,NASDAQ,True,False
TFFI,Chesapeake Trend-Following Fixed Income ETF,ARCA,True,False
TFGZ,Thornburg Focus Growth Fund,NASDAQ,True,False
TFJL,Innovator 20+ Year Treasury Bond 5 Floor ETF - July,BATS,True,False
THH,TryHard Holdings Limited Ordinary Shares,NASDAQ,True,False
THMZ,Lazard Active ETF Trust Lazard Equity Megatrends ETF,NASDAQ,True,False
TIPB,Northern Trust 2035 Inflation-Linked Distributing Ladder ETF,ARCA,True,False
BAC.PRM,"Bank of America Corporation Depositary Shares, each representing a 1/1,000th interest in a share of 5.375% Non-Cumulative Preferred Stock, Series KK",NYSE,True,False
DAO,"Youdao, Inc. American Depositary Shares, each representing one Class A Ordinary Share",NYSE,True,False
BAC.PRO,"Bank of America Corporation Depositary shares, each representing 1/1,000th interest in a share of 4.375% Non-Cumulative Preferred Stock, Series NN",NYSE,True,False
BKHA,Black Hawk Acquisition Corporation Class A Ordinary Shares,NASDAQ,True,False
TIPC,Northern Trust 2045 Inflation-Linked Distributing Ladder ETF,ARCA,True,False
TIPD,Northern Trust 2055 Inflation-Linked Distributing Ladder ETF,ARCA,True,False
TIPZ,PIMCO Broad U.S. TIPS Index Exchange-Traded Fund,ARCA,True,False
TJAN,Innovator Equity Defined Protection ETF - 2 Yr to January 2027,BATS,True,False
TJUL,Innovator Equity Defined Protection ETF - 2 Yr to July 2027,BATS,True,False
TJUN,FT Vest Emerging Markets Buffer ETF - June,BATS,True,False
TLCI,Touchstone International Equity ETF,ARCA,True,False
TLTX,Global X Treasury Bond Enhanced Income ETF,BATS,True,False
TLX,Telix Pharmaceuticals Limited American Depositary Shares,NASDAQ,True,False
TMED,"T. Rowe Price Exchange-Traded Funds, Inc. T. Rowe Price Health Care ETF",NASDAQ,True,False
TMFS,Motley Fool Small-Cap Growth ETF,BATS,True,False
TMLP,Tortoise MLP ETF,ARCA,True,False
TMNL,"T. Rowe Price Exchange-Traded Funds, Inc. T. Rowe Price Long Municipal Income ETF",NASDAQ,True,False
TMSF,"T. Rowe Price Exchange-Traded Funds, Inc. T. Rowe Price Multi-Sector Income ETF",NASDAQ,True,False
TMSL,T. Rowe Price Small-Mid Cap ETF,ARCA,True,False
PCAPW,ProCap Acquisition Corp Warrant,NASDAQ,True,False
FMACU,Future Money Acquisition Corporation Units,NASDAQ,True,False
TMV,Direxion Daily 20+ Year Treasury Bear 3X ETF,ARCA,True,False
TMVE,Thrivent Mid Cap Value ETF,ARCA,True,False
TMYY,GraniteShares ETF Trust GraniteShares YieldBOOST TSM ETF,NASDAQ,True,False
TNA,Direxion Daily Small Cap Bull 3x ETF,ARCA,True,False
TNXT,"T. Rowe Price Exchange-Traded Funds, Inc. T. Rowe Price Innovation Leaders ETF",NASDAQ,True,False
TNYA,"Tenaya Therapeutics, Inc. Common Stock",NASDAQ,True,False
TOK,iShares MSCI Kokusai Fund,ARCA,True,False
TOLL,Tema Durable Quality ETF,BATS,True,False
TOON,"Kartoon Studios, Inc.",AMEX,True,False
TOT,LionShares U.S. Equity Total Return ETF,ARCA,True,False
TPIF,Timothy Plan International ETF,ARCA,True,False
TPOR,Direxion Daily Transportation Bull 3X ETF,ARCA,True,False
TPRY,VistaShares Target 15 TEPRTantrum Contrarian Distribution ETF,ARCA,True,False
TQQY,GraniteShares ETF Trust GraniteShares YieldBOOST QQQ ETF,NASDAQ,True,False
TRIN,Trinity Capital Inc. Common Stock,NASDAQ,True,False
TRND,Pacer Trendpilot Fund of Funds ETF,ARCA,True,False
TRON,Tron Inc. Common Stock,NASDAQ,True,False
TROO,"TROOPS, Inc. Ordinary Shares",NASDAQ,True,False
TRSY,Xtrackers US 0-1 Year Treasury ETF,BATS,True,False
TRUC,VanEck ETF Trust VanEck Communication Services TruSector ETF,NASDAQ,True,False
TRPA,Hartford AAA CLO ETF,BATS,True,False
RACE,Ferrari N.V.,NYSE,True,True
LIDRW,"AEye, Inc. Warrant",NASDAQ,True,False
LABT,Lakewood-Amedex Biotherapeutics Inc. Common Stock,NASDAQ,True,False
TRUD,VanEck ETF Trust VanEck Consumer Discretionary TruSector ETF,NASDAQ,True,False
TRUT,VanEck ETF Trust VanEck Technology TruSector ETF,NASDAQ,True,False
TSCM,The 2023 ETF Series Trust TimesSquare Quality Mid Cap Growth ETF,NASDAQ,True,False
TSEP,FT Vest Emerging Market Buffer ETF - September,BATS,True,False
TSII,REX TSLA Covered Call ETF,BATS,True,False
TSLI,ProShares Ultra TSLA,ARCA,True,False
TSLR,GraniteShares ETF Trust GraniteShares 2x Long TSLA Daily ETF,NASDAQ,True,False
TSMX,Direxion Shares ETF Trust Direxion Daily TSM Bull 2X ETF,NASDAQ,True,False
TSRS,Truth Social American Red State REITs ETF,ARCA,True,False
TSUI,21shares Sui ETF Common Shares of Beneficial Interest Shares,NASDAQ,True,False
TTT,ProShares UltraPro Short 20+ Year Treasury,ARCA,True,False
TTXD,Direxion Daily Technology Top 5 Bear 2X ETF,ARCA,True,False
TTXU,Direxion Daily Technology Top 5 Bull 2X ETF,ARCA,True,False
TUG,Listed Funds Trust STF Tactical Growth ETF,NASDAQ,True,False
TUR,iShares MSCI Turkey Investable Market Index Fund,NASDAQ,True,False
TWM,ProShares UltraShort Russell2000,ARCA,True,False
TXUE,Thornburg ETF Trust Thornburg International Equity ETF,NASDAQ,True,False
TXUG,Thornburg ETF Trust Thornburg International Growth Fund ETF,NASDAQ,True,False
TXXD,Listed Funds Trust 21Shares 2x Long Dogecoin ETF,NASDAQ,True,False
ASTX,Tradr 2X Long ASTS Daily ETF,BATS,True,False
ASMF,Virtus AlphaSimplex Managed Futures ETF,ARCA,True,False
ASIA,Matthews Pacific Tiger Active ETF,ARCA,True,False
TXXH,Listed Funds Trust 21Shares 2x Long HYPE ETF,NASDAQ,True,False
TXXI,BondBloxx IR+M Tax-Aware Intermediate Duration ETF,ARCA,True,False
TXXS,Listed Funds Trust 21Shares 2x Long Sui ETF,NASDAQ,True,False
TYA,Simplify Intermediate Term Treasury Futures Strategy ETF,BATS,True,False
TYD,Direxion Daily 7-10 Year Treasury Bull 3X ETF,ARCA,True,False
TYLG,Global X Information Technology Covered Call & Growth ETF,ARCA,True,False
TYO,Direxion Daily 7-10 Year Treasury Bear 3X ETF,ARCA,True,False
TZA,Direxion Daily Small Cap Bear 3x ETF,ARCA,True,False
TSCV,Thrivent Small Cap Value ETF,ARCA,True,False
UAVS,"AgEagle Aerial Systems, Inc.",AMEX,True,False
UBR,ProShares Ultra MSCI Brazil Capped,ARCA,True,False
UCC,ProShares Ultra Consumer Discretionary,ARCA,True,False
UCRD,Victory Portfolios II VictoryShares Corporate Bond ETF,NASDAQ,True,False
UCYB,ProShares Trust ProShares Ultra Nasdaq Cybersecurity ETF,NASDAQ,True,False
UDEC,Innovator U.S. Equity Ultra Buffer ETF - December,BATS,True,False
UECG,Themes ETF Trust Leverage Shares 2x Long UEC Daily ETF,NASDAQ,True,False
UEVM,Victory Portfolios II VictoryShares Emerging Markets Value Momentum ETF,NASDAQ,True,False
UFOD,Tuttle Capital UFO Disclosure ETF,BATS,True,False
UGE,ProShares Ultra Consumer Staples,ARCA,True,False
UITB,Victory Portfolios II VictoryShares Core Intermediate Bond ETF,NASDAQ,True,False
UIVM,Victory Portfolios II VictoryShares International Value Momentum ETF,NASDAQ,True,False
ULVM,VictoryShares Portfolios II VictoryShares US Value Momentum ETF,NASDAQ,True,False
UMAR,Innovator U.S. Equity Ultra Buffer ETF - March,BATS,True,False
UMAY,Innovator U.S. Equity Ultra Buffer ETF - May,BATS,True,False
UMDD,ProShares UltraPro MidCap400,ARCA,True,False
UNHW,Roundhill UNH WeeklyPay ETF,BATS,True,False
UNIY,WisdomTree Trust WisdomTree Voya Yield Enhanced USD Universal Bond Fund,NASDAQ,True,False
UNL,"United States 12 Month Natural Gas Fund, LP",ARCA,True,False
UNOV,Innovator U.S. Equity Ultra Buffer ETF - November,BATS,True,False
UNX,Tradr 2X Long U Daily ETF,BATS,True,False
UPB,"Upstream Bio, Inc. Common Stock",NASDAQ,True,False
UPGD,Invesco Bloomberg Analyst Rating Improvers ETF,ARCA,True,False
UPLT,ProShares Ultra Platinum K-1 Free ETF,ARCA,True,False
UPSG,Themes ETF Trust Leverage Shares 2X Long UPS Daily ETF,NASDAQ,True,False
UPV,ProShares Ultra FTSE Europe,ARCA,True,False
UPW,ProShares Ultra Utilities,ARCA,True,False
USE,USCF Energy Commodity Strategy Absolute Return Fund,ARCA,True,False
USEG,U.S. Energy Corp. Common Stock (DE),NASDAQ,True,False
USEP,Innovator U.S. Equity Ultra Buffer ETF - September,BATS,True,False
USFE,First Eagle US Equity ETF,ARCA,True,False
USG,USCF GOLD STRATEGY PLUS INCOME FUND,ARCA,True,False
USMC,Principal Exchange-Traded Funds Principal U.S. Mega-Cap ETF,NASDAQ,True,False
USMD,CoreValues America First Technology ETF,ARCA,True,False
USMF,WisdomTree U.S. Multifactor Fund,BATS,True,False
USML,ETRACS 2x Leveraged MSCI US Minimum Volatility Factor TR ETN,ARCA,True,False
USNG,Amplify Samsung U.S. Natural Gas Infrastructure ETF,ARCA,True,False
USNZ,Xtrackers Net Zero Pathway Paris Aligned US Equity ETF,ARCA,True,False
USO,"United States Oil Fund, LP",ARCA,True,False
USOI,"UBS AG ETRACS Crude Oil Shares Covered Call ETNs due April 24, 2037",NASDAQ,True,False
USPX,Franklin U.S. Equity Index ETF,ARCA,True,False
USRD,Themes ETF Trust Themes US R&D Champions ETF,NASDAQ,True,False
UTHY,"The RBB Fund, Inc. US Treasury 30 Year Bond ETF",NASDAQ,True,False
UUUG,Themes ETF Trust Leverage Shares 2X Long UUUU Daily ETF,NASDAQ,True,False
UVXY,ProShares Ultra VIX Short-Term Futures ETF,BATS,True,False
UXAP,FT Vest U.S. Equity Uncapped Accelerator ETF - April,BATS,True,False
UXJA,FT Vest U.S. Equity Uncapped Accelerator ETF - January,BATS,True,False
UXJL,FT Vest U.S. Equity Uncapped Accelerator ETF - July,BATS,True,False
UYG,ProShares Ultra Financials,ARCA,True,False
UYM,ProShares Ultra Materials,ARCA,True,False
VABS,Virtus Newfleet ABS/MBS ETF,ARCA,True,False
VALG,Themes ETF Trust Leverage Shares 2X Long VALE Daily ETF,NASDAQ,True,False
VALN,Valneva SE American Depositary Shares,NASDAQ,True,False
VAVX,VanEck Avalanche ETF Common Shares of Beneficial Interest,NASDAQ,True,False
VBCA,Vanguard Wellesley Income Fund Vanguard Target Maturity 2027 Corporate Bond ETF,NASDAQ,True,False
VBCB,Vanguard Wellesley Income Fund Vanguard Target Maturity 2028 Corporate Bond ETF,NASDAQ,True,False
VBCC,Vanguard Wellesley Income Fund Vanguard Target Maturity 2029 Corporate Bond ETF,NASDAQ,True,False
VBCD,Vanguard Wellesley Income Fund Vanguard Target Maturity 2030 Corporate Bond ETF,NASDAQ,True,False
VBCE,Vanguard Wellesley Income Fund Vanguard Target Maturity 2031 Corporate Bond ETF,NASDAQ,True,False
VBCF,Vanguard Wellesley Income Fund Vanguard Target Maturity 2032 Corporate Bond ETF,NASDAQ,True,False
VBCG,Vanguard Wellesley Income Fund Vanguard Target Maturity 2033 Corporate Bond ETF,NASDAQ,True,False
VBCI,Vanguard Wellesley Income Fund Vanguard Target Maturity 2035 Corporate Bond ETF,NASDAQ,True,False
VEMY,Virtus Stone Harbor Emerging Markets High Yield Bond ETF,ARCA,True,False
VMET,Versamet Royalties Corporation Common Stock,NASDAQ,True,False
VMSB,Voya Multi-Sector Income ETF,ARCA,True,False
VNAM,Global X MSCI Vietnam ETF,ARCA,True,False
VNSE,Natixis Vaughan Nelson Select ETF,ARCA,True,False
VPC,Virtus Private Credit Strategy ETF,ARCA,True,False
VPLS,Vanguard Malvern Funds Vanguard Core Plus Bond ETF,NASDAQ,True,False
VRTL,GraniteShares ETF Trust GraniteShares 2x Long VRT Daily ETF,NASDAQ,True,False
VTEB,Vanguard Tax-Exempt Bond Index Fund,ARCA,True,False
VTES,Vanguard Short-Term Tax-Exempt Bond ETF,ARCA,True,False
WBIF,WBI BullBear Value 3000 ETF,ARCA,True,False
WBIG,WBI BullBear Yield 3000 ETF,ARCA,True,False
WBIL,WBI BullBear Quality 3000 ETF,ARCA,True,False
WBTN,WEBTOON Entertainment Inc. Common stock,NASDAQ,True,False
WBUY,WEBUY GLOBAL LTD. Class A Ordinary Shares,NASDAQ,True,False
WCMG,First Trust WCM Global Equity ETF,ARCA,True,False
WCPB,Weitz Core Plus Bond ETF,ARCA,True,False
WDAF,WisdomTree Trust WisdomTree Asia Defense Fund,NASDAQ,True,False
WDAI,Pacer S&P World 3AI Top 300 ETF,BATS,True,False
WDEF,WisdomTree Europe Defense Fund,ARCA,True,False
WDIG,WisdomTree Efficient Rare Earth Plus Strategic Metals Fund,BATS,True,False
WDNA,WisdomTree BioRevolution Fund,BATS,True,False
WHLR,"Wheeler Real Estate Investment Trust, Inc. Common Stock",NASDAQ,True,False
WIA,Western Asset Inflation-Linked Income Fund,NYSE,True,False
WIMA,WisdomTree Trust WisdomTree International Adaptive Moving Average Fund,NASDAQ,True,False
WISD,Wisdom Short Duration Income ETF,ARCA,True,False
WISE,Themes ETF Trust Themes Generative Artificial Intelligence ETF,NASDAQ,True,False
WLDR,Simplify Affinity World Leaders Equity ETF,BATS,True,False
WLDU,Leverage Shares 2x Long World Stock Daily ETF,BATS,True,False
WSHP,WeShop Holdings Limited Class A Ordinary Shares,NASDAQ,True,False
WTMY,WisdomTree Trust WisdomTree High Income Laddered Municipal Fund,NASDAQ,True,False
XAPR,FT Vest U.S. Equity Enhance & Moderate Buffer ETF - April,BATS,True,False
XAUG,FT Vest U.S. Equity Enhance & Moderate Buffer ETF - August,BATS,True,False
ASHS,Xtrackers Harvest CSI 500 China A-Shares Small Cap ETF,ARCA,True,False
XB,BondBloxx B-Rated USD High Yield Corporate Bond ETF,ARCA,True,False
XBAP,Innovator U.S. Equity Accelerated 9 Buffer ETF - April,BATS,True,False
XBB,BondBloxx BB-Rated USD High Yield Corporate Bond ETF,ARCA,True,False
XBCI,NEOS ETF Trust NEOS Boosted Bitcoin High Income ETF,NASDAQ,True,False
XBFR,Innovator Equity Managed 10 Buffer ETF,ARCA,True,False
XBJA,Innovator U.S. Equity Accelerated 9 Buffer ETF - January,BATS,True,False
XCEM,Columbia EM Core ex-China ETF,ARCA,True,False
XCH,XCHG Limited American Depositary Share,NASDAQ,True,False
XCNY,SPDR Index Shares Fund State Street SPDR S&P Emerging Markets ex-China ETF,NASDAQ,True,False
XDEF,DBX ETF Trust Xtrackers Europe Defense Technologies ETF,NASDAQ,True,False
XDQQ,Innovator Growth Accelerated ETF - Quarterly,BATS,True,False
XDSQ,Innovator U.S. Equity Accelerated ETF - Quarterly,BATS,True,False
XEMD,BondBloxx JP Morgan USD Emerging Markets 1-10 Year Bond ETF,BATS,True,False
XES,State Street SPDR S&P Oil & Gas Equipment & Services ETF,ARCA,True,False
XEY,GraniteShares ETF Trust GraniteShares YieldBOOST Ether ETF,NASDAQ,True,False
XFEB,FT Vest U.S. Equity Enhance & Moderate Buffer ETF - February,BATS,True,False
XJUN,FT Vest U.S. Equity Enhance & Moderate Buffer ETF - June,BATS,True,False
XLBI,State Street Materials Select Sector SPDR Premium Income ETF,ARCA,True,False
XLCI,State Street Communication Services Select Sector SPDR Premium Income ETF,ARCA,True,False
WTV,WisdomTree U.S. Value Fund,ARCA,True,False
XLII,State Street Industrial Select Sector SPDR Premium Income ETF,ARCA,True,False
XLKI,State Street Technology Select Sector SPDR Premium Income ETF,ARCA,True,False
XLRI,State Street Real Estate Select Sector SPDR Premium Income ETF,ARCA,True,False
XLSI,State Street Consumer Staples Select Sector SPDR Premium Income ETF,ARCA,True,False
XLUI,State Street Utilities Select Sector SPDR Premium Income ETF,ARCA,True,False
XLYI,State Street Consumer Discretionary Select Sector SPDR Premium Income ETF,ARCA,True,False
XMAG,Tidal Trust II Defiance Large Cap ex-Mag 7 ETF,NASDAQ,True,False
XMAR,FT Vest U.S. Equity Enhance & Moderate Buffer ETF - March,BATS,True,False
XMAY,FT Vest U.S. Equity Enhance & Moderate Buffer ETF - May,BATS,True,False
XMLV,Invesco S&P MidCap Low Volatility ETF,ARCA,True,False
XNDU,Xanadu Quantum Technologies Limited Class B Subordinate Voting Shares,NASDAQ,True,False
XNDX,Tradr 2X Long XNDU Daily ETF,BATS,True,False
XNTK,State Street SPDR NYSE Technology ETF,ARCA,True,False
XPAY,Roundhill S&P 500 Target 20 Managed Distribution ETF,ARCA,True,False
XPEG,Themes ETF Trust Leverage Shares 2X Long XPEV Daily ETF,NASDAQ,True,False
XPH,State Street SPDR S&P Pharmaceuticals ETF,ARCA,True,False
XPP,ProShares Ultra FTSE China 50 of PROSHARES TRUST,ARCA,True,False
XQQI,NEOS ETF Trust NEOS Boosted Nasdaq-100 High Income ETF,NASDAQ,True,False
XRPI,Volatility Shares Trust XRP ETF,NASDAQ,True,False
XSMO,Invesco S&P SmallCap Momentum ETF,ARCA,True,False
XSPI,NEOS ETF Trust NEOS Boosted S&P 500 High Income ETF,NASDAQ,True,False
XSVN,BondBloxx Bloomberg Seven Year Target Duration US Treasury ETF,ARCA,True,False
XTOC,Innovator U.S. Equity Accelerated Plus ETF - October,BATS,True,False
XTRE,BondBloxx Bloomberg Three Year Target Duration US Treasury ETF,ARCA,True,False
XTWY,BondBloxx Bloomberg Twenty Year Target Duration US Treasury ETF,ARCA,True,False
XUSP,Innovator Uncapped Accelerated U.S. Equity ETF,BATS,True,False
XXI,"Twenty One Capital, Inc.",NYSE,True,False
XXII,"22nd Century Group, Inc. Common Stock",NASDAQ,True,False
XXV,Simplify Ancorato Target 25 Distribution ETF,ARCA,True,False
XXX,CYBER HORNET Trust S&P 500 and XRP 75/25 Strategy ETF,NASDAQ,True,False
XYLD,Global X S&P 500 Covered Call ETF,ARCA,True,False
XYZY,YieldMax XYZ Option Income Strategy ETF,ARCA,True,False
YBST,GraniteShares ETF Trust GraniteShares YieldBoost Single Stock Universe ETF,NASDAQ,True,False
YBTC,Roundhill Bitcoin Covered Call Strategy ETF,BATS,True,False
YBTY,GraniteShares ETF Trust GraniteShares YieldBoost TopYielders ETF,NASDAQ,True,False
YDEC,FT Vest International Equity Moderate Buffer ETF - December,BATS,True,False
YDES,YD Bio Limited Ordinary Shares,NASDAQ,True,False
YETH,Roundhill Ether Covered Call Strategy ETF,BATS,True,False
YFFI,Indexperts Yield Focused Fixed Income ETF,ARCA,True,False
YFYA,Yields for You Income Strategy A ETF,ARCA,True,False
YGLD,Simplify Gold Strategy PLUS Income ETF,ARCA,True,False
ASHR,Xtrackers Harvest CSI 300 China A-Shares ETF,ARCA,True,False
YJUN,FT Vest International Equity Moderate Buffer ETF - June,BATS,True,False
YLDE,Legg Mason ETF Investment Trust Franklin ClearBridge Enhanced Income ETF,NASDAQ,True,False
YMAG,YieldMax Magnificent 7 Fund of Option Income ETFs,ARCA,True,False
YOKE,EA Series Trust YOKE Core ETF,NASDAQ,True,False
YOLO,AdvisorShares Pure Cannabis ETF,ARCA,True,False
YSPY,GraniteShares ETF Trust GraniteShares YieldBOOST SPY ETF,NASDAQ,True,False
YSS,York Space Systems Inc.,NYSE,True,False
YTRA,"Yatra Online, Inc. Ordinary Shares",NASDAQ,True,False
YUNG,Corgi Longevity Consumer ETF,BATS,True,False
ZAP,Global X Funds Global X U.S. Electrification ETF,NASDAQ,True,False
ZAPR,Innovator Equity Defined Protection ETF - 1 Yr April,BATS,True,False
ZAUG,Innovator Equity Defined Protection ETF - 1 Yr August,BATS,True,False
ZCBC,Global X Zero Coupon Bond 2032 ETF,ARCA,True,False
ZCBE,Global X Zero Coupon Bond 2033 ETF,ARCA,True,False
ZCBF,Global X Zero Coupon Bond 2034 ETF,ARCA,True,False
ZCBG,Global X Zero Coupon Bond 2035 ETF,ARCA,True,False
ZJAN,Innovator Equity Defined Protection ETF - 1 Yr January,BATS,True,False
ZJK,"ZJK Industrial Co., Ltd. Class A Ordinary Shares",NASDAQ,True,False
ZJUL,Innovtor Equity Defined Protection ETF - 1 Yr July,BATS,True,False
ZLAB,Zai Lab Limited American Depositary Shares,NASDAQ,True,False
ZMAR,Innovator Equity Defined Protection ETF - 1 Yr March,BATS,True,False
ZMAY,Innovator Equity Defined Protection ETF - 1 Yr May,BATS,True,False
SPUS,SP Funds S&P 500 Sharia ETF,ARCA,True,False
XC,WisdomTree True Emerging Markets Fund,ARCA,True,False
ZHOG,"The RBB Fund, Inc. F/m Opportunistic Income ETF",NASDAQ,True,False
VLLU,Harbor AlphaEdge Large Cap Value ETF,ARCA,True,False
SOUX,Tidal Trust II Defiance Daily Target 2X Long SOUN ETF,NASDAQ,True,False
SOXY,YieldMax Target 12 Semiconductor Option Income ETF,ARCA,True,False
ZKH,"ZKH Group Limited American Depositary Shares, each representing thirty-five (35) Class A Ordinary Shares",NYSE,True,False
TSL,GraniteShares ETF Trust GraniteShares 1.25x Long TSLA Daily ETF,NASDAQ,True,False
TTDU,T-REX 2X Long TTD Daily Target ETF,BATS,True,False
ZTWO,"The RBB Fund, Inc. F/m 2-Year Investment Grade Corporate Bond ETF",NASDAQ,True,False
TSEC,Touchstone Securitized Income ETF,ARCA,True,False
SMAX,iShares Large Cap Max Buffer Sep ETF,BATS,True,False
UGA,"United States Gasoline Fund, LP",ARCA,True,False
SNOY,YieldMax SNOW Option Income Strategy ETF,ARCA,True,False
SPOG,Themes ETF Trust Leverage Shares 2X Long SPOT Daily ETF,NASDAQ,True,False
VUSG,Vanguard Wellington U.S. Growth Active ETF,BATS,True,False
ZTEN,"The RBB Fund, Inc. F/m 10-Year Investment Grade Corporate Bond ETF",NASDAQ,True,False
SMMU,PIMCO Short Term Municipal Bond Active Exchange-Traded Fund,ARCA,True,False
USDU,WisdomTree Bloomberg U.S. Dollar Bullish Fund,ARCA,True,False
SKIN,SkinHealth Systems Inc. Class A Common Stock,NASDAQ,True,False
SKOR,FlexShares Trust FlexShares Credit-Scored US Corporate Bond Index Fund,NASDAQ,True,False
ASCI,abrdn Funds abrdn  International Small Cap Active ETF,NASDAQ,True,False
FG,"F&G Annuities & Life, Inc.",NYSE,True,True
KREF.PRA,KKR Real Estate Finance Trust Inc. 6.50% Series A Cumulative Redeemable Preferred Stock,NYSE,True,False
KOYNW,CSLM Digital Asset Acquisition Corp III Warrants,NASDAQ,True,False
ARVR,First Trust Exchange-Traded Fund II First Trust Indxx Metaverse ETF,NASDAQ,True,False
ARMY,Tema ETF Trust Tema International Defense ETF,NASDAQ,True,False
ARMW,Roundhill ARM WeeklyPay ETF,BATS,True,False
HCTI,"Healthcare Triangle, Inc. Common Stock",NASDAQ,True,False
HCWB,HCW Biologics Inc. Common Stock,NASDAQ,True,False
KOYNU,CSLM Digital Asset Acquisition Corp III Units,NASDAQ,True,False
ARKG,ARK Genomic Revolution ETF,BATS,True,False
SKRE,ETF Opportunities Trust Tuttle Capital Daily 2X Inverse Regional Banks ETF,NASDAQ,True,False
SPBO,State Street SPDR Portfolio Corporate Bond ETF,ARCA,True,False
SPCI,Tuttle Capital Space Industry Income Blast ETF,BATS,True,False
SVIX,-1x Short VIX Futures ETF,BATS,True,False
SXQG,ETC 6 Meridian Quality Growth ETF,ARCA,True,False
TBJL,Innovator 20+ Year Treasury Bond 9 Buffer ETF - July,BATS,True,False
TELO,"Telomir Pharmaceuticals, Inc. Common Stock",NASDAQ,True,False
TEMR,T. Rowe Price Emerging Markets Equity Research ETF,ARCA,True,False
TMB,Thornburg ETF Trust Thornburg Multi Sector Bond ETF,NASDAQ,True,False
TMCR,The Metals Royalty Company Inc. Common Stock,NASDAQ,True,False
TMDV,ProShares Russell US Dividend Growers ETF,BATS,True,False
ARCX,Tradr 2X Long ACHR Daily ETF,BATS,True,False
MXC,Mexco Energy Corporation,AMEX,True,False
ARBE,Arbe Robotics Ltd. Ordinary Shares,NASDAQ,True,False
NMPAR,NMP Acquisition Corp. Right,NASDAQ,True,False
OXLCZ,Oxford Lane Capital Corp. 5.00% Notes due 2027,NASDAQ,True,False
NVNI,Nvni Group Limited Ordinary Shares,NASDAQ,True,False
TMET,iShares U.S. ETF Trust iShares Transition-Enabling Metals ETF,NASDAQ,True,False
TRBF,Angel Oak Funds Trust Angel Oak Total Return ETF,NASDAQ,True,False
TSEL,Touchstone ETF Trust Touchstone Sands Capital US Select Growth ETF,NASDAQ,True,False
TSLG,Themes ETF Trust Leverage Shares 2X Long TSLA Daily ETF,NASDAQ,True,False
TSLL,Direxion Shares ETF Trust Direxion Daily TSLA Bull 2X ETF,NASDAQ,True,False
TSMU,GraniteShares ETF Trust GraniteShares 2x Long TSM Daily ETF,NASDAQ,True,False
TSMY,YieldMax TSM Option Income Strategy ETF,ARCA,True,False
TSMZ,Direxion Shares ETF Trust Direxion Daily TSM Bear 1X ETF,NASDAQ,True,False
TSXD,Direxion Daily Semiconductors Top 5 Bear 2X ETF,ARCA,True,False
TSYX,ETF Opportunities Trust TSPY Lift ETF,NASDAQ,True,False
TURF,"T. Rowe Price Exchange-Traded Funds, Inc. T. Rowe Price Natural Resource ETF",NASDAQ,True,False
UAPR,Innovator U.S. Equity Ultra Buffer ETF - April,BATS,True,False
USFI,Franklin Templeton ETF Trust BrandywineGLOBAL - U.S. Fixed Income ETF,NASDAQ,True,False
USGG,Themes ETF Trust Leverage Shares 2X Long USAR Daily ETF,NASDAQ,True,False
USIN,WisdomTree Trust WisdomTree 7-10 Year Laddered Treasury Fund,NASDAQ,True,False
OXLCP,Oxford Lane Capital Corp. 6.25% Series 2027 Term Preferred Shares,NASDAQ,True,False
PRZO,ParaZero Technologies Ltd. Ordinary Shares,NASDAQ,True,False
PSA.PRH,"Public Storage Depositary Shares Each Representing 1/1,000 of a 5.60% Cumulative Preferred Share of Beneficial Interest, Series H",NYSE,True,False
PSA.PRK,"Public Storage Depositary Shares Each Representing 1/1,000 of a 4.75% Cumulative Preferred Share of Beneficial Interest, Series K",NYSE,True,False
ORIQ,Origin Investment Corp I Ordinary Shares,NASDAQ,True,False
ALOV,"Aldabra 4 Liquidity Opportunity Vehicle, Inc. Class A Ordinary Shares",NASDAQ,True,False
VTP,Vanguard Total Inflation-Protection Securities ETF,ARCA,True,False
WALD,Waldencast plc Class A Ordinary Share,NASDAQ,True,False
WAMA,WisdomTree Trust WisdomTree US Adaptive Moving Average Fund,NASDAQ,True,False
WANT,Direxion Daily Consumer Discretionary Bull 3X ETF,ARCA,True,False
WYHG,Wing Yip Food Holdings Group Limited American Depositary Shares,NASDAQ,True,False
TSXU,Direxion Daily Semiconductors Top 5 Bull 2X ETF,ARCA,True,False
TSYW,Roundhill Treasury Bond WeeklyPay ETF,BATS,True,False
XHE,State Street SPDR S&P Health Care Equipment ETF,ARCA,True,False
XOEF,iShares S&P 500 ex S&P 100 ETF,ARCA,True,False
XOMX,Direxion Shares ETF Trust Direxion Daily XOM Bull 2X ETF,NASDAQ,True,False
XONE,BondBloxx Bloomberg One Year Target Duration US Treasury ETF,ARCA,True,False
SIXH,ETC 6 Meridian Hedged Equity Index Option ETF,ARCA,True,False
ZCBB,Global X Zero Coupon Bond 2031 ETF,ARCA,True,False
SIXD,AllianzIM U.S. Equity 6 Month Buffer10 Jun/Dec ETF,BATS,True,False
CGTL,Creative Global Technology Holdings Limited Class A Ordinary Shares,NASDAQ,True,False
SAAQU,Space Asset Acquisition Corp. Units,NASDAQ,True,False
SAAQW,Space Asset Acquisition Corp. Warrants,NASDAQ,True,False
TOLZ,ProShares DJ Brookfield Global Infrastructure ETF,ARCA,True,False
SIFI,Harbor Ares Systematic Multi-Sector Income ETF,ARCA,True,False
SIFY,Sify Technologies Limited American Depositary Shares,NASDAQ,True,False
SIHY,Harbor Ares Systematic High Yield ETF,ARCA,True,False
SMHB,ETRACS 2xMonthly Pay Leveraged US Small Cap High Dividend ETN Series B,ARCA,True,False
SMIG,Bahl & Gaynor Small/Mid Cap Income Growth ETF,ARCA,True,False
SMLF,iShares U.S. Small Cap Equity Factor ETF,ARCA,True,False
SMLV,State Street SPDR US Small Cap Low Volatility Index ETF,ARCA,True,False
SNDU,T-REX 2X Long SNDK Daily Target ETF,BATS,True,False
SPIN,State Street US Equity Premium Income ETF,BATS,True,False
SPLS,PIMCO US Stocks PLUS Active Bond Exchange-Traded Fund,BATS,True,False
SPMC,"Sound Point Meridian Capital, Inc.",NYSE,True,False
SPRE,SP Funds S&P Global REIT Sharia ETF,ARCA,True,False
SROI,Calamos Antetokounmpo Global Sustainable Equities ETF,ARCA,True,False
SRS,ProShares UltraShort Real Estate,ARCA,True,False
TEST,YieldMax TSLA Performance & Distribution Target 25 ETF,BATS,True,False
THLV,THOR Equal Weight Low Volatility ETF,NYSE,True,False
TWOX,iShares Large Cap Accelerated Outcome ETF,BATS,True,False
UJAN,Innovator U.S. Equity Ultra Buffer ETF - January,BATS,True,False
GOODN,Gladstone Commercial Corporation 6.625% Series E Cumulative Redeemable Preferred Stock,NASDAQ,True,False
VFS,VinFast Auto Ltd. Ordinary Shares,NASDAQ,True,False
VHUB,"VenHub Global, Inc. Common Stock",NASDAQ,True,False
VSLU,Applied Finance Valuation Large Cap ETF,ARCA,True,False
VSMV,Victory Portfolios II VictoryShares US Multi-Factor Minimum Volatility ETF,NASDAQ,True,False
VSOL,VanEck Solana ETF Shares of Beneficial Interest,NASDAQ,True,False
WGRX,"Wellgistics Health, Inc. Common Stock",NASDAQ,True,False
XISE,FT Vest U.S. Equity Buffer & Premium Income ETF - September,BATS,True,False
XITK,State Street SPDR FactSet Innovative Technology ETF,ARCA,True,False
XJAN,FT Vest U.S. Equity Enhance & Moderate Buffer ETF - January,BATS,True,False
XJH,iShares ESG Select Screened S&P Mid-Cap ETF,BATS,True,False
XJR,iShares ESG Select Screened S&P Small-Cap ETF,BATS,True,False
XSW,State Street SPDR S&P Software & Services ETF,ARCA,True,False
XTJL,Innovator U.S. Equity Accelerated Plus ETF - July,BATS,True,False
XTN,State Street SPDR S&P Transportation ETF,ARCA,True,False
YMAR,FT Vest International Equity Moderate Buffer ETF - March,BATS,True,False
TUSI,Touchstone Ultra Short Income ETF,BATS,True,False
SIDU,"Sidus Space, Inc. Class A Common Stock",NASDAQ,True,False
UST,ProShares Ultra 7-10 Year Treasury,ARCA,True,False
USVM,Victory Portfolios II VictoryShares US Small Mid Cap Value Momentum ETF,NASDAQ,True,False
USVN,"The RBB Fund, Inc. US Treasury 7 Year Note ETF",NASDAQ,True,False
UTEN,"The RBB Fund, Inc. US Treasury 10 Year Note ETF",NASDAQ,True,False
VUSI,Voya Ultra Short Income ETF,ARCA,True,False
VUSV,Vanguard Wellington U.S. Value Active ETF,BATS,True,False
VUZI,Vuzix Corporation Common Stock,NASDAQ,True,False
VXX,iPath Series B S&P 500 VIX Short-Term Futures ETN,BATS,True,False
VXZ,iPath Series B S&P 500 VIX Mid-Term Futures ETN,BATS,True,False
WDTE,Defiance S&P 500 Weekly Distribution ETF,ARCA,True,False
XBOC,Innovator U.S. Equity Accelerated 9 Buffer ETF - October,BATS,True,False
ZMUN,"The RBB Fund, Inc. F/m Ultrashort Tax-Free Municipal ETF",NASDAQ,True,False
ZNOV,Innovator Equity Defined Protection ETF - 1 Yr November,BATS,True,False
ZTRE,"The RBB Fund, Inc. F/m 3-Year Investment Grade Corporate Bond ETF",NASDAQ,True,False
WMTI,REX WMT Growth & Income ETF,BATS,True,False
SLTY,YieldMax Ultra Short Option Income Strategy ETF,ARCA,True,False
SLVO,"UBS AG ETRACS Silver Shares Covered Call ETNs due April 21, 2033",NASDAQ,True,False
SMAY,FT Vest U.S. Small Cap Moderate Buffer ETF - May,BATS,True,False
SNDQ,Tradr 2X Short SNDK Daily ETF,BATS,True,False
SNN,Smith & Nephew plc,NYSE,True,False
SNOU,T-REX 2X Long SNOW Daily Target ETF,BATS,True,False
SNOV,FT Vest U.S. Small Cap Moderate Buffer ETF - November,BATS,True,False
SNPD,Xtrackers S&P Dividend Aristocrats Screened ETF,BATS,True,False
SNPE,Xtrackers S&P 500 Scored & Screened ETF,ARCA,True,False
ORIO,Orion Digital Corp. Common Shares,NASDAQ,True,False
SOFX,Tidal Trust II Defiance Daily Target 2X Long SOFI ETF,NASDAQ,True,False
SOLC,Canary Marinade Solana ETF Shares of Beneficial Interest,NASDAQ,True,False
SPAQ,Listed Funds Trust Horizon Kinetics SPAC Active ETF,NASDAQ,True,False
SPBC,Simplify Exchange Traded Funds Simplify US Equity PLUS Bitcoin Strategy ETF,NASDAQ,True,False
SPTX,"Seaport Therapeutics, Inc. Common Stock",NASDAQ,True,False
SPTU,State Street SPDR Portfolio Ultra Short T-Bill ETF,ARCA,True,False
SPWR,SunPower Inc. Common Stock,NASDAQ,True,False
SPXD,DBX ETF Trust Xtrackers S&P 500 Diversified Sector Weight ETF,NASDAQ,True,False
SSFI,Day Hagan Smart Sector Fixed Income ETF,ARCA,True,False
STXU,Leverage Shares 2X Long STX Daily ETF,BATS,True,False
STXX,Tradr 2X Long STX Daily ETF,BATS,True,False
SURI,Simplify Propel Opportunities ETF,ARCA,True,False
SUSC,iShares Trust iShares ESG Aware USD Corporate Bond ETF,NASDAQ,True,False
SYFI,AB Short Duration High Yield ETF,ARCA,True,False
TAX,EA Series Trust Cambria Tax Aware ETF,NASDAQ,True,False
TAXE,"T. Rowe Price Exchange-Traded Funds, Inc. Intermediate Municipal Income ETF",NASDAQ,True,False
TAXI,Northern Funds Northern Trust Intermediate Tax-Exempt Bond ETF,NASDAQ,True,False
TCPB,Thrivent Core Plus Bond ETF,ARCA,True,False
TEK,iShares Technology Opportunities Active ETF,ARCA,True,False
TEKY,Lazard Active ETF Trust Lazard Next Gen Technologies ETF,NASDAQ,True,False
TEMD,Templeton Emerging Markets Debt ETF,ARCA,True,False
ORGNW,"Origin Materials, Inc. Warrants",NASDAQ,True,False
ARAY,Accuray Incorporated Common Stock,NASDAQ,True,False
AQWA,Global X Funds Global X Clean Water ETF,NASDAQ,True,False
AQLT,iShares MSCI Global Quality Factor ETF,BATS,True,False
APXM,FT Vest U.S. Equity Max Buffer ETF - April,BATS,True,False
SRZNW,"Surrozen, Inc. Warrant",NASDAQ,True,False
TEND,iShares Large Cap 10% Target Buffer Dec ETF,BATS,True,False
TKNS,Listed Funds Trust 21Shares Active Crypto ETF,NASDAQ,True,False
VDIG,Vanguard Wellington Dividend Growth Active ETF,BATS,True,False
TLA,GraniteShares ETF Trust GraniteShares Autocallable TSLA ETF,NASDAQ,True,False
TLG,Touchstone ETF Trust Touchstone Large Company Growth ETF,NASDAQ,True,False
TLPH,"Talphera, Inc. Common Stock",NASDAQ,True,False
TLTE,FlexShares Morningstar Emerging Markets Factor Tilt Index Fund,ARCA,True,False
TLTI,NEOS Enhanced Income 20+ Year Treasury Bond ETF,BATS,True,False
TMAR,FT Vest Emerging Markets Buffer ETF - March,BATS,True,False
TMFE,Motley Fool Capital Efficiency 100 Index ETF,BATS,True,False
TMFG,Motley Fool Global Opportunities ETF,BATS,True,False
TOAK,Twin Oak Short Horizon Absolute Return ETF,ARCA,True,False
TOPW,Roundhill Top WeeklyPay ETF,BATS,True,False
TOTR,T. Rowe Price Total Return ETF,ARCA,True,False
TOUS,T. Rowe Price International Equity ETF,ARCA,True,False
TPAY,Roundhill S&P 500 Target 10 Managed Distribution ETF,BATS,True,False
TPFC,Timothy Plan Free Cash Flow ETF,ARCA,True,False
TPFI,Timothy Plan Fixed Income ETF,ARCA,True,False
CINGW,Cingulate Inc. Warrants,NASDAQ,True,False
GTLB,GitLab Inc. Class A Common Stock,NASDAQ,True,True
APRT,AllianzIM U.S. Equity Buffer10 Apr ETF,BATS,True,False
APRP,PGIM S&P 500 Buffer 12 ETF - April,BATS,True,False
APRJ,Innovator Premium Income 30 Barrier ETF - April,BATS,True,False
TPHD,Timothy Plan High Dividend Stock ETF,ARCA,True,False
TPLC,Timothy Plan US Large/Mid Cap Core ETF,ARCA,True,False
TSDD,GraniteShares ETF Trust GraniteShares 2x Short TSLA Daily ETF,NASDAQ,True,False
TSLO,Leverage Shares 2x Capped Accelerated TSLA Monthly ETF,BATS,True,False
TSLP,Kurv Yield Premium Strategy Tesla (TSLA) ETF,BATS,True,False
TSLQ,Investment Managers Series Trust II Tradr 2X Short TSLA Daily ETF,NASDAQ,True,False
TSLT,T-REX 2X Long Tesla Daily Target ETF,BATS,True,False
TSLX,"Sixth Street Specialty Lending, Inc.",NYSE,True,False
TSLY,YieldMax TSLA Option Income Strategy ETF,ARCA,True,False
XPND,First Trust Expanded Technology ETF,ARCA,True,False
TSLZ,T-Rex 2X Inverse Tesla Daily Target ETF,BATS,True,False
TSME,Thrivent Small-Mid Cap Equity ETF,ARCA,True,False
TSMG,Themes ETF Trust Leverage Shares 2X Long TSM Daily ETF,NASDAQ,True,False
SPDG,State Street SPDR Portfolio S&P Sector Neutral Dividend ETF,ARCA,True,False
UCIB,"ETRACS UBS Bloomberg Constant Maturity Commodity Index (CMCI) Total Return ETN Series B due April 5, 2038",ARCA,True,False
APMU,ActivePassive Intermediate Municipal Bond ETF,ARCA,True,False
APLZ,Tradr 2X Short APLD Daily ETF,BATS,True,False
APDB,Aptus April Deep Buffer ETF,BATS,True,False
JPM.PRJ,"JPMorgan Chase & Co. Depositary Shares, each representing a 1/400th interest in a share of JPMorgan Chase & Co. 4.75% Non-Cumulative Preferred Stock, Series GG",NYSE,True,False
UCO,ProShares Ultra Bloomberg Crude Oil,ARCA,True,False
URTY,ProShares UltraPro Russell2000,ARCA,True,False
USAF,The 2023 ETF Series Trust Atlas America Fund,NASDAQ,True,False
USAI,Pacer American Energy Infrastructure ETF,ARCA,True,False
USCL,iShares Trust iShares Climate Conscious & Transition MSCI USA ETF,NASDAQ,True,False
TAGG,T. Rowe Price QM U.S. Bond ETF,ARCA,True,False
VDG,Vanguard Developed Markets ex-US Growth Index ETF,BATS,True,False
VDV,Vanguard Developed Markets ex-US Value Index ETF,BATS,True,False
VEFA,VanEck ETF Trust VanEck MSCI EAFE Analyst Sentiment ETF,NASDAQ,True,False
VGM,Invesco  Trust Investment Grade Municipals,NYSE,True,False
TAXX,BondBloxx IR+M Tax Aware Short Duration ETF,ARCA,True,False
VIXY,ProShares VIX Short-Term Futures ETF,BATS,True,False
VLU,State Street SPDR S&P 1500 Value Tilt ETF,ARCA,True,False
VSDM,Vanguard Short Duration Tax-Exempt Bond ETF,BATS,True,False
VSHY,Virtus Newfleet Short Duration High Yield Bond ETF,ARCA,True,False
VTEI,Vanguard Intermediate-Term Tax-Exempt Bond ETF,BATS,True,False
WCLD,WisdomTree Trust WisdomTree Cloud Computing Fund,NASDAQ,True,False
EQH.PRA,"Equitable Holdings, Inc. Depositary Shares, each representing a 1/1000th interest in a share of Fixed Rate Noncumulative Perpetual Preferred Stock, Series A",NYSE,True,False
ERNAW,Ernexa Therapeutics Inc. Warrants,NASDAQ,True,False
HTOO,Fusion Fuel Green PLC Class A Ordinary Shares,NASDAQ,True,False
HUBC,Hub Cyber Security Ltd. Ordinary Shares,NASDAQ,True,False
HUHU,HUHUTECH International Group Inc. Ordinary Shares,NASDAQ,True,False
HWH,HWH International Inc. Common Stock,NASDAQ,True,False
HXHX,Haoxin Holdings Limited Class A Ordinary Shares,NASDAQ,True,False
KELYB,"Kelly Services, Inc. Class B Common Stock",NASDAQ,True,False
CLSK,"CleanSpark, Inc. Common Stock",NASDAQ,True,True
WCME,First Trust WCM Developing World Equity ETF,ARCA,True,False
WRND,New York Life Investments ETF Trust NYLI Global Equity R&D Leaders ETF,NASDAQ,True,False
WRTH,Tidal Trust III Worth Charting Options Income ETF,NASDAQ,True,False
WSE,Wise Group plc Class A Ordinary Shares,NASDAQ,True,False
WTIU,MicroSectors Energy 3x Leveraged ETNs,ARCA,True,False
WTLS,WisdomTree Efficient Long/Short U.S. Equity Fund,BATS,True,False
WTMF,WisdomTree Managed Futures Strategy Fund,ARCA,True,False
WTMU,WisdomTree Trust WisdomTree Core Laddered Municipal Fund,NASDAQ,True,False
WXET,Teucrium 2x Daily Wheat ETF,ARCA,True,False
XAIX,DBX ETF Trust Xtrackers Artificial Intelligence and Big Data ETF,NASDAQ,True,False
XDIV,Roundhill S&P 500 No Dividend Target ETF,BATS,True,False
XHS,State Street SPDR S&P Health Care Services ETF,ARCA,True,False
PIIIW,P3 Health Partners Inc. Warrant,NASDAQ,True,False
SXTC,"China SXT Pharmaceuticals, Inc. Class A Ordinary Shares",NASDAQ,True,False
TBB,AT&T Inc. 5.350 Percent Global Notes due 2066,NYSE,True,False
USGO,U.S. GoldMining Inc. Common stock,NASDAQ,True,False
ADSE,ADS-TEC ENERGY PLC Ordinary Shares,NASDAQ,True,False
AOTG,EA Series Trust AOT Growth and Innovation ETF,NASDAQ,True,False
AOK,iShares Core 30/70 Conservative Allocation ETF,ARCA,True,False
AOHY,Angel Oak Funds Trust Angel Oak High Yield Opportunities ETF,NASDAQ,True,False
XIDE,FT Vest U.S. Equity Buffer & Premium Income ETF - December,BATS,True,False
XIDV,Franklin International Dividend Booster Index ETF,ARCA,True,False
XIJN,FT Vest U.S. Equity Buffer & Premium Income ETF - June,BATS,True,False
XNOV,FT Vest U.S. Equity Enhance & Moderate Buffer ETF - November,BATS,True,False
XOCT,FT Vest U.S. Equity Enhance & Moderate Buffer ETF - October,BATS,True,False
XRT,State Street SPDR S&P Retail ETF,ARCA,True,False
YBIT,YieldMax Bitcoin Option Income Strategy ETF,ARCA,True,False
YBMN,ETF Series Solutions Defiance BMNR Option Income ETF,NASDAQ,True,False
YXT,YXT.COM GROUP HOLDING LIMITED American Depository Shares,NASDAQ,True,False
WEPN,Nicholas Defense and Rare Earth Income ETF,ARCA,True,False
YOUL,Youlife Group Inc. American Depositary Shares,NASDAQ,True,False
SIXJ,AllianzIM U.S. Equity 6 Month Buffer10 Jan/Jul ETF,BATS,True,False
SSS,CYBER HORNET Trust S&P 500 and Solana 75/25 Strategy ETF,NASDAQ,True,False
AOCT,Innovator Equity Defined Protection ETF - 2 Yr to October 2026,BATS,True,False
JATT,JATT II Acquisition Corp Ordinary Shares,NASDAQ,True,False
RAAQW,Real Asset Acquisition Corp. Warrants,NASDAQ,True,False
STPZ,PIMCO 1-5 Year U.S. TIPS Index Exchange-Traded Fund,ARCA,True,False
ZSEP,Innovator Equity Defined Protection ETF - 1 Yr September,BATS,True,False
SNAG,Themes ETF Trust Leverage Shares 2x Long SNAP Daily ETF,NASDAQ,True,False
SMMV,iShares MSCI USA Small-Cap Min Vol Factor ETF,BATS,True,False
TPFG,Timothy Plan Free Cash Flow Growth ETF,ARCA,True,False
VTN,Invesco  Trust for Investment Grade New York Municipals,NYSE,True,False
SHUS,Stratified LargeCap Hedged ETF,ARCA,True,False
SZK,ProShares UltraShort Consumer Staples,ARCA,True,False
SMIN,iShares MSCI India Small-Cap ETF,BATS,True,False
WDH,Waterdrop Inc. American Depositary Shares (each representing the right to receive 10 Class A Ordinary Shares),NYSE,True,False
XRPR,REX-Osprey XRP ETF,BATS,True,False
XSLV,Invesco S&P SmallCap Low Volatility ETF,ARCA,True,False
TOPC,iShares S&P 500 3% Capped ETF,ARCA,True,False
USTB,Victory Portfolios II VictoryShares Short-Term Bond ETF,NASDAQ,True,False
SIXA,ETC 6 Meridian Mega Cap Equity ETF,ARCA,True,False
STRD,Strategy Inc 10.00% Series A Perpetual Stride Preferred Stock,NASDAQ,True,False
WCMI,First Trust WCM International Equity ETF,ARCA,True,False
WNTR,YieldMax MSTR Short Option Income Strategy ETF,ARCA,True,False
WOLF,"Wolfspeed, Inc.",NYSE,True,False
NMPAU,NMP Acquisition Corp. Units,NASDAQ,True,False
ANL,Adlai Nortye Ltd. American Depositary Shares,NASDAQ,True,False
CLAR,Clarus Corporation Common Stock,NASDAQ,True,True
ANEW,ProShares MSCI Transformational Changes ETF,ARCA,True,False
AMZO,Tradr 2X Short AMZN Daily ETF,BATS,True,False
AMZD,Direxion Shares ETF Trust Direxion Daily AMZN Bear 1X ETF,NASDAQ,True,False
ORGN,"Origin Materials, Inc. Common Stock",NASDAQ,True,False
AMYY,GraniteShares ETF Trust GraniteShares YieldBOOST AMD ETF,NASDAQ,True,False
SFWL,Shengfeng Development Limited Class A Ordinary Shares,NASDAQ,True,False
SHAZ,"SharonAI Holdings, Inc. Class A Common Stock",NASDAQ,True,False
SHFS,"SHF Holdings, Inc. Class A Common Stock",NASDAQ,True,False
XTEN,BondBloxx Bloomberg Ten Year Target Duration US Treasury ETF,ARCA,True,False
YXI,ProShares Short FTSE China 50 of PROSHARES TRUST,ARCA,True,False
XLEI,State Street Energy Select Sector SPDR Premium Income ETF,ARCA,True,False
YSEP,FT Vest International Equity Moderate Buffer ETF - September,BATS,True,False
SPYC,Simplify US Equity PLUS Convexity ETF,ARCA,True,False
TEC,Harbor Transformative Technologies ETF,ARCA,True,False
VAIE,VegaShares US Equity Autocallable Income ETF,ARCA,True,False
SGRW,Harbor Active Small Cap Growth ETF,ARCA,True,False
SHAG,WisdomTree Yield Enhanced U.S. Short-Term Aggregate Bond Fund,BATS,True,False
TLRY,"Tilray Brands, Inc. Common Stock",NASDAQ,True,False
TMNS,"T. Rowe Price Exchange-Traded Funds, Inc. T. Rowe Price Short Municipal Income ETF",NASDAQ,True,False
TE.WS,"T1 Energy Inc. Warrants, each whole warrant exercisable to purchase one Common Stock at an exercise price of $11.50 per share",NYSE,True,False
TFC.PRI,"Truist Financial Corporation Depositary Shares, each representing 1/4,000th interest in a share of Series I Non-Cumulative Perpetual Preferred Stock",NYSE,True,False
AMUU,Direxion Shares ETF Trust Direxion Daily AMD Bull 2X ETF,NASDAQ,True,False
JACS.U,"Jackson Acquisition Company II Units, each consisting of one Class A ordinary share and one right to acquire one-tenth (1/10) of one Class A ordinary share",NYSE,True,False
IMDX,Insight Molecular Diagnostics Inc. Common Stock,NASDAQ,True,False
CDIO,Cardio Diagnostics Holdings Inc. Common stock,NASDAQ,True,False
AMUN,abrdn Funds Ultra Short Municipal  Income Active ETF,NASDAQ,True,False
AMPU,Defiance Daily Target 2X Long AMPX ETF,BATS,True,False
TOCT,Innovator Equity Defined Protection ETF - 2 Yr to October 2027,BATS,True,False
TPLS,Thornburg ETF Trust Thornburg Core Plus Bond ETF,NASDAQ,True,False
TPSC,Timothy Plan US Small Cap Core ETF,ARCA,True,False
VSTL,Tidal Trust II Defiance Daily Target 2X Long VST ETF,NASDAQ,True,False
WABF,Franklin Templeton ETF Trust Western Asset Bond ETF,NASDAQ,True,False
ZTOP,"The RBB Fund, Inc. F/m High Yield 100 ETF",NASDAQ,True,False
UNHU,Direxion Daily UNH Bull 2X ETF,ARCA,True,False
TEI,Templeton Emerging Markets Income Fund,NYSE,True,False
UOCT,Innovator U.S. Equity Ultra Buffer ETF - October,BATS,True,False
UPAL,ProShares Ultra Palladium K-1 Free ETF,ARCA,True,False
WRAP,"Wrap Technologies, Inc. Common Stock",NASDAQ,True,False
VIST,Vista Energy S.A.B. de C.V.,NYSE,True,False
TPC,Tutor Perini Corporation,NYSE,True,False
SH,ProShares Short S&P500,ARCA,True,False
AMOM,Qraft AI-Enhanced US Large Cap Momentum ETF,ARCA,True,False
AMOD,"Alpha Modus Holdings, Inc. Class A Common Stock",NASDAQ,True,False
AMJB,Alerian MLP Index ETNs due January 28 2044,ARCA,True,False
TAYD,"Taylor Devices, Inc. Common Stock",NASDAQ,True,False
NVAWW,Nova Minerals Limited Warrant,NASDAQ,True,False
NUWE,"Nuwellis, Inc. Common Stock",NASDAQ,True,False
DTSQR,DT Cloud Star Acquisition Corporation Right,NASDAQ,True,False
SKM,"SK Telecom Co., Ltd. American Depositary Shares (Each representing 5/9th of a Ordinary Share of SK Telecom Co., LTD.)",NYSE,True,False
SOCL,Global X Funds Global X Social Media ETF,NASDAQ,True,False
WQTM,WisdomTree Quantum Computing Fund,BATS,True,False
SPXE,ProShares S&P 500 Ex-Energy ETF,ARCA,True,False
SSNC,"SS&C Technologies Holdings, Inc. Common Stock",NASDAQ,True,False
STRZ,Starz Entertainment Corp. Common Shares,NASDAQ,True,False
SUSB,iShares Trust iShares ESG Aware 1-5 Year USD Corporate Bond ETF,NASDAQ,True,False
TAFI,AB Tax-Aware Short Duration Municipal ETF,ARCA,True,False
TDTF,FlexShares iBoxx 5-Year Target Duration TIPS Index Fund,ARCA,True,False
TG,Tredegar Corporation,NYSE,True,False
THTA,SoFi Enhanced Yield ETF,ARCA,True,False
TLS,Telos Corporation Common Stock,NASDAQ,True,False
TLSA,Tiziana Life Sciences Ltd. Common Shares,NASDAQ,True,False
TV,Grupo Televisa S.A.,NYSE,True,False
UPGR,DBX ETF Trust Xtrackers US Green Infrastructure Select Equity ETF,NASDAQ,True,False
UXI,ProShares Ultra Industrials,ARCA,True,False
VFMO,Vanguard U.S. Momentum Factor ETF,BATS,True,False
AMDY,YieldMax AMD Option Income Strategy ETF,ARCA,True,False
AMDL,GraniteShares ETF Trust GraniteShares 2x Long AMD Daily ETF,NASDAQ,True,False
AMDG,Themes ETF Trust Leverage Shares 2X Long AMD Daily ETF,NASDAQ,True,False
AMBR,Amber International Holding Limited American Depositary Shares,NASDAQ,True,False
AMAX,Adaptive Hedged Multi-Asset Income ETF,ARCA,True,False
AOTS,AOT Software Platform ETF,ARCA,True,False
GAING,Gladstone Investment Corporation 7.125% Notes due 2031,NASDAQ,True,False
GAINI,Gladstone Investment Corporation 7.875% Notes due 2030,NASDAQ,True,False
GDEV,GDEV Inc. Ordinary Shares,NASDAQ,True,False
AMAU,Leverage Shares 2X Long AMAT Daily ETF,BATS,True,False
WDGF,WisdomTree Trust WisdomTree Global Defense Fund,NASDAQ,True,False
XOEX,Xtrackers S&P 100 Ex Top 20 ETF,BATS,True,False
XSVM,Invesco S&P SmallCap Value with Momentum ETF,ARCA,True,False
XYZG,Themes ETF Trust Leverage Shares 2X Long XYZ Daily ETF,NASDAQ,True,False
YYY,Amplify CEF High Income ETF,ARCA,True,False
ZIG,The Acquirers Fund,ARCA,True,False
ZTR,Virtus Total Return Fund Inc.,NYSE,True,False
TRI,Thomson Reuters Corporation Common Shares,NASDAQ,True,False
UUP,Invesco DB US Dollar Index Bullish Fund,ARCA,True,False
XMVM,Invesco S&P MidCap Value with Momentum ETF,ARCA,True,False
XOMO,YieldMax XOM Option Income Strategy ETF,ARCA,True,False
UWM,ProShares Ultra Russell2000,ARCA,True,False
KKRS,KKR Group Finance Co. IX LLC 4.625% Subordinated Notes due 2061,NYSE,True,False
KKRT,KKR & Co. Inc. 6.875% Subordinated Notes due 2065,NYSE,True,False
AMA,Tidal Trust II Defiance Daily Target 2X Long AMAT ETF,NASDAQ,True,False
MRM,MEDIROM Healthcare Technologies Inc. American Depositary Share,NASDAQ,True,False
VBIO,"Valion Bio, Inc. Common Stock",NASDAQ,True,False
VCIG,VCI Global Limited Ordinary Share,NASDAQ,True,False
ALTY,Global X Funds Global X Alternative Income ETF,NASDAQ,True,False
ALTL,Pacer Lunt Large Cap Alternator ETF,ARCA,True,False
FLY,Firefly Aerospace Inc. Common Stock,NASDAQ,True,True
ALIT,"Alight, Inc.",NYSE,True,False
THYF,T. Rowe Price U.S. High Yield ETF,ARCA,True,False
XBOX,Roundhill Ultra Short Duration No Dividend Target ETF,BATS,True,False
TEXU,Direxion Daily Energy Top 5 Bull 2X ETF,ARCA,True,False
WEEI,Ultimus Managers Trust Westwood Salient Enhanced Energy Income ETF,NASDAQ,True,False
XFIV,BondBloxx Bloomberg Five Year Target Duration US Treasury ETF,ARCA,True,False
SPIT,"The RBB Fund, Inc. F/m Emerald Special Situations ETF",NASDAQ,True,False
SPSK,SP Funds Dow Jones Global Sukuk ETF,ARCA,True,False
SHOC,Strive U.S. Semiconductor ETF,NYSE,True,False
TII,Titan Mining Corporation,AMEX,True,False
TCV,Towle Value ETF,ARCA,True,False
TILT,FlexShares Morningstar US Market Factors Tilt Index Fund,BATS,True,False
UTWY,"The RBB Fund, Inc. US Treasury 20 Year Bond ETF",NASDAQ,True,False
ALIL,EA Series Trust Argent Focused Small Cap ETF,NASDAQ,True,False
PGACR,Pantages Capital Acquisition Corporation Right,NASDAQ,True,False
RILYP,"BRC Group Holdings, Inc. Depositary Shares, each representing a 1/1000th fractional interest in a share of Series A Cumulative Perpetual Preferred Stock",NASDAQ,True,False
RILYT,"BRC Group Holdings, Inc. 6.00% Senior Notes Due 2028",NASDAQ,True,False
ALBG,Themes ETF Trust Leverage Shares 2X Long ALB Daily ETF,NASDAQ,True,False
TDI,Touchstone ETF Trust Touchstone Dynamic International ETF,NASDAQ,True,False
TDOG,21Shares Dogecoin ETF Common Shares of Beneficial Interest,NASDAQ,True,False
TDOT,21shares Polkadot ETF Shares of Beneficial Interest,NASDAQ,True,False
TEMX,Touchstone Sands Capital Emerging Markets ex-China Growth ETF,BATS,True,False
TENM,iShares Large Cap 10% Target Buffer Mar ETF,BATS,True,False
TFNS,"T. Rowe Price Exchange-Traded Funds, Inc. T. Rowe Price Financials ETF",NASDAQ,True,False
TGLB,T. Rowe Price Global Equity ETF,ARCA,True,False
TGLR,Wedbush Laffer Tengler New Era Value ETF,ARCA,True,False
TIIV,AAM Todd International Intrinsic Value ETF,ARCA,True,False
TILL,Teucrium Agricultural Strategy No K-1 ETF,ARCA,True,False
TIME,Clockwise U.S. Core Equity ETF,ARCA,True,False
TINS,Templeton International Insights ETF,ARCA,True,False
TINT,ProShares Smart Materials ETF,ARCA,True,False
TINY,ProShares Nanotechnology ETF,ARCA,True,False
TIPA,Northern Trust 2030 Inflation-Linked Distributing Ladder ETF,ARCA,True,False
TAXT,Northern Funds Northern Trust Tax-Exempt Bond ETF,NASDAQ,True,False
AKO.B,Embotelladora Andina S.A. Series B,NYSE,True,False
AKO.A,Embotelladora Andina S.A. Series A,NYSE,True,False
AJUL,Innovator Equity Defined Protection ETF - 2 Yr to July 2026,BATS,True,False
AIYY,YieldMax AI Option Income Strategy ETF,ARCA,True,False
NIXX,"Nixxy, Inc. Common Stock",NASDAQ,True,False
TBF,ProShares Short 20+ Year Treasury ETF,ARCA,True,False
TBFC,The Brinsmere Fund - Conservative ETF,ARCA,True,False
SJLD,SanJac Alpha Low Duration ETF,NASDAQ,True,False
SMLL,Harbor Active Small Cap ETF,ARCA,True,False
TABD,Transamerica Bond Active ETF,ARCA,True,False
TOV,JLens 500 Jewish Advocacy U.S. ETF,ARCA,True,False
TSIC,Truth Social American Icons ETF,ARCA,True,False
SPWO,SP Funds S&P World (ex-US) ETF,ARCA,True,False
SPXS,Direxion Daily S&P 500 Bear 3x ETF,ARCA,True,False
SPXT,ProShares S&P 500 Ex-Technology ETF,ARCA,True,False
TRUH,VanEck ETF Trust VanEck Healthcare TruSector ETF,NASDAQ,True,False
YCS,ProShares UltraShort Yen,ARCA,True,False
UTES,Virtus Reaves Utilities ETF,ARCA,True,False
WEA,Western Asset Premier Bond Fund,NYSE,True,False
USL,"United States 12 Month Oil Fund, LP",ARCA,True,False
USLN,iShares Broad USD Floating Rate Loan ETF,BATS,True,False
TACU,T. Rowe Price Active Core U.S. Equity ETF,ARCA,True,False
TEAD,Teads Holding Co. Common Stock,NASDAQ,True,False
MOGU,"MOGU Inc. American Depositary Shares, each representing three-hundred (300) Class A Ordinary Shares",NYSE,True,False
AIVL,WisdomTree U.S. AI Enhanced Value Fund,ARCA,True,False
AIVC,Amplify Bloomberg AI Value Chain ETF,ARCA,True,False
SMRI,EA Series Trust Bushido Capital US Equity ETF,NASDAQ,True,False
SMST,Tidal Trust II Defiance Daily Target 2x Short MSTR ETF,NASDAQ,True,False
THY,Toews Agility Shares Dynamic Tactical Income ETF,ARCA,True,False
THYM,"T. Rowe Price Exchange-Traded Funds, Inc. T. Rowe Price High Income Municipal ETF",NASDAQ,True,False
THYP,21Shares Hyperliquid ETF,NASDAQ,True,False
TIER,T. Rowe Price International Equity Research ETF,ARCA,True,False
ULST,State Street Ultra Short Term Bond ETF,ARCA,True,False
ULTI,REX ETF Trust REX IncomeMax Option Strategy ETF,NASDAQ,True,False
ULTY,YieldMax Ultra Option Income Strategy ETF,ARCA,True,False
VPV,Invesco  Pennsylvania Value Municipal Income Trust,NYSE,True,False
VPX,Variant Perception Cycle Aware US Equity ETF,ARCA,True,False
VRAI,Virtus Real Asset Income ETF,ARCA,True,False
WLTG,WealthTrust DBS Long Term Growth ETF,NYSE,True,False
WMSB,Weitz Multisector Bond ETF,ARCA,True,False
WNDR,Corgi Travel & Leisure ETF,BATS,True,False
WOMN,Impact Shares Womens Empowerment ETF Trading,ARCA,True,False
VCLN,Virtus Duff & Phelps Clean Energy ETF,ARCA,True,False
VCLT,Vanguard Long-Term Corporate Bond ETF,NASDAQ,True,False
VEM,Virtus Emerging Markets Dividend ETF,ARCA,True,False
VEXC,Vanguard Emerging Markets Ex-China ETF,ARCA,True,False
WAR,U.S. Global Technology and Aerospace & Defense ETF,ARCA,True,False
WTID,MicroSectors Energy -3x Inverse Leveraged ETNs,ARCA,True,False
WTIP,WisdomTree Trust WisdomTree Inflation Plus Fund,NASDAQ,True,False
TGRT,T. Rowe Price Growth ETF,ARCA,True,False
WUGI,AXS Esoterica NextG Economy ETF,BATS,True,False
SMMD,iShares Russell 2500 ETF,BATS,True,False
SMOT,VanEck Morningstar SMID Moat ETF,BATS,True,False
SMOX,Horizon Small/Mid Cap Core Equity ETF,ARCA,True,False
UJUL,Innovator U.S. Equity Ultra Buffer ETF - July,BATS,True,False
TTEQ,"T. Rowe Price Exchange-Traded Funds, Inc. T. Rowe Price Technology ETF",NASDAQ,True,False
TUGN,Listed Funds Trust STF Tactical Growth & Income ETF,NASDAQ,True,False
VBCJ,Vanguard Wellesley Income Fund Vanguard Target Maturity 2036 Corporate Bond ETF,NASDAQ,True,False
UBEW,Roundhill UBER WeeklyPay ETF,BATS,True,False
ZVOL,Volatility Premium Plus ETF,BATS,True,False
TBG,TBG Dividend Focus ETF,ARCA,True,False
XTNT,"Xtant Medical Holdings, Inc.",AMEX,True,False
SPTB,State Street SPDR Portfolio Treasury ETF,ARCA,True,False
SPBU,AllianzIM Buffer15 Uncapped Allocation ETF,BATS,True,False
USCA,Xtrackers MSCI USA Climate Action Equity ETF,ARCA,True,False
UTRE,"The RBB Fund, Inc. US Treasury 3 Year Note ETF",NASDAQ,True,False
UXOC,FT Vest U.S. Equity Uncapped Accelerator ETF - October,BATS,True,False
XMAX,"XMAX, Inc. Common Stock",NASDAQ,True,False
AIUP,FINQ FIRST U.S. Large Cap AI-Managed Equity ETF,ARCA,True,False
AIRR,First Trust Exchange-Traded Fund VI First Trust RBA American Industrial Renaissance ETF,NASDAQ,True,False
FMX,"FOMENTO ECONOMICO MEXICANO, S.A.B. DE C.V.",NYSE,True,True
AIFU,AIFU Inc. Class A Ordinary Share,NASDAQ,True,False
XTR,Global X S&P 500 Tail Risk ETF,ARCA,True,False
USEW,Cambria US EW ETF,BATS,True,False
SMCP,SMART Mid Cap ETF,ARCA,True,False
TYYY,xETFs TSLA Daily Income ETF,ARCA,True,False
UDOW,ProShares UltraPro Dow 30,ARCA,True,False
UJUN,Innovator U.S. Equity Ultra Buffer ETF - June,BATS,True,False
SKF,ProShares UltraShort Financials,ARCA,True,False
THNR,Amplify Weight Loss Drug & Treatment ETF,ARCA,True,False
THMR,THOR AdaptiveRisk Dynamic ETF,NYSE,True,False
SMOG,VanEck Low Carbon Energy ETF,ARCA,True,False
XDAT,Franklin Exponential Data ETF,BATS,True,False
TRFM,AAM Transformers ETF,ARCA,True,False
TRIO,MC Trio Equity Buffered ETF,BATS,True,False
VNIE,Vontobel International Equity Active ETF,ARCA,True,False
ZIP,"ZipRecruiter, Inc.",NYSE,True,False
TSLW,Roundhill TSLA WeeklyPay ETF,BATS,True,False
XTL,State Street SPDR S&P Telecom ETF,ARCA,True,False
WAGN,Pabrai Wagons ETF,NYSE,True,False
VEGA,AdvisorShares STAR Global Buy-Write ETF,ARCA,True,False
YMAX,YieldMax Universe Fund of Option Income ETFs,ARCA,True,False
GRNJ,Fundstrat Granny Shots US Small- & Mid-Cap ETF,ARCA,True,True
AIFD,TCW Artificial Intelligence ETF,NASDAQ,True,False
AIFC,AI Financial Corporation Common Stock,NASDAQ,True,False
AIEQ,Amplify AI Powered Equity ETF,ARCA,True,False
AKBA,"Akebia Therapeutics, Inc. Common Stock",NASDAQ,True,False
AIBU,Direxion Daily AI and Big Data Bull 2X ETF,ARCA,True,False
AHD,GraniteShares ETF Trust GraniteShares Autocallable HOOD ETF,NASDAQ,True,False
AGZD,WisdomTree Trust WisdomTree Interest Rate Hedged U.S. Aggregate Bond Fund,NASDAQ,True,False
AGNG,Global X Funds Global X Aging Population ETF,NASDAQ,True,False
YMT,Yimutian Inc. American Depositary Shares,NASDAQ,True,False
SLVX,Nicholas Silver Income ETF,ARCA,True,False
ZSC,USCF Sustainable Commodity Strategy Fund,ARCA,True,False
WDCX,Tradr 2X Long WDC Daily ETF,BATS,True,False
VRP,Invesco Variable Rate Preferred ETF,ARCA,True,False
TLTD,FlexShares Morningstar Developed Markets ex-US Factor Tilt Index Fund,ARCA,True,False
SNAV,Mohr Sector Nav ETF,BATS,True,False
THRM,Gentherm Inc Common Stock,NASDAQ,True,True
VNM,VanEck Vietnam ETF,BATS,True,True
TMO,"Thermo Fisher Scientific, Inc.",NYSE,True,True
WT,"WisdomTree, Inc.",NYSE,True,True
SSL,Sasol Limited,NYSE,True,True
THR,"THERMON GROUP HOLDINGS, INC.",NYSE,True,True
AGIX,KraneShares Trust KraneShares Artificial Intelligence & Technology ETF,NASDAQ,True,False
NHPBP,"National Healthcare Properties, Inc. 7.125% Series B Cumulative Redeemable Perpetual Preferred Stock",NASDAQ,True,False
OXY.WS,Occidental Petroleum Corporation Warrants to Purchase Common Stock,NYSE,True,False
OYSE,Oyster Enterprises II Acquisition Corp Class A Ordinary Shares,NASDAQ,True,False
AGGY,WisdomTree Yield Enhanced U.S. Aggregate Bond Fund,ARCA,True,False
MAGN,Magnera Corporation,NYSE,True,True
WFC,Wells Fargo & Co.,NYSE,True,True
SLVM,Sylvamo Corporation,NYSE,True,True
TWN,"Taiwan Fund, Inc.",NYSE,True,True
SUNB,"Sunbelt Rentals Holdings, Inc.",NYSE,True,True
TER,"Teradyne, Inc. Common Stock",NASDAQ,True,True
TNET,"TRINET GROUP, INC.",NYSE,True,True
WIX,Wix.com Ltd. Ordinary Shares,NASDAQ,True,True
YEXT,"Yext, Inc.",NYSE,True,True
YPF,YPF Sociedad Anonima,NYSE,True,True
SILA,"Sila Realty Trust, Inc.",NYSE,True,True
VNT,Vontier Corporation,NYSE,True,True
VTR,"Ventas, Inc.",NYSE,True,True
UL,Unilever plc,NYSE,True,True
SSB,SouthState Bank Corporation,NYSE,True,True
TGB,Taseko Mines Limited,AMEX,True,True
XPER,Xperi Inc,NYSE,True,True
THO,"Thor Industries, Inc.",NYSE,True,True
TRTY,Cambria Trinity ETF,BATS,True,True
UAA,"Under Armour, Inc.",NYSE,True,True
COCHW,"Envoy Medical, Inc Warrant",NASDAQ,True,False
CCXI,Churchill Capital Corp XI Class A Ordinary Shares,NASDAQ,True,False
DJTWW,Trump Media & Technology Group Corp. Warrants,NASDAQ,True,False
WD,"Walker & Dunlop, Inc.",NYSE,True,True
SPXN,ProShares S&P 500 Ex-Financials ETF,ARCA,True,True
TCAL,T. Rowe Price Capital Appreciation Premium Income ETF,ARCA,True,True
SPMB,State Street SPDR Portfolio Mortgage Backed Bond ETF,ARCA,True,True
STEN,iShares Large Cap 10% Target Buffer Sep ETF,BATS,True,True
STCE,Schwab Crypto Thematic ETF,ARCA,True,True
TLTP,Amplify TLT U.S. Treasury 12% Option Income ETF,BATS,True,True
TSNF,Truth Social American Next Frontiers ETF,ARCA,True,True
WIP,State Street SPDR FTSE International Government Inflation-Protected Bond ETF,ARCA,True,True
TAL,TAL Education Group,NYSE,True,True
UPAR,UPAR Ultra Risk Parity ETF,ARCA,True,True
UNF,Unifirst Corp,NYSE,True,True
VVV,Valvoline Inc.,NYSE,True,True
SIL,Global X Silver Miners ETF (NEW),ARCA,True,True
SNX,TD SYNNEX Corporation,NYSE,True,True
TGT,Target Corporation,NYSE,True,True
TIP,iShares TIPS Bond ETF,ARCA,True,True
VIK,Viking Holdings Ltd,NYSE,True,True
VST,Vistra Corp.,NYSE,True,True
SNAP,Snap Inc.,NYSE,True,True
SWZ,Total Return Securities Fund,NYSE,True,True
ROC,Rank One Computing Corporation Common stock,NASDAQ,True,False
AFSC,abrdn Funds abrdn Focused U.S. Small Cap Active ETF,NASDAQ,True,False
AFOS,EA Series Trust ARS Focused Opportunity Strategy ETF,NASDAQ,True,False
AFMC,First Trust Active Factor Mid Cap ETF,ARCA,True,False
AFLG,First Trust Active Factor Large Cap ETF,ARCA,True,False
TMP,Tompkins Financial Corporation,AMEX,True,True
VTV,Vanguard Value ETF,ARCA,True,True
VTWO,Vanguard Scottsdale Funds Vanguard Russell 2000 ETF,NASDAQ,True,True
YCL,ProShares Ultra Yen,ARCA,True,True
WSR,Whitestone REIT,NYSE,True,True
VMI,"Valmont Industries, Inc.",NYSE,True,True
THM,"International Tower Hill Mines, Ltd.",AMEX,True,True
TTC,Toro Company (The),NYSE,True,True
STRL,"Sterling Infrastructure, Inc. Common Stock",NASDAQ,True,True
WK,Workiva Inc.,NYSE,True,True
TRX,TRX Gold Corporation,AMEX,True,True
WRLD,World Acceptance Corporation Common Stock,NASDAQ,True,True
USPH,US Physical Therapy Inc,NYSE,True,True
USB,U.S. Bancorp,NYSE,True,True
SYY,Sysco Corporation,NYSE,True,True
SMMT,Summit Therapeutics Inc. Common Stock,NASDAQ,True,True
TGTX,"TG Therapeutics, Inc. Common Stock",NASDAQ,True,True
DSACW,Daedalus Special Acquisition Corp. Warrant,NASDAQ,True,False
AFB,"Alliance National Municipal Income Fund, Inc.",NYSE,True,False
AETH,Bitwise Trendwise Ether and Treasuries Rotation Strategy ETF,ARCA,True,False
AESR,Anfield U.S. Equity Sector Rotation ETF,BATS,True,False
BAFN,BayFirst Financial Corp. Common Stock,NASDAQ,True,True
AERO,"Grupo Aeromexico, S.A.B. de C.V. American Depositary Shares (each representing ten (10) Common Shares)",NYSE,True,False
AENT,Alliance Entertainment Holding Corporation Class A Common Stock,NASDAQ,True,False
ACYN,FT Vest Laddered Autocallable Barrier & Income ETF,ARCA,True,False
XLE,State Street Energy Select Sector SPDR ETF,ARCA,True,True
XOP,State Street SPDR S&P Oil & Gas Exploration & Production ETF,ARCA,True,True
TTEC,"TTEC Holdings, Inc. Common Stock",NASDAQ,True,True
WAB,Wabtec Inc.,NYSE,True,True
SPOK,"Spok Holdings, Inc. Common Stock",NASDAQ,True,True
VRTX,Vertex Pharmaceuticals Incorporated Common Stock,NASDAQ,True,True
SN,"SharkNinja, Inc.",NYSE,True,True
ZTS,ZOETIS INC.,NYSE,True,True
VAL,Valaris Limited,NYSE,True,True
UMBF,UMB Financial Corporation Common Stock,NASDAQ,True,True
SOYB,Teucrium Soybean Fund,ARCA,True,True
SU,"Suncor Energy, Inc.",NYSE,True,True
XIFR,"XPLR Infrastructure, LP",NYSE,True,True
UNM,Unum Group,NYSE,True,True
XYL,Xylem Inc,NYSE,True,True
WEX,WEX Inc.,NYSE,True,True
STM,STMicroelectronics N.V.,NYSE,True,True
WOK,WORK Medical Technology Group LTD Class A Ordinary Shares,NASDAQ,True,False
ACVU,Hartford Alpha Capture Value ETF,BATS,True,False
ACV,Virtus Diversified Income & Convertible Fund,NYSE,True,False
DRIO,DarioHealth Corp. Common Stock,NASDAQ,True,False
ACSV,American Century Small Cap Value Insights ETF,BATS,True,False
ACSG,American Century Small Cap Growth Insights ETF,BATS,True,False
ATH.PRE,"Athene Holding Ltd. Depositary Shares, Each Representing a 1/1,000th Interest in a 7.750% Fixed-Rate Reset Perpetual Non-Cumulative Preference Share, Series E",NYSE,True,True
STRV,Strive 500 ETF,NYSE,True,True
SSO,ProShares Ultra S&P500,ARCA,True,True
VG,"Venture Global, Inc.",NYSE,True,True
VRRM,Verra Mobility Corporation Class A Common Stock,NASDAQ,True,True
XSHQ,Invesco S&P SmallCap Quality ETF,BATS,True,True
SLI,Standard Lithium Ltd.,AMEX,True,True
STN,"Stantec, Inc.",NYSE,True,True
TD,Toronto Dominion Bank,NYSE,True,True
TFIN,"Triumph Financial, Inc.",NYSE,True,True
VVX,"V2X, Inc.",NYSE,True,True
XZO,"Exzeo Group, Inc.",NYSE,True,True
WST,"West Pharmaceutical Services, Inc.",NYSE,True,True
WEAT,Teucrium Wheat Fund,ARCA,True,True
SLGN,Silgan Holdings Inc,NYSE,True,True
WSO,"Watsco, Inc.",NYSE,True,True
SOXX,iShares Semiconductor ETF,NASDAQ,True,True
VENU,Venu Holding Corporation,AMEX,True,True
SRRK,Scholar Rock Holding Corporation Common Stock,NASDAQ,True,True
TE,T1 Energy Inc.,NYSE,True,True
FUSB,"First US Bancshares, Inc. Common Stock",NASDAQ,True,False
GJH,"Synthetic Fixed-Income Sec STRATS 2004-06, 6.375% US Cellular Corp.",NYSE,True,False
IPW,iPower Inc. Common Stock,NASDAQ,True,False
PBHC,"Pathfinder Bancorp, Inc. Common Stock (MD)",NASDAQ,True,False
NCRA,"Nocera, Inc. Common Stock",NASDAQ,True,False
ACII,Innovator Index Autocallable Income Strategy ETF,ARCA,True,False
ACES,ALPS Clean Energy ETF,ARCA,True,False
ACEI,Innovator Equity Autocallable Income Strategy ETF,ARCA,True,False
URA,Global X Uranium ETF,ARCA,True,True
VFC,V.F. Corporation,NYSE,True,True
VVR,Invesco  Senior Income Trust,NYSE,True,True
WRB,W.R. Berkley Corporation,NYSE,True,True
TLK,PT Telekomunikasi Indonesia,NYSE,True,True
XHR,"Xenia Hotels & Resorts, Inc.",NYSE,True,True
SKYW,"SkyWest, Inc. Common Stock",NASDAQ,True,True
TRMB,Trimble Inc. Common Stock,NASDAQ,True,True
SPXV,ProShares S&P 500 Ex-Health Care ETF,ARCA,True,True
UDIV,Franklin U.S. Core Dividend Tilt Index ETF,ARCA,True,True
WSGE,EA Series Trust Warren Street Global Equity ETF,NASDAQ,True,True
SMBK,"SmartFinancial, Inc.",NYSE,True,True
SPFI,"South Plains Financial, Inc. Common Stock",NASDAQ,True,True
SRCE,1st Source Corporation Common Stock,NASDAQ,True,True
SXI,Standex International Corporation,NYSE,True,True
SYBT,"Stock Yards Bancorp, Inc. Common Stock",NASDAQ,True,True
ACB,Aurora Cannabis Inc. Common Shares,NASDAQ,True,False
ABNG,Themes ETF Trust Leverage Shares 2x Long ABNB Daily ETF,NASDAQ,True,False
ABI,Victory Portfolios II VictoryShares Pioneer Asset-Based Income ETF,NASDAQ,True,False
ITHAU,ITHAX Acquisition Corp III Units,NASDAQ,True,False
MS.PRK,"Morgan Stanley Depositary Shares, each representing 1/1,000th of a share of Fixed-to-Floating Rate Non-Cumulative Preferred Stock, Series K",NYSE,True,False
MS.PRQ,"Morgan Stanley Depositary Shares, each representing 1/1,000th of a share of 6.625% Non-Cumulative Preferred Stock, Series Q",NYSE,True,False
TRMK,Trustmark Corporation Common Stock,NASDAQ,True,True
UFPT,"UFP Technologies, Inc. Common Stock",NASDAQ,True,True
UTMD,"Utah Medical Products, Inc. Common Stock",NASDAQ,True,True
XDEC,FT Vest U.S. Equity Enhance & Moderate Buffer ETF - December,BATS,True,True
THRO,iShares U.S. Thematic Rotation Active ETF,ARCA,True,True
SLP,"Simulations Plus, Inc. Common Stock",NASDAQ,True,True
SLRC,SLR Investment Corp. Common Stock,NASDAQ,True,True
WLK,Westlake Corporation,NYSE,True,True
SLSR,Solaris Resources Inc.,AMEX,True,True
SONY,Sony Group Corporation American Depositary Shares (Each Representing One Share of Dollar Validated Common Stock),NYSE,True,True
SOXL,Direxion Daily Semiconductor Bull 3X ETF,ARCA,True,True
WTO,UTime Limited Class A Ordinary Shares,NASDAQ,True,False
ABFL,Abacus FCF Leaders ETF,BATS,True,False
ABCS,EA Series Trust Alpha Blue Capital US Small-Mid Cap Dynamic ETF,NASDAQ,True,False
AAVM,EA Series Trust Alpha Architect Global Factor Equity ETF,NASDAQ,True,False
CYAB,"Cyabra, Inc. Common Stock",NASDAQ,True,False
AAPX,T-Rex 2X Long Apple Daily Target ETF,BATS,True,False
ABTC,American Bitcoin Corp. Class A Common Stock,NASDAQ,True,True
ANSCU,Agriculture & Natural Solutions Acquisition Corporation Unit,NASDAQ,True,False
SOXQ,Invesco Exchange-Traded Fund Trust II Invesco PHLX Semiconductor ETF,NASDAQ,True,True
SOXS,Direxion Daily Semiconductor Bear 3X ETF,ARCA,True,True
STGW,Stagwell Inc. Class A Common Stock,NASDAQ,True,True
STIM,"Neuronetics, Inc. Common Stock",NASDAQ,True,True
STIP,iShares 0-5 Year TIPS Bond ETF,ARCA,True,True
STK,"Columbia Seligman Premium Technology Growth Fund, Inc.",NYSE,True,True
STNE,StoneCo Ltd. Class A Common Shares,NASDAQ,True,True
STNG,Scorpio Tankers Inc.,NYSE,True,True
WTFC,Wintrust Financial Corporation Common Stock,NASDAQ,True,True
WTM,White Mountains Insurance Group Ltd.,NYSE,True,True
WTRE,WisdomTree New Economy Real Estate Fund,ARCA,True,True
WTRG,"Essential Utilities, Inc.",NYSE,True,True
WU,The Western Union Company,NYSE,True,True
XRAY,DENTSPLY SIRONA Inc. Common Stock,NASDAQ,True,True
SOLV,Solventum Corporation,NYSE,True,True
AAPW,Roundhill AAPL WeeklyPay ETF,BATS,True,False
AAPU,Direxion Shares ETF Trust Direxion Daily AAPL Bull 2X ETF,NASDAQ,True,False
MTN,"Vail Resorts, Inc.",NYSE,True,True
XRMI,Global X S&P 500 Risk Managed Income ETF,ARCA,True,True
XRN,Chiron Real Estate Inc.,NYSE,True,True
ZM,"Zoom Communications, Inc. Class A Common Stock",NASDAQ,True,True
ZROZ,PIMCO 25+ Year Zero Coupon U.S. Treasury Index Exchange-Traded Fund,ARCA,True,True
STXG,Strive 1000 Growth ETF,NYSE,True,True
ULS,UL Solutions Inc.,NYSE,True,True
XPOF,"Xponential Fitness, Inc.",NYSE,True,True
VOO,Vanguard S&P 500 ETF,ARCA,True,True
TUYA,"Tuya Inc. American Depositary Shares, each representing one Class A Ordinary Share",NYSE,True,True
UA,"Under Armour, Inc. Class C Common Stock, $0.0003 1/3 par value",NYSE,True,True
URNM,Sprott Uranium Miners ETF,ARCA,True,True
UTF,"Cohen & Steers  Infrastructure Fund, Inc.",NYSE,True,True
VGLT,Vanguard Long-Term Treasury ETF,NASDAQ,True,True
WOOF,"Petco Health and Wellness Company, Inc. Class A Common Stock",NASDAQ,True,True
UI,Ubiquiti Inc. Common Stock,NYSE,True,True
VGNT,Versigent PLC,NYSE,True,True
WEC,"WEC Energy Group, Inc.",NYSE,True,True
SKT,Tanger Inc.,NYSE,True,True
TDF,Templeton Dragon Fund,NYSE,True,True
TT,Trane Technologies plc,NYSE,True,True
AAOG,Leverage Shares 2X Long AAOI Daily ETF,BATS,True,False
AALG,Themes ETF Trust Leverage Shares 2X Long AAL Daily ETF,NASDAQ,True,False
AAEQ,EA Series Trust Alpha Architect US Equity 2 ETF,NASDAQ,True,False
LDI,"loanDepot, Inc.",NYSE,True,True
AADR,AdvisorShares Dorsey Wright ADR ETF,NASDAQ,True,False
LZ,"LegalZoom.com, Inc. Common Stock",NASDAQ,True,True
CWD,CaliberCos Inc. Class A Common Stock,NASDAQ,True,False
AAAC,Columbia AAA CLO ETF,ARCA,True,False
AAAA,Amplius Aggressive Asset Allocation ETF,BATS,True,False
HNVR,"Hanover Bancorp, Inc. Common Stock",NASDAQ,True,False
APVO,Aptevo Therapeutics Inc. Common Stock,NASDAQ,True,False
SHBI,Shore Bancshares Inc Common Stock,NASDAQ,True,True
STAG,"STAG INDUSTRIAL, INC.",NYSE,True,True
SYK,Stryker Corporation,NYSE,True,True
TQQQ,ProShares UltraPro QQQ,NASDAQ,True,True
TSN,"Tyson Foods, Inc.",NYSE,True,True
USCI,US Commodity Index,ARCA,True,True
SLON,ProShares Ultra Solana ETF,ARCA,True,True
SHYD,VanEck Short High Yield Muni ETF,BATS,True,True
TFC,Truist Financial Corporation,NYSE,True,True
SPXU,ProShares UltraPro Short S&P 500,ARCA,True,True
SQQQ,ProShares UltraPro Short QQQ,NASDAQ,True,True
TDIV,First Trust Exchange-Traded Fund VI First Trust NASDAQ Technology Dividend Index Fund,NASDAQ,True,True
VEGI,iShares MSCI Agriculture Producers ETF,ARCA,True,True
OYSER,Oyster Enterprises II Acquisition Corp Rights,NASDAQ,True,False
OYSEU,Oyster Enterprises II Acquisition Corp Units,NASDAQ,True,False
PAAC,Proem Acquisition Corp I Ordinary Shares,NASDAQ,True,False
PAACW,Proem Acquisition Corp I Warrants,NASDAQ,True,False
OPENW,"Opendoor Technologies Inc Series K Warrants, each whole warrant exercisable to purchase one share of Common Stock at an exercise price of $9.00 per warrant",NASDAQ,True,False
VTEL,Vanguard Long-Term Tax-Exempt Bond ETF,BATS,True,True
WCT,Wellchange Holdings Company Limited Class A Ordinary shares,NASDAQ,True,True
XCCC,BondBloxx CCC-Rated USD High Yield Corporate Bond ETF,ARCA,True,True
TECB,iShares U.S. Tech Breakthrough Multisector ETF,ARCA,True,True
VFMV,Vanguard U.S. Minimum Volatility ETF,BATS,True,True
STRW,"Strawberry Fields REIT, Inc.",AMEX,True,True
SHOP,Shopify Inc. Class A subordinate voting shares,NASDAQ,True,True
TCPC,BlackRock TCP Capital Corp. Common Stock,NASDAQ,True,True
TEO,Telecom Argentina S.A.,NYSE,True,True
TRMD,TORM plc Class A Common Stock,NASDAQ,True,True
VEGN,US Vegan Climate ETF,BATS,True,True
TOXR,21Shares XRP ETF,BATS,True,True
VRE,"Veris Residential, Inc.",NYSE,True,True
TIGO,Millicom International Cellular S.A. Common Stock,NASDAQ,True,True
TFII,TFI International Inc.,NYSE,True,True
YOU,"Clear Secure, Inc.",NYSE,True,True
SVRA,Savara Inc. Common Stock,NASDAQ,True,True
SPGI,S&P Global Inc.,NYSE,True,True
CPHC,Canterbury Park Holding Corporation 'New' Common Stock,NASDAQ,True,False
AAA,Alternative Access First Priority CLO Bond ETF,ARCA,True,False
BXSL,Blackstone Secured Lending Fund,NYSE,True,False
ASGM,Virtus AlphaSimplex Global Macro ETF,ARCA,True,False
ASCE,Allspring SMID Core ETF,ARCA,True,False
SMR,NuScale Power Corporation,NYSE,True,True
SHG,Shinhan Financial Group Co Ltd,NYSE,True,True
SHO,"Sunstone Hotel Investors, Inc.",NYSE,True,True
SHV,iShares Trust iShares 0-1 Year Treasury Bond ETF,NYSE,True,True
SHW,The Sherwin-Williams Company,NYSE,True,True
SHYG,iShares 0-5 Year High Yield Corporate Bond ETF,ARCA,True,True
SKE,Skeena Resources Limited,NYSE,True,True
SKWD,"Skyward Specialty Insurance Group, Inc. Common Stock",NASDAQ,True,True
SKYX,SKYX Platforms Corp. Common Stock,NASDAQ,True,True
SKYY,First Trust Cloud Computing ETF,NASDAQ,True,True
SLVR,Sprott Funds Trust Sprott Silver Miners & Physical Silver ETF,NASDAQ,True,True
SLYV,State Street SPDR S&P 600 Small Cap Value ETF,ARCA,True,True
SNDK,Sandisk Corporation Common Stock,NASDAQ,True,True
SPEU,State Street SPDR Portfolio Europe ETF,ARCA,True,True
SPHD,Invesco S&P 500 High Dividend Low Volatility ETF,ARCA,True,True
SIBN,"SI-BONE, Inc. Common Stock",NASDAQ,True,True
SPIB,State Street SPDR Portfolio Intermediate Term Corporate Bond ETF,ARCA,True,True
AIA,iShares Asia 50 ETF,NASDAQ,True,False
ALAI,Alger AI Enablers & Adopters ETF,ARCA,True,False
AFRU,T-REX 2X Long AFRM Daily Target ETF,BATS,True,False
APLU,Allspring Core Plus ETF,ARCA,True,False
GPT,EA Series Trust Intelligent Alpha Atlas ETF,NASDAQ,True,False
GIBO,GIBO Holdings Limited Class A Ordinary Shares,NASDAQ,True,False
FPAS,FPA Short Duration Government ETF,BATS,True,False
FINY,GraniteShares ETF Trust GraniteShares YieldBOOST Financials ETF,NASDAQ,True,False
EYES,Corgi Data & Surveillance ETF,BATS,True,False
SPLV,Invesco S&P 500 Low Volatility ETF,ARCA,True,True
SPOT,Spotify Technology S.A.,NYSE,True,True
SPPP,Sprott Physical Platinum and Palladium Trust,ARCA,True,True
SPRX,Listed Funds Trust Spear Alpha ETF,NASDAQ,True,True
SPRY,"ARS Pharmaceuticals, Inc. Common Stock",NASDAQ,True,True
SPSB,State Street SPDR Portfolio Short Term Corporate Bond ETF,ARCA,True,True
SPT,"Sprout Social, Inc Class A Common Stock",NASDAQ,True,True
SPTI,State Street SPDR Portfolio Intermediate Term Treasury ETF,ARCA,True,True
SPTL,State Street SPDR Portfolio Long Term Treasury ETF,ARCA,True,True
SPTM,State Street SPDR Portfolio S&P 1500 Composite Stock Market ETF,ARCA,True,True
SPUU,Direxion Daily S&P 500 Bull 2X ETF,ARCA,True,True
SPXC,"SPX Technologies, Inc.",NYSE,True,True
SPXX,NUVEEN S&P 500 DYNAMIC OVERWRITE FUND,NYSE,True,True
EUO,ProShares UltraShort Euro,ARCA,True,False
ENHI,BlackRock ETF Trust iShares Enhanced International Active ETF,NASDAQ,True,False
BIRD,"Allbirds, Inc. Class A Common Stock",NASDAQ,True,False
ALDFW,Aldel Financial II Inc. Warrants,NASDAQ,True,False
GRABW,Grab Holdings Limited Warrant,NASDAQ,True,False
GRAF,Graf Global Corp.,AMEX,True,False
GRRR,Gorilla Technology Group Inc. Ordinary shares,NASDAQ,True,False
LEGO.WS,"Legato Merger Corp. IV Redeemable Warrants, each whole warrant exercisable to purchase one ordinary share at an exercise price of $11.50 per share",AMEX,True,False
SPY,State Street SPDR S&P 500 ETF Trust,ARCA,True,True
SPYD,State Street SPDR Portfolio S&P 500 High Dividend ETF,ARCA,True,True
SPYG,State Street SPDR Portfolio S&P 500 Growth ETF,ARCA,True,True
SPYV,State Street SPDR Portfolio S&P 500 Value ETF,ARCA,True,True
SPYX,State Street SPDR S&P 500 Fossil Fuel Reserves Free ETF,ARCA,True,True
SQM,Sociedad Quimica y Minera de Chile SA,NYSE,True,True
SRET,Global X Funds Global X SuperDividend REIT ETF,NASDAQ,True,True
SRPT,"Sarepta Therapeutics, Inc. Common Stock (DE)",NASDAQ,True,True
SRTA,"Strata Critical Medical, Inc. Class A Common Stock",NASDAQ,True,True
SSP,E.W. Scripps Company (The) Class A Common Stock,NASDAQ,True,True
SSTI,"SoundThinking, Inc. Common Stock",NASDAQ,True,True
STRA,"Strategic Education, Inc. Common Stock",NASDAQ,True,True
MI,NFT Limited,AMEX,True,False
ROLR,"High Roller Technologies, Inc.",AMEX,True,False
STRC,Strategy Inc Variable Rate Series A Perpetual Stretch Preferred Stock,NASDAQ,True,True
SUB,iShares Short-Term National Muni Bond ETF,ARCA,True,True
SUNS,"Sunrise Realty Trust, Inc. Common Stock",NASDAQ,True,True
TMDX,"TransMedics Group, Inc. Common Stock",NASDAQ,True,True
SUPN,"Supernus Pharmaceuticals, Inc. Common Stock",NASDAQ,True,True
SUSL,iShares Trust iShares ESG MSCI USA Leaders ETF,NASDAQ,True,True
SUZ,Suzano S.A. American Depositary Shares (each representing one Ordinary Share ) representing one Ordinary Share),NYSE,True,True
SVC,Service Properties Trust Common Stock,NASDAQ,True,True
SVM,Silvercorp Metals Inc. Common Shares,AMEX,True,True
SVOL,Simplify Volatility Premium ETF,ARCA,True,True
SWIM,"Latham Group, Inc. Common Stock",NASDAQ,True,True
SWKS,"Skyworks Solutions, Inc. Common Stock",NASDAQ,True,True
SY,So-Young International Inc. American Depository Shares,NASDAQ,True,True
TALK,"Talkspace, Inc. Common Stock",NASDAQ,True,True
TBLL,Invesco Short Term Treasury ETF,ARCA,True,True
TCX,Tucows Inc. Class A Common Stock,NASDAQ,True,True
TDAQ,TappAlpha Innovation 100 Growth & Daily Income ETF,BATS,True,True
TDAY,"USA TODAY Co., Inc.",NYSE,True,True
TDC,TERADATA CORPORATION,NYSE,True,True
TEAM,Atlassian Corporation Class A Common Stock,NASDAQ,True,True
HNNAZ,"Hennessy Advisors, Inc. 4.875% Notes due 2026",NASDAQ,True,False
TULP,"Bloomia Holdings, Inc. Common Stock",NASDAQ,True,False
USIO,"Usio, Inc. Common Stock",NASDAQ,True,False
ANSC,Agriculture & Natural Solutions Acquisition Corporation Class A Ordinary Shares,NASDAQ,True,False
ENHA,Enhanced Group Inc.,NYSE,True,False
EDGU,3EDGE Dynamic US Equity ETF,ARCA,True,False
EBIT,Harbor AlphaEdge Small Cap Earners ETF,ARCA,True,False
DALI,First Trust Exchange-Traded Fund VI First Trust Dorsey Wright DALI Equity ETF,NASDAQ,True,False
TECH,Bio-Techne Corp Common Stock,NASDAQ,True,True
TECL,Direxion Daily Technology Bull 3x ETF,ARCA,True,True
TECX,"Tectonic Therapeutic, Inc. Common Stock",NASDAQ,True,True
SNDR,"Schneider National, Inc.",NYSE,True,True
TFLO,iShares Treasury Floating Rate Bond ETF,ARCA,True,True
TGS,Transportadora de Gas del Sur S.A. ADS,NYSE,True,True
THFF,First Financial Corporation Common Stock,NASDAQ,True,True
THG,"The Hanover Insurance Group, Inc.",NYSE,True,True
THNQ,ROBO Global Artificial Intelligence ETF,ARCA,True,True
THRY,"Thryv Holdings, Inc. Common Stock",NASDAQ,True,True
THW,abrdn World Healthcare Fund,NYSE,True,True
TIC,"TIC Solutions, Inc",NYSE,True,True
TIGR,UP Fintech Holding Ltd American Depositary Share representing fifteen Class A Ordinary Shares,NASDAQ,True,True
TILE,"Interface, Inc. Common Stock",NASDAQ,True,True
MWG,Multi Ways Holdings Limited,AMEX,True,False
MTEKW,Maris-Tech Ltd. Warrants,NASDAQ,True,False
WSTN,Westin Acquisition Corp Class A Ordinary Share,NASDAQ,True,False
WTF,Waton Financial Limited Ordinary Shares,NASDAQ,True,False
TWAV,"TaoWeave, Inc. Common Stock",NASDAQ,True,False
MS.PRL,"Morgan Stanley Depositary Shares, each representing 1/1,000th of a share of 4.875% Non-Cumulative Preferred Stock, Series L",NYSE,True,False
TIMB,TIM S.A. American Depositary Shares (Each representing 5 Common Shares),NYSE,True,True
TIPT,Tiptree Inc. Common Stock,NASDAQ,True,True
TKNO,"Alpha Teknova, Inc. Common Stock",NASDAQ,True,True
TLH,iShares 10-20 Year Treasury Bond ETF,ARCA,True,True
TLN,Talen Energy Corporation Common Stock,NASDAQ,True,True
TLSI,"TriSalus Life Sciences, Inc. Common Stock",NASDAQ,True,True
TLT,iShares 20 Year Treasury Bond ETF,NASDAQ,True,True
TLTW,iShares 20+ Year Treasury Bond BuyWrite Strategy ETF,BATS,True,True
TM,Toyota Motor Corporation American Depositary Shares (Each representing ten Ordinary Shares),NYSE,True,True
TMC,TMC the metals company Inc. Common Stock,NASDAQ,True,True
TMCI,"Treace Medical Concepts, Inc. Common Stock",NASDAQ,True,True
TME,"Tencent Music Entertainment Group American Depositary Shares, each representing two Class A Ordinary Shares",NYSE,True,True
TMF,Direxion Daily 20+ Year Treasury Bull 3X ETF,ARCA,True,True
TMUS,"T-Mobile US, Inc. Common Stock",NASDAQ,True,True
TNGX,"Tango Therapeutics, Inc.",NASDAQ,True,True
TNK,Teekay Tankers Ltd.,NYSE,True,True
BNKK,"Bonk, Inc. Common Stock",NASDAQ,True,False
MNTS,Momentus Inc. Class A Common Stock,NASDAQ,True,False
FDLS,Inspire Fidelis Multi Factor ETF,ARCA,True,False
COOT,Australian Oilseeds Holdings Limited Ordinary Shares,NASDAQ,True,False
DAK,EA Series Trust Dakota Active Equity ETF,NASDAQ,True,False
CDR.PRB,"CEDAR REALTY TRUST, INC. 7.25% Series B Cumulative Redeemable Preferred Stock",NYSE,True,False
BUFB,Innovator Laddered Allocation Buffer ETF,BATS,True,False
LAUR,"Laureate Education, Inc. Common Stock",NASDAQ,True,True
FORH,Formidable ETF,BATS,True,False
CGIC,Capital Group International Core Equity ETF,ARCA,True,False
CWY,GraniteShares ETF Trust GraniteShares YieldBOOST CRWV ETF,NASDAQ,True,False
TNL,Travel + Leisure Co.,NYSE,True,True
TOI,"The Oncology Institute, Inc. Common Stock",NASDAQ,True,True
TOL,"Toll Brothers, Inc.",NYSE,True,True
TONX,TON Strategy Company Common Stock,NASDAQ,True,True
TOWN,TowneBank Common Stock,NASDAQ,True,True
TPB,"Turning Point Brands, Inc.",NYSE,True,True
TPG,TPG Inc. Class A Common Stock,NASDAQ,True,True
TPR,"Tapestry, Inc. Common Stock",NYSE,True,True
TPYP,Tortoise North American Pipeline ETF,NYSE,True,True
TR,"Tootsie Roll Industries, Inc.",NYSE,True,True
TROW,"T. Rowe Price Group, Inc. Common Stock",NASDAQ,True,True
TROX,TRONOX LIMITED CL A ORDINARY SHARES,NYSE,True,True
LEGT.U,"Legato Merger Corp III Units, each consisting of one Ordinary Share and one-half of one warrant",AMEX,True,False
IVDAW,"Iveda Solutions, Inc. Warrant",NASDAQ,True,False
ABLS,Abacus FCF Small Cap Leaders ETF,BATS,True,False
ABLG,Abacus FCF International Leaders ETF,BATS,True,False
EXC,Exelon Corporation Common Stock,NASDAQ,True,True
VEA,Vanguard FTSE Developed Markets ETF,ARCA,True,True
MNDO,MIND C.T.I. Ltd. Ordinary Shares,NASDAQ,True,False
CCXIW,Churchill Capital Corp XI Warrants,NASDAQ,True,False
MGIH,Millennium Group International Holdings Limited Ordinary Shares,NASDAQ,True,False
MFAN,MFA Financial Inc,NYSE,True,False
TRP,TC Energy Corporation,NYSE,True,True
TRS,TriMas Corporation Common Stock,NASDAQ,True,True
TRST,TrustCo Bank Corp NY Common Stock,NASDAQ,True,True
TSBK,"Timberland Bancorp, Inc. Common Stock",NASDAQ,True,True
TSCO,Tractor Supply Company Common Stock,NASDAQ,True,True
TSHA,"Taysha Gene Therapies, Inc. Common Stock",NASDAQ,True,True
TSLA,"Tesla, Inc. Common Stock",NASDAQ,True,True
TSLS,Direxion Shares ETF Trust Direxion Daily TSLA Bear 1X ETF,NASDAQ,True,True
TSM,Taiwan Semiconductor Manufacturing Company Ltd.,NYSE,True,True
TSPA,T. Rowe Price U.S. Equity Research ETF,ARCA,True,True
TSPY,ETF Opportunities Trust TappAlpha S&P 500 Growth & Daily Income ETF,NASDAQ,True,True
TTAN,"ServiceTitan, Inc. Class A Common Stock",NASDAQ,True,True
TTD,"The Trade Desk, Inc. Class A Common Stock",NASDAQ,True,True
TTEK,"Tetra Tech, Inc. Common Stock",NASDAQ,True,True
TTGT,"TechTarget, Inc. Common Stock",NASDAQ,True,True
TTI,"TETRA Technologies, Inc.",NYSE,True,True
TTMI,"TTM Technologies, Inc. Common Stock",NASDAQ,True,True
TTWO,"Take-Two Interactive Software, Inc. Common Stock",NASDAQ,True,True
TUA,Simplify Short Term Treasury Futures Strategy ETF,ARCA,True,True
TVTX,"Travere Therapeutics, Inc. Common Stock",NASDAQ,True,True
TW,Tradeweb Markets Inc. Class A Common Stock,NASDAQ,True,True
TWI,"Titan International, Inc.(Delaware)",NYSE,True,True
TWO,Two Harbors Investment Corp.,NYSE,True,True
TWST,Twist Bioscience Corporation Common Stock,NASDAQ,True,True
TX,Ternium S.A. American Depositary Shares,NYSE,True,True
TXN,Texas Instruments Incorporated Common Stock,NASDAQ,True,True
TXRH,"Texas Roadhouse, Inc. Common Stock",NASDAQ,True,True
TXS,Texas Capital Texas Equity Index ETF,ARCA,True,True
TXT,"Textron, Inc.",NYSE,True,True
TY,TRI-Continental Corporation,NYSE,True,True
TYG,Tortoise Energy Infrastructure Corp.,NYSE,True,True
TYGO,"Tigo Energy, Inc. Common Stock",NASDAQ,True,True
TYL,"Tyler Technologies, Inc.",NYSE,True,True
UAL,"United Airlines Holdings, Inc. Common Stock",NASDAQ,True,True
UAMY,United States Antimony Corporation,NYSE,True,True
UBRL,GraniteShares ETF Trust GraniteShares 2x Long UBER Daily ETF,NASDAQ,True,True
UBSI,"United Bankshares, Inc. Common Stock",NASDAQ,True,True
MEVO,M Evo Global Acquisition Corp II Class A Ordinary Shares,NASDAQ,True,False
MCGA,Yorkville Acquisition Corp. Class A Ordinary Share,NASDAQ,True,False
ARTW,"Art's-Way Manufacturing Co., Inc. Common Stock",NASDAQ,True,False
CAPNR,Cayson Acquisition Corp Right,NASDAQ,True,False
FLDDW,"Fold Holdings, Inc. Warrant",NASDAQ,True,False
UBT,ProShares Ultra 20+ Year Treasury,ARCA,True,True
UCB,"United Community Banks, Inc.",NYSE,True,True
UCTT,"Ultra Clean Holdings, Inc. Common Stock",NASDAQ,True,True
UDN,Invesco DB US Dollar Index Bearish Fund,ARCA,True,True
UEC,Uranium Energy Corp.,AMEX,True,True
UFCS,"United Fire Group, Inc. Common Stock",NASDAQ,True,True
UFO,Procure ETF Trust II Procure Space ETF,NASDAQ,True,True
UFOX,ETF Series Solutions Defiance Connective Technologies ETF,NASDAQ,True,True
UFPI,"UFP Industries, Inc. Common Stock",NASDAQ,True,True
UGI,UGI Corporation,NYSE,True,True
UGL,ProShares Ultra Gold,ARCA,True,True
UHAL,U-Haul Holding Company,NYSE,True,True
UHAL.B,U-Haul Holding Company,NYSE,True,True
UHS,"Universal Health Services, Inc. Class B",NYSE,True,True
ULH,"Universal Logistics Holdings, Inc. Common Stock",NASDAQ,True,True
UNH,UNITEDHEALTH GROUP INCORPORATED (Delaware),NYSE,True,True
UNTY,"Unity Bancorp, Inc. Common Stock",NASDAQ,True,True
UPBD,"Upbound Group, Inc. Common Stock",NASDAQ,True,True
UPRO,ProShares UltraPro S&P 500,ARCA,True,True
EDRY,EuroDry Ltd. Common Shares,NASDAQ,True,False
BGSF,"BGSF, Inc.",NYSE,True,True
BTDPY,BARRATT REDROW PLC ADR - Unsponsored (United Kingdom),OTC,True,False
BNCWW,CEA Industries Inc. Warrant,NASDAQ,True,False
UPS,"United Parcel Service, Inc. Class B",NYSE,True,True
UPST,"Upstart Holdings, Inc. Common stock",NASDAQ,True,True
URBN,"Urban Outfitters, Inc. Common Stock",NASDAQ,True,True
URGN,UroGen Pharma Ltd. Ordinary Shares,NASDAQ,True,True
USFR,WisdomTree Floating Rate Treasury Fund,ARCA,True,True
USHY,iShares Broad USD High Yield Corporate Bond ETF,BATS,True,True
USIG,iShares Broad USD Investment Grade Corporate Bond ETF,NASDAQ,True,True
USLM,"United States Lime & Minerals, Inc. Common Stock",NASDAQ,True,True
USOY,Tidal Trust II Defiance Oil Enhanced Options Income ETF,NASDAQ,True,True
UTSL,Direxion Daily Utilities Bull 3X ETF,ARCA,True,True
UTWO,"The RBB Fund, Inc. US Treasury 2 Year Note ETF",NASDAQ,True,True
UYLD,Angel Oak Funds Trust Angel Oak UltraShort Income ETF,NASDAQ,True,True
VAC,MARRIOTT VACATIONS WORLDWIDE CORPORATION,NYSE,True,True
VBIL,Vanguard Institutional Index Funds Vanguard 0-3 Month Treasury Bill ETF,NASDAQ,True,True
VCR,Vanguard Consumer Discretionary ETF,ARCA,True,True
VCSH,Vanguard Short-Term Corporate Bond ETF,NASDAQ,True,True
VCTR,"Victory Capital Holdings, Inc. Class A Common Stock",NASDAQ,True,True
VCYT,"Veracyte, Inc. Common Stock",NASDAQ,True,True
VECO,Veeco Instruments Inc. Common Stock,NASDAQ,True,True
VEEV,Veeva Systems Inc.,NYSE,True,True
VEON,VEON Ltd. ADS,NASDAQ,True,True
VERA,"Vera Therapeutics, Inc. Class A Common Stock",NASDAQ,True,True
VERI,"Veritone, Inc. Common Stock",NASDAQ,True,True
VERX,"Vertex, Inc. Class A Common Stock",NASDAQ,True,True
VEU,Vanguard FTSE All-World Ex-US ETF,ARCA,True,True
UPWK,Upwork Inc. Common Stock,NASDAQ,True,True
VFF,"Village Farms International, Inc. Common Shares",NASDAQ,True,True
VFLO,Victory Portfolios II VictoryShares Free Cash Flow ETF,NASDAQ,True,True
VFQY,Vanguard U.S. Quality Factor ETF,BATS,True,True
VFVA,Vanguard U.S. Value Factor ETF,BATS,True,True
VGK,Vanguard FTSE Europe ETF,ARCA,True,True
VGSH,Vanguard Short-Term Treasury ETF,NASDAQ,True,True
VGSR,Manager Directed Portfolios Vert Global Sustainable Real Estate ETF,NASDAQ,True,True
VGT,Vanguard Information Technology ETF,ARCA,True,True
VGUS,Vanguard Institutional Index Funds Vanguard Ultra-Short Treasury ETF,NASDAQ,True,True
VHT,Vanguard Health Care ETF,ARCA,True,True
VIAV,Viavi Solutions Inc. Common Stock,NASDAQ,True,True
VICI,VICI Properties Inc. Common Stock,NYSE,True,True
VMD,"Viemed Healthcare, Inc. Common Shares",NASDAQ,True,True
VNDA,Vanda Pharmaceuticals Inc. Common Stock,NASDAQ,True,True
VNET,"VNET Group, Inc. American Depositary Shares",NASDAQ,True,True
VNLA,Janus Henderson Short Duration Income ETF,ARCA,True,True
VOT,Vanguard Mid-Cap Growth ETF,ARCA,True,True
VOX,Vanguard Communication Services ETF,ARCA,True,True
VOXR,Vox Royalty Corp. Common Stock,NASDAQ,True,True
VPG,"Vishay Precision Group, Inc.",NYSE,True,True
VREX,Varex Imaging Corporation Common Stock,NASDAQ,True,True
VRT,Vertiv Holdings Co Class A Common Stock,NYSE,True,True
VSAT,"ViaSat, Inc. Common Stock",NASDAQ,True,True
VSCO,Victorias Secret & Co.,NYSE,True,True
VSDA,Victory Portfolios II VictoryShares Dividend Accelerator ETF,NASDAQ,True,True
VSEC,VSE Corporation Common Stock,NASDAQ,True,True
VSH,"Vishay Intertechnology, Inc.",NYSE,True,True
VSS,Vanguard FTSE All-World EX-US Small-Cap Index Fund,ARCA,True,True
VSTM,"Verastem, Inc. Common Stock",NASDAQ,True,True
VT,Vanguard Total World Stock ETF,ARCA,True,True
VTHR,Vanguard Scottsdale Funds Vanguard Russell 3000 ETF,NASDAQ,True,True
VTI,Vanguard Total Stock Market ETF,ARCA,True,True
VTIP,Vanguard Malvern Funds Vanguard Short-Term Inflation-Protected Securities Index Fund ETF Shares,NASDAQ,True,True
VTRS,Viatris Inc. Common Stock,NASDAQ,True,True
VTWV,Vanguard Scottsdale Funds Vanguard Russell 2000 Value ETF,NASDAQ,True,True
VV,Vanguard Large-Cap ETF,ARCA,True,True
VWOB,Vanguard Whitehall Funds Vanguard Emerging Markets Government Bond ETF,NASDAQ,True,True
VXF,Vanguard Extended Market ETF,ARCA,True,True
VXUS,Vanguard STAR Funds Vanguard Total International Stock ETF,NASDAQ,True,True
VYGR,"Voyager Therapeutics, Inc. Common Stock",NASDAQ,True,True
VYM,Vanguard High Dividend Yield ETF,ARCA,True,True
VYMI,Vanguard Whitehall Funds Vanguard International High Dividend Yield ETF,NASDAQ,True,True
VZLA,Vizsla Silver Corp.,AMEX,True,True
WABC,Westamerica Bancorporation Common Stock,NASDAQ,True,True
WAL,Western Alliance Bancorporation,NYSE,True,True
WASH,"Washington Trust Bancorp, Inc. Common Stock",NASDAQ,True,True
WAY,Waystar Holding Corp. Common Stock,NASDAQ,True,True
YETI,"YETI Holdings, Inc. Common Stock",NYSE,True,True
WB,Weibo Corporation American Depositary Share,NASDAQ,True,True
WBD,"Warner Bros. Discovery, Inc. Series A Common Stock",NASDAQ,True,True
WBS,Webster Financial Corporation Waterbury,NYSE,True,True
WDAY,"Workday, Inc. Class A Common Stock",NASDAQ,True,True
WDC,Western Digital Corporation Common Stock,NASDAQ,True,True
WERN,"Werner Enterprises, Inc. Common Stock",NASDAQ,True,True
WEST,Westrock Coffee Company Common Stock,NASDAQ,True,True
WF,Woori Financial Group Inc. American Depositary Shares (each representing three (3) shares of Common Stock),NYSE,True,True
WGO,"Winnebago Industries, Inc.",NYSE,True,True
WGS,GeneDx Holdings Corp. Class A Common Stock,NASDAQ,True,True
WH,"Wyndham Hotels & Resorts, Inc. Common Stock",NYSE,True,True
WINN,Harbor Long-Term Growers ETF,NYSE,True,True
WIW,Western Asset Inflation-Linked Opportunities & Income Fund,NYSE,True,True
WLFC,Willis Lease Finance Corporation Common Stock,NASDAQ,True,True
WLY,"John Wiley & Sons, Inc. Class A",NYSE,True,True
WMS,"ADVANCED DRAINAGE SYSTEMS, INC.",NYSE,True,True
WMT,Walmart Inc. Common Stock,NASDAQ,True,True
WPC,W.P. Carey Inc. (REIT),NYSE,True,True
WPM,Wheaton Precious Metals Corp. Common Stock,NYSE,True,True
WSBC,"WesBanco, Inc. Common Stock",NASDAQ,True,True
WSC,WillScot Holdings Corporation Class A Common Stock,NASDAQ,True,True
WSM,"Williams-Sonoma, Inc.",NYSE,True,True
WULF,TeraWulf Inc. Common Stock,NASDAQ,True,True
WCC,Wesco International Inc.,NYSE,True,True
WVE,Wave Life Sciences Ltd. Ordinary Shares,NASDAQ,True,True
WY,Weyerhaeuser Company,NYSE,True,True
XBIL,"The RBB Fund, Inc. US Treasury 6 Month Bill ETF",NASDAQ,True,True
XE,"X-Energy, Inc. Class A Common Stock",NASDAQ,True,True
XERS,"Xeris Biopharma Holdings, Inc. Common Stock",NASDAQ,True,True
XFLT,XAI Octagon Floating Rate and Alternative Income Trust Common Shares of Beneficial Interest,NYSE,True,True
XFOR,"X4 Pharmaceuticals, Inc. Common Stock",NASDAQ,True,True
XHLF,BondBloxx Bloomberg Six Month Target Duration US Treasury ETF,ARCA,True,True
XLB,State Street Materials Select Sector SPDR ETF,ARCA,True,True
XLC,State Street Communication Services Select Sector SPDR ETF,ARCA,True,True
XLF,State Street Financial Select Sector SPDR ETF,ARCA,True,True
XOVR,EntrepreneurShares Series Trust ERShares Private-Public Crossover ETF,NASDAQ,True,True
XP,XP Inc. Class A Common Stock,NASDAQ,True,True
XPRO,Expro Group Holdings N.V.,NYSE,True,True
XRPC,Canary XRP ETF Shares of Beneficial Interest,NASDAQ,True,True
XSOE,WisdomTree Emerging Markets ex-State-Owned Enterprises Fund,ARCA,True,True
XT,iShares Trust iShares Future Exponential Technologies ETF,NASDAQ,True,True
XVV,iShares ESG Select Screened S&P 500 ETF,BATS,True,True
YALA,"Yalla Group Limited American Depositary Shares, each representing one Class A Ordinary Share",NYSE,True,True
YORW,York Water Company (The) Common Stock,NASDAQ,True,True
YQQQ,Tidal Trust II YieldMax Short N100 Option Income Strategy ETF,NASDAQ,True,True
YSG,"Yatsen Holding Limited American Depositary Shares, each representing twenty (20) Class A Ordinary Shares",NYSE,True,True
YUMC,"Yum China Holdings, Inc. Common Stock",NYSE,True,True
Z,"Zillow Group, Inc. Class C Capital Stock",NASDAQ,True,True
ZALT,Innovator U.S. Equity 10 Buffer ETF - Quarterly,BATS,True,True
ZBH,"Zimmer Biomet Holdings, Inc.",NYSE,True,True
ZBRA,Zebra Technologies Corporation Class A Common Stock,NASDAQ,True,True
ZURA,Zura Bio Limited Class A Ordinary Shares,NASDAQ,True,True
ZVRA,"Zevra Therapeutics, Inc. Common Stock",NASDAQ,True,True
VRSN,"VeriSign, Inc. Common Stock",NASDAQ,True,True
UUUU,Energy Fuels Inc.,AMEX,True,True
SPGM,State Street SPDR Portfolio MSCI Global Stock Market ETF,ARCA,True,True
SPGP,Invesco S&P 500 GARP ETF,ARCA,True,True
SPIP,State Street SPDR Portfolio TIPS ETF,ARCA,True,True
WMB,Williams Companies Inc.,NYSE,True,True
SPLB,State Street SPDR Portfolio Long Term Corporate Bond ETF,ARCA,True,True
SPMD,State Street SPDR Portfolio S&P 400 Mid Cap ETF,ARCA,True,True
SHY,iShares 1-3 Year Treasury Bond ETF,NASDAQ,True,True
SPSM,State Street SPDR Portfolio S&P 600 Small Cap ETF,ARCA,True,True
TEL,TE Connectivity plc,NYSE,True,True
TEM,"Tempus AI, Inc. Class A Common Stock",NASDAQ,True,True
TFSL,TFS Financial Corporation Common Stock,NASDAQ,True,True
TKO,"TKO Group Holdings, Inc.",NYSE,True,True
TKR,The Timken Company,NYSE,True,True
TOPT,iShares Top 20 U.S. Stocks ETF,ARCA,True,True
TOTL,State Street DoubleLine Total Return Tactical ETF,ARCA,True,True
UBER,"Uber Technologies, Inc.",NYSE,True,True
SLF,Sun Life Financial Inc.,NYSE,True,True
SPHR,Sphere Entertainment Co.,NYSE,True,True
THQ,abrdn Healthcare Opportunities Fund,NYSE,True,True
TRIP,"TripAdvisor, Inc. Common Stock",NASDAQ,True,True
SHC,Sotera Health Company Common Stock,NASDAQ,True,True
SHEL,Shell plc American Depositary Shares (Each represents two Ordinary shares),NYSE,True,True
SHEN,Shenandoah Telecommunications Co Common Stock,NASDAQ,True,True
SHLD,Global X Defense Tech ETF,ARCA,True,True
SHLS,"Shoals Technologies Group, Inc. Class A Common Stock",NASDAQ,True,True
SRG,"Seritage Growth Properties Class A common shares of beneficial interest, par value $0.01",NYSE,True,True
SRLN,State Street Blackstone Senior Loan ETF,ARCA,True,True
TAP,Molson Coors Beverage Company Class B,NYSE,True,True
TCBX,"Third Coast Bancshares, Inc. Common Stock",NYSE,True,True
TRAX,"First Tracks Biotherapeutics, Inc. Ordinary Shares",NASDAQ,True,True
TRDA,"Entrada Therapeutics, Inc. Common Stock",NASDAQ,True,True
TREE,"LendingTree, Inc. Common Stock",NASDAQ,True,True
TRGP,Targa Resources Corp.,NYSE,True,True
TRN,"Trinity Industries, Inc.",NYSE,True,True
TRNO,Terreno Realty Corporation,NYSE,True,True
TRNS,"Transcat, Inc. Common Stock",NASDAQ,True,True
USXF,iShares Trust iShares ESG Advanced MSCI USA ETF,NASDAQ,True,True
UTG,Reaves Utility Income Fund,AMEX,True,True
WDI,Western Asset Diversified Income Fund,NYSE,True,True
WDIV,State Street SPDR S&P Global Dividend ETF,ARCA,True,True
WDS,"Woodside Energy Group Limited American Depositary Shares, each representing one Ordinary Share",NYSE,True,True
WMG,Warner Music Group Corp. Class A Common Stock,NASDAQ,True,True
XLRE,State Street Real Estate Select Sector SPDR ETF,ARCA,True,True
XLU,State Street Utilities Select Sector SPDR ETF,ARCA,True,True
XLV,State Street Health Care Select Sector SPDR ETF,ARCA,True,True
XLY,State Street Consumer Discretionary Select Sector SPDR ETF,ARCA,True,True
XPEV,"XPeng Inc. American depositary shares, each representing two Class A ordinary shares",NYSE,True,True
ZYME,Zymeworks Inc. Common Stock,NASDAQ,True,True
SRAD,Sportradar Group AG Class A Ordinary Shares,NASDAQ,True,True
SSRM,SSR Mining Inc. Common Stock,NASDAQ,True,True
STTK,"Shattuck Labs, Inc. Common Stock",NASDAQ,True,True
SHYL,Xtrackers Short Duration High Yield Bond ETF,ARCA,True,True
SNDL,SNDL Inc. Common Shares,NASDAQ,True,True
STUB,"StubHub Holdings, Inc.",NYSE,True,True
SUIG,Sui Group Holdings Limited Common Stock,NASDAQ,True,True
SVV,"Savers Value Village, Inc.",NYSE,True,True
TMHC,Taylor Morrison Home Corporation Common Stock,NYSE,True,True
TNDM,"Tandem Diabetes Care, Inc. Common Stock",NASDAQ,True,True
ZWS,Zurn Elkay Water Solutions Corporation,NYSE,True,True
UNIT,Uniti Group Inc. Common Stock,NASDAQ,True,True
ZGN,Ermenegildo Zegna N.V.,NYSE,True,True
ZH,"Zhihu Inc. American Depositary Shares, each representing three (3) Class A Ordinary Shares",NYSE,True,True
UBOT,"Direxion Daily Robotics, Artificial Intelligence & Automation Index Bull 2X ETF",ARCA,True,True
YEAR,AB Ultra Short Income ETF,ARCA,True,True
TXG,"10x Genomics, Inc. Class A Common Stock",NASDAQ,True,True
SLV,iShares Silver Trust,ARCA,True,True
SWX,"Southwest Gas Holdings, Inc.",NYSE,True,True
SHOO,"Steven Madden, Ltd. Common Stock",NASDAQ,True,True
SJNK,State Street SPDR Bloomberg Short Term High Yield Bond ETF,ARCA,True,True
STEP,StepStone Group Inc. Class A Common Stock,NASDAQ,True,True
SYNA,Synaptics Incorporated Common Stock $0.001 Par Value,NASDAQ,True,True
TARA,"Protara Therapeutics, Inc. Common Stock",NASDAQ,True,True
TARS,"Tarsus Pharmaceuticals, Inc. Common Stock",NASDAQ,True,True
TBBK,The Bancorp Inc Common Stock,NASDAQ,True,True
TBCH,Turtle Beach Corporation Common Stock,NASDAQ,True,True
TBPH,"Theravance Biopharma, Inc. Ordinary Shares",NASDAQ,True,True
TBUX,T. Rowe Price Ultra Short-Term Bond ETF,ARCA,True,True
TCAF,T. Rowe Price Capital Appreciation Equity ETF,ARCA,True,True
TCBI,"Texas Capital Bancshares, Inc. Common Stock",NASDAQ,True,True
TCBK,TriCo Bancshares Common Stock,NASDAQ,True,True
TCHP,T. Rowe Price Blue Chip Growth ETF,ARCA,True,True
TCMD,"Tactile Systems Technology, Inc. Common Stock",NASDAQ,True,True
TCOM,Trip.com Group Limited American Depositary Shares,NASDAQ,True,True
TFPM,Triple Flag Precious Metals Corp.,NYSE,True,True
VNQ,Vanguard Real Estate ETF,ARCA,True,True
VNQI,Vanguard International Equity Index Funds Vanguard Global ex-U.S. Real Estate ETF,NASDAQ,True,True
VOD,Vodafone Group Plc American Depositary Shares,NASDAQ,True,True
VOE,Vanguard Mid-Cap Value ETF,ARCA,True,True
VOLT,Tema ETF Trust Tema Electrification ETF,NASDAQ,True,True
SPHQ,Invesco S&P 500 Quality ETF,ARCA,True,True
SPHY,State Street SPDR Portfolio High Yield Bond ETF,ARCA,True,True
SMRT,"SmartRent, Inc.",NYSE,True,True
UDR,"UDR, Inc.",NYSE,True,True
V,VISA Inc.,NYSE,True,True
SKY,"Champion Homes, Inc.",NYSE,True,True
TOST,"Toast, Inc.",NYSE,True,True
VTS,"Vitesse Energy, Inc..",NYSE,True,True
YMM,Full Truck Alliance Co. Ltd. American Depositary Shares (each representing 20 Class A Ordinary Shares),NYSE,True,True
VFH,Vanguard Financials ETF,ARCA,True,True
VGIT,Vanguard Intermediate-Term Treasury ETF,NASDAQ,True,True
VZ,Verizon Communications,NYSE,True,True
STLD,"Steel Dynamics, Inc.",NASDAQ,True,True
SONO,"Sonos, Inc. Common Stock",NASDAQ,True,True
WBIY,WBI Power Factor High Dividend ETF,NYSE,True,True
WINA,Winmark Corporation Common Stock,NASDAQ,True,True
WTS,"Watts Water Technologies, Inc. Class A",NYSE,True,True
ZS,"Zscaler, Inc. Common Stock",NASDAQ,True,True
TTAM,Titan America SA,NYSE,True,True
ULTA,"Ulta Beauty, Inc. Common Stock",NASDAQ,True,True
VMC,Vulcan Materials Company(Holding Company),NYSE,True,True
WEBL,Direxion Daily Dow Jones Internet Bull 3X ETF,ARCA,True,True
WTW,Willis Towers Watson Public Limited Company Ordinary Shares,NASDAQ,True,True
WFRD,Weatherford International plc Ordinary Shares,NASDAQ,True,True
TCHI,iShares Trust iShares MSCI China Multisector Tech ETF,NASDAQ,True,True
WING,Wingstop Inc. Common Stock,NASDAQ,True,True
TYRA,"Tyra Biosciences, Inc. Common Stock",NASDAQ,True,True
XRX,Xerox Holdings Corporation Common Stock,NASDAQ,True,True
WSFS,WSFS Financial Corporation Common Stock,NASDAQ,True,True
WHD,"Cactus, Inc.",NYSE,True,True
SMDD,ProShares UltraPro Short MidCap400,ARCA,True,True
SPDN,Direxion Daily S&P 500 Bear 1X ETF,ARCA,True,True
UROY,Uranium Royalty Corp. Common Stock,NASDAQ,True,True
USA,Liberty All-Star Equity Fund,NYSE,True,True
USAR,"USA Rare Earth, Inc. Class A Common Stock",NASDAQ,True,True
VIOV,Vanguard S&P Small-Cap 600 Value ETF,ARCA,True,True
VKTX,"Viking Therapeutics, Inc. Common Stock",NASDAQ,True,True
VLN,Valens Semiconductor Ltd.,NYSE,True,True
SUNC,SunocoCorp LLC,NYSE,True,True
VBR,Vanguard Small-Cap Value ETF,ARCA,True,True
VDC,Vanguard Consumer Staples ETF,ARCA,True,True
VSNT,"Versant Media Group, Inc. Class A Common Stock",NASDAQ,True,True
THC,Tenet Healthcare Corporation New,NYSE,True,True
TRC,Tejon Ranch Co.,NYSE,True,True
STOK,"Stoke Therapeutics, Inc. Common Stock",NASDAQ,True,True
VIA,"Via Transportation, Inc.",NYSE,True,True
WTAI,WisdomTree Artificial Intelligence and Innovation Fund,BATS,True,True
SPB,"Spectrum Brands Holdings, Inc.",NYSE,True,True
VRDN,"Viridian Therapeutics, Inc. Common Stock",NASDAQ,True,True
VRIG,Invesco Actively Managed Exchange-Traded Fund Trust Invesco Variable Rate Investment Grade ETF,NASDAQ,True,True
VRNS,"Varonis Systems, Inc. Common Stock",NASDAQ,True,True
VRSK,"Verisk Analytics, Inc. Common Stock",NASDAQ,True,True
VTMX,"Corporacion Inmobiliaria Vesta, S.A.B de C.V., American Depositary Shares, each representing ten (10) Common Shares",NYSE,True,True
SGRY,"Surgery Partners, Inc. Common Stock",NASDAQ,True,True
ZVIA,Zevia PBC,NYSE,True,True
SIGA,SIGA Technologies Inc. Common Stock,NASDAQ,True,True
SIRI,SiriusXM Holdings Inc. Common Stock,NASDAQ,True,True
SITC,SITE Centers Corp. Common Shares,NYSE,True,True
SITM,SiTime Corporation Common Stock,NASDAQ,True,True
SIVR,abrdn Physical Silver Shares ETF,ARCA,True,True
SIZE,iShares MSCI USA Size Factor ETF,ARCA,True,True
SJB,ProShares Short High Yield,ARCA,True,True
SLAB,"Silicon Laboratories, Inc. Common Stock",NASDAQ,True,True
SLDB,Solid Biosciences Inc. Common Stock,NASDAQ,True,True
SLDE,"Slide Insurance Holdings, Inc. Common Stock",NASDAQ,True,True
SLDP,"Solid Power, Inc. Class A Common Stock",NASDAQ,True,True
SLG,SL Green Realty Corp.,NYSE,True,True
SLM,SLM Corporation Common Stock,NASDAQ,True,True
SMA,"SmartStop Self Storage REIT, Inc.",NYSE,True,True
SMBC,"Southern Missouri Bancorp, Inc. Common Stock",NASDAQ,True,True
SMCI,"Super Micro Computer, Inc. Common Stock",NASDAQ,True,True
SMFG,"Sumitomo Mitsui Financial Group, Inc American Depositary Shares (each representing 3/5th of a share of common stock)",NYSE,True,True
SMG,The Scotts Miracle-Gro Company,NYSE,True,True
SMH,VanEck Semiconductor ETF,NASDAQ,True,True
SMHX,VanEck ETF Trust VanEck Fabless Semiconductor ETF,NASDAQ,True,True
SOFI,"SoFi Technologies, Inc. Common Stock",NASDAQ,True,True
SOLS,Solstice Advanced Materials Inc. Common Stock,NASDAQ,True,True
SPAB,State Street SPDR Portfolio Aggregate Bond ETF,ARCA,True,True
SPDW,State Street SPDR Portfolio Developed World ex-US ETF,ARCA,True,True
SPEM,State Street SPDR Portfolio Emerging Markets ETF,ARCA,True,True
SPG,"Simon Property Group, Inc.",NYSE,True,True
WWW,"Wolverine World Wide, Inc.",NYSE,True,True
VTOL,Bristow Group Inc.,NYSE,True,True
USSH,WisdomTree Trust WisdomTree 1-3 Year Laddered Treasury Fund,NASDAQ,True,True
WSBF,"Waterstone Financial, Inc. Common Stock (MD)",NASDAQ,True,True
XDTE,Roundhill S&P 500 0DTE Covered Call Strategy ETF,BATS,True,True
XYLG,Global X S&P 500 Covered Call & Growth ETF,ARCA,True,True
SMPL,The Simply Good Foods Company Common Stock,NASDAQ,True,True
SMTC,Semtech Corporation Common Stock,NASDAQ,True,True
SMTH,ALPS Smith Core Plus Bond ETF,ARCA,True,True
SNA,Snap-on Incorporated,NYSE,True,True
TAK,Takeda Pharmaceutical Company Limited American Depositary Shares (each representing 1/2 of a share of Common Stock),NYSE,True,True
URNJ,Sprott Funds Trust Sprott Junior Uranium Miners ETF,NASDAQ,True,True
URTH,iShares MSCI World ETF,ARCA,True,True
VICR,Vicor Corporation Common Stock,NASDAQ,True,True
VIG,Vanguard Dividend Appreciation ETF,ARCA,True,True
VIGI,Vanguard Whitehall Funds Vanguard International Dividend Appreciation ETF,NASDAQ,True,True
VIOG,Vanguard S&P Small-Cap 600 Growth ETF,ARCA,True,True
VIOO,Vanguard S&P Small-Cap 600 ETF,ARCA,True,True
UMI,USCF Midstream Energy Income Fund,ARCA,True,False
VITL,"Vital Farms, Inc. Common Stock",NASDAQ,True,True
VIV,"Telefonica Brasil, S.A. American Depositary Shares (each representing two (2) Common Shares)",NYSE,True,True
VLO,Valero Energy Corporation,NYSE,True,True
VLT,Invesco  High Income Trust II,NYSE,True,True
VLTO,Veralto Corporation,NYSE,True,True
VLUE,iShares MSCI USA Value Factor ETF,BATS,True,True
VLY,Valley National Bancorp Common Stock,NASDAQ,True,True
VMBS,Vanguard Mortgage-Backed Securities ETF,NASDAQ,True,True
VONE,Vanguard Scottsdale Funds Vanguard Russell 1000 ETF,NASDAQ,True,True
VONG,Vanguard Scottsdale Funds Vanguard Russell 1000 Growth ETF,NASDAQ,True,True
VONV,Vanguard Scottsdale Funds Vanguard Russell 1000 Value ETF,NASDAQ,True,True
ZUMZ,Zumiez Inc. Common Stock,NASDAQ,True,True
ZG,"Zillow Group, Inc. Class A Common Stock",NASDAQ,True,True
ZIM,ZIM Integrated Shipping Services Ltd.,NYSE,True,True
ZION,Zions Bancorporation N.A. Common Stock,NASDAQ,True,True
ZNTL,"Zentalis Pharmaceuticals, Inc. Common Stock",NASDAQ,True,True
ZTO,"ZTO Express (Cayman) Inc. American Depositary Shares, each representing one Class A ordinary share",NYSE,True,True
UTHR,United Therapeutics Corporation Common Stock,NASDAQ,True,True
VTWG,Vanguard Scottsdale Funds Vanguard Russell 2000 Growth ETF,NASDAQ,True,True
XNET,Xunlei Limited American Depositary Shares,NASDAQ,True,True
XSHD,Invesco S&P SmallCap High Dividend Low Volatility ETF,BATS,True,True
SYM,Symbotic Inc. Class A Common Stock,NASDAQ,True,True
UVSP,Univest Financial Corporation Common Stock,NASDAQ,True,True
SIGI,"Selective Insurance Group, Inc. Common Stock",NASDAQ,True,True
SILJ,Amplify Junior Silver Miners ETF,ARCA,True,True
SIMO,Silicon Motion Technology Corporation American Depositary Shares,NASDAQ,True,True
SOBO,South Bow Corporation,NYSE,True,True
SOC,Sable Offshore Corp.,NYSE,True,True
SYRE,"Spyre Therapeutics, Inc. Common Stock",NASDAQ,True,True
TAC,TransAlta Corporation,NYSE,True,True
TDUP,ThredUp Inc. Class A Common Stock,NASDAQ,True,True
TDY,Teledyne Technologies Incorporated,NYSE,True,True
UNFI,United Natural Foods Inc,NYSE,True,True
UNG,"United States Natural Gas Fund, LP Unit",ARCA,True,True
VNOM,"Viper Energy, Inc. Class A Common Stock",NASDAQ,True,True
XME,State Street SPDR S&P Metals & Mining ETF,ARCA,True,True
XMHQ,Invesco S&P MidCap Quality ETF,ARCA,True,True
XMMO,Invesco S&P MidCap Momentum ETF,ARCA,True,True
SO,The Southern Company,NYSE,True,True
XNCR,"Xencor, Inc. Common Stock",NASDAQ,True,True
VCEB,Vanguard ESG U.S. Corporate Bond ETF,BATS,True,True
VCEL,Vericel Corporation Common Stock,NASDAQ,True,True
VCIT,Vanguard Intermediate-Term Corporate Bond ETF,NASDAQ,True,True
STZ,"Constellation Brands, Inc.",NYSE,True,True
SLND,"Southland Holdings, Inc.",AMEX,True,True
STBA,"S&T Bancorp, Inc. Common Stock",NASDAQ,True,True
STC,Stewart Information Services Corporation,NYSE,True,True
ST,Sensata Technologies Holding plc,NYSE,True,True
STAA,STAAR Surgical Company Common Stock,NASDAQ,True,True
VALQ,American Century U.S. Quality Value ETF,ARCA,True,True
VANI,"Vivani Medical, Inc. Common Stock (DE)",NASDAQ,True,True
VAW,Vanguard Materials ETF,ARCA,True,True
XLI,State Street Industrial Select Sector SPDR ETF,ARCA,True,True
XLK,State Street Technology Select Sector SPDR ETF,ARCA,True,True
XLP,State Street Consumer Staples Select Sector SPDR ETF,ARCA,True,True
SPSC,"SPS Commerce, Inc. Common Stock",NASDAQ,True,True
SPRO,"Spero Therapeutics, Inc. Common Stock",NASDAQ,True,True
VPL,Vanguard FTSE Pacific ETF,ARCA,True,True
WAFD,"WaFd, Inc. Common Stock",NASDAQ,True,True
VCRB,Vanguard Malvern Funds Vanguard Core Bond ETF,NASDAQ,True,True
UTI,"Universal Technical Institute, Inc.",NYSE,True,True
VC,Visteon Corporation Common Stock,NASDAQ,True,True
SION,"Sionna Therapeutics, Inc. Common Stock",NASDAQ,True,True
SNDX,"Syndax Pharmaceuticals, Inc. Common Stock",NASDAQ,True,True
SNEX,StoneX Group Inc. Common Stock,NASDAQ,True,True
SYLD,Cambria Shareholder Yield ETF,BATS,True,True
TDG,TransDigm Group Incorporated,NYSE,True,True
TDVG,T. Rowe Price Dividend Growth ETF,ARCA,True,True
UMC,United Microelectronic Corp.,NYSE,True,True
VLRS,"CONTROLADORA VUELA COMPAniA DE AVIACIoN, S.A.B. DE C.V.",NYSE,True,True
SKYT,"SkyWater Technology, Inc. Common Stock",NASDAQ,True,True
SWBI,"Smith & Wesson Brands, Inc. Common Stock",NASDAQ,True,True
XLG,Invesco S&P 500 Top 50 ETF,ARCA,True,True
TAIL,Cambria Tail Risk ETF,BATS,True,True
VUSE,Vident U.S. Equity Strategy ETF,ARCA,True,True
SSUS,Day Hagan Smart Sector ETF,ARCA,True,True
U,Unity Software Inc.,NYSE,True,True
SNOW,Snowflake Inc.,NYSE,True,True
SR,Spire Inc.,NYSE,True,True
USNA,USANA Health Sciences Inc,NYSE,True,True
WAT,Waters Corp,NYSE,True,True
SLB,SLB Limited,NYSE,True,True
VPU,Vanguard Utilities ETF,ARCA,True,True
SMWB,Similarweb Ltd.,NYSE,True,True
VOOG,Vanguard S&P 500 Growth ETF,ARCA,True,True
TDS,Telephone and Data Systems Inc.,NYSE,True,True
VEL,"Velocity Financial, Inc.",NYSE,True,True
SUI,"Sun Communities, Inc",NYSE,True,True
ZECP,Zacks Earnings Consistent Portfolio ETF,BATS,True,True
URAA,Direxion Daily Uranium Industry Bull 2X ETF,ARCA,True,True
WDFC,WD-40 Company Common Stock,NASDAQ,True,True
SPYI,NEOS S&P 500 High Income ETF,BATS,True,True
SPYM,State Street SPDR Portfolio S&P 500 ETF,ARCA,True,True
TAOZ,Thornburg American Opportunities Fund,NASDAQ,True,False
TRUF,VanEck ETF Trust VanEck Financials TruSector ETF,NASDAQ,True,False
VAMO,Cambria Value and Momentum ETF,BATS,True,False
WULX,Tradr 2X Long WULF Daily ETF,BATS,True,False
XPON,Expion360 Inc. Common Stock,NASDAQ,True,False
ZOCT,Innovator Equity Defined Protection ETF - 1 Yr October,BATS,True,False
TENJ,iShares Large Cap 10% Target Buffer Jun ETF,BATS,True,False
SPTE,SP Funds S&P Global Technology ETF,ARCA,True,False
TXNM,"TXNM Energy, Inc.",NYSE,True,True
STE,STERIS plc,NYSE,True,True
SYF,SYNCHRONY FINANCIAL,NYSE,True,True
SNPS,"Synopsys, Inc. Common Stock",NASDAQ,True,True
TDW,"Tidewater, Inc.",NYSE,True,True
TU,Telus Corporation,NYSE,True,True
ZBIO,"Zenas BioPharma, Inc. Common Stock",NASDAQ,True,True
VYX,NCR Voyix Corporation,NYSE,True,True
WRD,WeRide Inc. American Depositary Shares,NASDAQ,True,True
UE,UBRAN EDGE PROPERTIES,NYSE,True,True
WNC,Wabash National Corp.,NYSE,True,True
SIG,Signet Jewelers Limited,NYSE,True,True
WTI,"W&T Offshore, Inc.",NYSE,True,True
SPNT,SiriusPoint Ltd.,NYSE,True,True
WR,Corgi U.S. War Machine ETF,BATS,True,False
SPYT,Defiance S&P 500 Income Target ETF,ARCA,True,True
STWD,"STARWOOD PROPERTY TRUST, INC.",NYSE,True,True
STX,Seagate Technology Holdings PLC Ordinary Shares (Ireland),NASDAQ,True,True
TBIL,"The RBB Fund, Inc. F/m US Treasury 3 Month Bill Fund",NASDAQ,True,True
TBLA,Taboola.com Ltd. Ordinary Shares,NASDAQ,True,True
TBLD,Thornburg Income Builder Opportunities Trust Common Stock,NASDAQ,True,True
TH,Target Hospitality Corp. Common Stock,NASDAQ,True,True
THD,iShares MSCI Thailand ETF,ARCA,True,True
UHT,Universal Health Realty Income Trust,NYSE,True,True
ULCC,"Frontier Group Holdings, Inc. Common Stock",NASDAQ,True,True
VSGX,Vanguard ESG International Stock ETF,BATS,True,True
WRBY,Warby Parker Inc.,NYSE,True,True
WRN,Western Copper and Gold Corporation,AMEX,True,True
WS,"Worthington Steel, Inc.",NYSE,True,True
XHB,State Street SPDR S&P Homebuilders ETF,ARCA,True,True
SHAK,Shake Shack Inc.,NYSE,True,True
WHR,Whirlpool Corp.,NYSE,True,True
VGZ,Vista Gold Corp.,AMEX,True,True
USAS,Americas Gold and Silver Corporation,AMEX,True,True
USFD,US Foods Holding Corp.,NYSE,True,True
VIPS,Vipshop Holdings Limited,NYSE,True,True
SPTS,State Street SPDR Portfolio Short Term Treasury ETF,ARCA,True,True
VOOV,Vanguard S&P 500 Value ETF,ARCA,True,True
URG,Ur-Energy Inc.,AMEX,True,True
UVIX,2x Long VIX Futures ETF,BATS,True,True
VBK,Vanguard Small-Cap Growth ETF,ARCA,True,True
XMTR,"Xometry, Inc. Class A Common Stock",NASDAQ,True,True
TNC,TENNANT COMPANY,NYSE,True,True
TIPX,State Street SPDR Bloomberg 1-10 Year TIPS ETF,ARCA,True,True
TMFC,Motley Fool 100 Index ETF,BATS,True,True
UX,Roundhill Uranium ETF,BATS,True,True
VTEC,Vanguard California Tax-Exempt Bond ETF,BATS,True,True
VUSB,Vanguard Ultra-Short Bond ETF,BATS,True,True
TDOC,"Teladoc Health, Inc.",NYSE,True,True
VISN,"Vistance Networks, Inc. Common Stock",NASDAQ,True,True
TECK,Teck Resources Limited,NYSE,True,True
WM,"Waste Management, Inc.",NYSE,True,True
TALO,"Talos Energy, Inc. Common Stock",NYSE,True,True
WTBA,West Bancorporation Common Stock,NASDAQ,True,True
SMP,Standard Motor Products,NYSE,True,True
SOLT,Volatility Shares Trust 2x Solana ETF,NASDAQ,True,False
VYLD,"Inverse VIX Short-Term Futures ETNs due March 22, 2045",ARCA,True,False
WCBR,WisdomTree Trust WisdomTree Cybersecurity Fund,NASDAQ,True,False
TOS,Twin Oak Strategic Solutions ETF,BATS,True,False
VGHY,Vanguard High-Yield Active ETF,BATS,True,False
VGI,VIRTUS GLOBAL MULTI-SECTOR INCOME FUND,NYSE,True,False
ZETX,Defiance Daily Target 2x Long ZETA ETF,ARCA,True,False
XBJL,Innovator U.S. Equity Accelerated 9 Buffer ETF - July,BATS,True,False
SLNZ,TCW Senior Loan ETF,NYSE,True,False
WYFI,"WhiteFiber, Inc. Ordinary Shares",NASDAQ,True,False
SSCP,SMART Small Cap ETF,ARCA,True,False
UCON,First Trust Smith Unconstrained Bond ETF,ARCA,True,False
XSD,State Street SPDR S&P Semiconductor ETF,ARCA,True,False
TS,Tenaris S. A.,NYSE,True,True
UNP,Union Pacific Corp.,NYSE,True,True
WLTH,Wealthfront Corporation Common Stock,NASDAQ,True,True
SITE,"SiteOne Landscape Supply, Inc.",NYSE,True,True
SHMD,SCHMID Group N.V. Class A Ordinary Shares,NASDAQ,True,False
SWAN,Amplify BlackSwan Growth & Treasure Core ETF,ARCA,True,False
THIR,THOR Index Rotation ETF,NYSE,True,False
TMFX,Motley Fool Next Index ETF,BATS,True,False
TXBC,21Shares FTSE Crypto 10 ex-BTC Index ETF,ARCA,True,False
UFEB,Innovator U.S. Equity Ultra Buffer ETF - February,BATS,True,False
VKI,Invesco Advantage Municipal Income Trust II,AMEX,True,False
SPCL,Defiance Pure Space Daily 2X Strategy ETF,BATS,True,False
TPZ,Tortoise Electrification Infrastructure ETF,NYSE,True,False
VFMF,Vanguard U.S. Multifactor ETF,BATS,True,False
SPUT,Innovator Equity Premium Income - Daily PutWrite ETF,ARCA,True,False
SRV,NXG Cushing Midstream Energy Fund,NYSE,True,False
URSP,ProShares Ultra S&P 500 Equal Weight,ARCA,True,False
XSEP,FT Vest U.S. Equity Enhance & Moderate Buffer ETF - September,BATS,True,False
TGRW,T. Rowe Price Growth Stock ETF,ARCA,True,False
WOOD,iShares Global Timber & Forestry ETF,NASDAQ,True,False
VCRM,Vanguard Core Tax-Exempt Bond ETF,BATS,True,False
UWMC,UWM Holdings Corporation,NYSE,True,True
SPMO,Invesco S&P 500 Momentum ETF,ARCA,True,True
SOFR,Amplify Samsung SOFR ETF,ARCA,True,False
SPHB,Invesco S&P 500 High Beta ETF,ARCA,True,False
XFLX,FundX Flexible ETF,ARCA,True,False
SUIS,Canary Staked SUIS ETF Shares of Beneficial Interest,NASDAQ,True,False
WGMI,Valkyrie ETF Trust II CoinShares Bitcoin Mining ETF,NASDAQ,True,False
SNY,Sanofi ADS,NASDAQ,True,False
SNPG,Xtrackers S&P 500 Growth Scored & Screened ETF,BATS,True,False
WWJD,Inspire International ETF,ARCA,True,False
VOYA,"VOYA FINANCIAL, INC.",NYSE,True,True
UVV,Universal Corporation,NYSE,True,True
SPXL,Direxion Daily S&P 500 Bull 3x ETF,ARCA,True,True
TTE,TotalEnergies SE,NYSE,True,True
YRD,Yiren Digital Ltd.,NYSE,True,True
SXT,Sensient Technology Corporation,NYSE,True,True
XENE,Xenon Pharmaceuticals Inc. Common Shares,NASDAQ,True,True
SLYG,State Street SPDR S&P 600 Small Cap Growth ETF,ARCA,True,False
TBI,"Trueblue, Inc.",NYSE,True,True
VB,Vanguard Small-Cap ETF,ARCA,True,True
XPEL,"XPEL, Inc. Common Stock",NASDAQ,True,True
UIS,Unisys Corporation,NYSE,True,True
SSPY,Stratified LargeCap Index ETF,ARCA,True,False
TWLO,Twilio Inc.,NYSE,True,True
TKNQ,Amplify Tokenization Technology ETF,ARCA,True,False
TRTX,"TPG RE Finance Trust, Inc. Common Stock",NYSE,True,True
TRUP,"Trupanion, Inc. Common Stock",NASDAQ,True,True
TRV,"The Travelers Companies, Inc.",NYSE,True,True
TRVI,"Trevi Therapeutics, Inc. Common Stock",NASDAQ,True,True
WKC,World Kinect Corporation,NYSE,True,True
WLDN,"Willdan Group, Inc. Common Stock",NASDAQ,True,True
ZETA,Zeta Global Holdings Corp.,NYSE,True,True
TFPN,Blueprint Chesapeake Multi-Asset Trend ETF,ARCA,True,True
VOR,Vor Biopharma Inc. Common Stock,NASDAQ,True,True
W,Wayfair Inc.,NYSE,True,True
USD,ProShares Ultra Semiconductors,ARCA,True,True
URI,"United Rentals, Inc.",NYSE,True,True
SLQT,"SelectQuote, Inc.",NYSE,True,True
SSMG,Virtus Silvant Small/Mid Growth ETF,ARCA,True,False
SUPV,Grupo Supervielle S.A.,NYSE,True,False
TEXX,Horizon Kinetics Texas ETF,NASDAQ,True,False
UXIN,Uxin Limited ADS,NASDAQ,True,False
VMO,Invesco Municipal Opportunity Trust,NYSE,True,False
XBTY,GraniteShares ETF Trust GraniteShares YieldBOOST Bitcoin ETF,NASDAQ,True,False
ZFEB,Innovator Equity Defined Protection ETF - 1 Yr February,BATS,True,False
ZOOZ,ZOOZ Strategy Ltd. Ordinary Shares,NASDAQ,True,False
SSG,ProShares UltraShort Semiconductors,ARCA,True,False
TMAT,Main Thematic Innovation ETF,BATS,True,False
XJUL,FT Vest U.S. Equity Enhance & Moderate Buffer ETF - July,BATS,True,False
TFLR,T. Rowe Price Floating Rate ETF,ARCA,True,False
WEEL,Peerless Option Income Wheel ETF,ARCA,True,False
URAN,Themes Uranium & Nuclear ETF,BATS,True,True
STLA,Stellantis N.V.,NYSE,True,True
VIDI,Vident International Equity Strategy,ARCA,True,True
USRT,iShares Core U.S. REIT ETF,ARCA,True,True
VIRT,"Virtu Financial, Inc. Class A",NYSE,True,True
SUPP,TCW Transform Supply Chain ETF,NASDAQ,True,False
T,AT&T Inc.,NYSE,True,True
SHRT,Gotham Short Strategies ETF,ARCA,True,False
SRFM,Surf Air Mobility Inc.,NYSE,True,False
TECY,GraniteShares ETF Trust GraniteShares YieldBOOST Technology ETF,NASDAQ,True,False
TSPX,Twin Oak Active Opportunities ETF,BATS,True,False
USSG,Xtrackers MSCI USA Selection Equity ETF,ARCA,True,False
XMPT,VanEck CEF Muni Income ETF,BATS,True,False
STBF,Performance Trust Short Term Bond ETF,BATS,True,False
YLD,Principal Active High Yield ETF,ARCA,True,False
SOFA,Direxion Shares ETF Trust Direxion Daily SOFI Bull 2X ETF,NASDAQ,True,False
TMFM,Motley Fool Mid-Cap Growth ETF,BATS,True,False
VCV,INVESCO  CALIFORNIA VALUE MUNI INCOME TRUST,NYSE,True,False
TOGA,Tremblant Global ETF,ARCA,True,False
XTWO,BondBloxx Bloomberg Two Year Target Duration US Treasury ETF,ARCA,True,False
VOTE,TCW Transform 500 ETF,NASDAQ,True,False
WATS,Corgi Battery Energy Storage Systems ETF,BATS,True,False
TRU,TransUnion,NYSE,True,True
VTC,Vanguard Scottsdale Funds Vanguard Total Corporate Bond ETF,NASDAQ,True,True
SID,Companhia Siderurgica Nacional S.A. (CSN),NYSE,True,True
SSD,"Simpson Manufacturing Co., Inc.",NYSE,True,True
TPL,Texas Pacific Land Corporation,NYSE,True,True
WCN,"Waste Connections, Inc.",NYSE,True,True
WFG,West Fraser Timber Co. Ltd,NYSE,True,True
STEL,"Stellar Bancorp, Inc.",NYSE,True,True
SUN,SUNOCO L.P.,NYSE,True,True
STLR,Stellar ETF,BATS,True,False
ZD,"Ziff Davis, Inc. Common Stock",NASDAQ,True,True
XCHG,AB US Equity ETF,ARCA,True,False
TSES,Truth Social American Energy Security ETF,ARCA,True,False
SLS,"SELLAS Life Sciences Group, Inc. Common Stock",NASDAQ,True,False
UXRP,Proshares Ultra XRP ETF,ARCA,True,False
XBNB,Teucrium xETFs 2x Long Daily BNB ETF,ARCA,True,False
XLVI,State Street Health Care Select Sector SPDR Premium Income ETF,ARCA,True,False
VGVT,Vanguard Government Securities Active ETF,ARCA,True,False
SPBX,AllianzIM 6 Month Buffer10 Allocation ETF,BATS,True,False
XTIA,"XTI Aerospace, Inc. Common Stock",NASDAQ,True,False
WDRN,"WisdomTree Physical AI, Humanoids and Drones Fund",BATS,True,False
WTIB,USCF Oil Plus Bitcoin Strategy Fund,ARCA,True,False
WWR,"Westwater Resources, Inc.",AMEX,True,False
TNGY,Tortoise Energy ETF,NYSE,True,False
XOM,Exxon Mobil Corporation,NYSE,True,True
XV,Simplify Target 15 Distribution ETF,ARCA,True,True
XPO,"XPO, Inc.",NYSE,True,True
STXS,"Stereotaxis, Inc. Common Stock",AMEX,True,True
TSEM,Tower Semiconductor Ltd. Ordinary Shares,NASDAQ,True,True
UGP,Ultrapar Participacoes S.A.,NYSE,True,True
WYNN,"Wynn Resorts, Limited Common stock",NASDAQ,True,True
XAR,State Street SPDR S&P Aerospace & Defense ETF,ARCA,True,True
TEVA,Teva Pharmaceutical Industries Limited American Depositary Shares,NYSE,True,True
TBBB,BBB Foods Inc.,NYSE,True,True
VO,Vanguard Mid-Cap ETF,ARCA,True,True
VUG,Vanguard Growth ETF,ARCA,True,True
VBF,INVESCO  BOND FUND,NYSE,True,True
TEX,Terex Corporation,NYSE,True,True
BK,Bank of New York Mellon Corporation,NYSE,True,True
ETHT,ProShares Ultra Ether ETF,ARCA,True,False
GDXU,MicroSectors Gold Miners 3x Leveraged ETN,ARCA,True,False
ICOI,Bitwise COIN Option Income Strategy ETF,ARCA,True,False
JOBX,Tradr 2X Long JOBY Daily ETF,BATS,True,False
KWM,"K Wave Media, Ltd. Ordinary Shares",NASDAQ,True,False
SMU,Tradr 2X Long SMR Daily ETF,BATS,True,False
SVA,"Sinovac Biotech, Ltd. Ordinary Shares",NASDAQ,True,False
BMNZ,Defiance Daily Target 2X Short BMNR ETF,ARCA,True,False
COIG,Themes ETF Trust Leverage Shares 2X Long COIN Daily ETF,NASDAQ,True,False
XXRP,Teucrium 2x Long Daily XRP ETF,ARCA,True,False
YANG,Direxion Daily FTSE China Bear 3X ETF,ARCA,True,False
TEMT,Tradr 2X Long TEM Daily ETF,BATS,True,False
UCFI,CN Healthy Food Tech Group Corp. Common Stock,NASDAQ,True,False
TSSD,Truth Social American Security & Defense ETF,ARCA,True,False
GXIG,Global X Investment Grade Corporate Bond ETF,ARCA,True,False
IONL,GraniteShares ETF Trust GraniteShares 2x Long IONQ Daily ETF,NASDAQ,True,False
IONX,Tidal Trust II Defiance Daily Target 2X Long IONQ ETF,NASDAQ,True,False
XRPT,Volatility Shares Trust 2x XRP ETF,NASDAQ,True,False
KORU,Direxion Daily MSCI South Korea Bull 3X ETF,ARCA,True,False
KBAB,KraneShares Trust KraneShares 2x Long BABA Daily ETF,NASDAQ,True,False
SHNY,MicroSectors Gold 3x Leveraged ETN,ARCA,True,False
EWV,ProShares Trust UltraShort MSCI Japan,ARCA,True,False
KPET.U,"KPET Ultra Paceline Corporation Units, each consisting of one Class A Ordinary Share and one-sixth of one Warrant",NYSE,True,False
SBIT,ProShares UltraShort Bitcoin ETF,ARCA,True,False
AGQ,ProShares Ultra Silver,ARCA,True,True
ETHU,2x Ether ETF,BATS,True,True
YINN,Direxion Daily FTSE China Bull 3X ETF,ARCA,True,True
CWEB,Direxion Daily CSI China Internet Index Bull 2X ETF,ARCA,True,True
PRNT,The 3D Printing ETF,BATS,True,False
QTJA,Innovator Growth Accelerated Plus ETF - January,BATS,True,False
QTJL,Innovator Growth Accelerated Plus ETF - July,BATS,True,False
MCAHU,Mountain Crest Acquisition 6 Corp. Units,NASDAQ,True,False
MGMT,Ballast Small/Mid Cap ETF,ARCA,True,False
IWMY,Defiance R2000 Weekly Distribution ETF,ARCA,True,False
KWT,iShares MSCI Kuwait ETF,BATS,True,False
QDTY,Tidal Trust II YieldMax Nasdaq 100 0DTE Covered Call Strategy ETF,NASDAQ,True,False
KDEC,Innovator U.S. Small Cap Power Buffer ETF - December,BATS,True,False
KGRN,KraneShares MSCI China Clean Technology Index ETF,ARCA,True,False
METL,Sprott Funds Trust Sprott Active Metals & Miners ETF,NASDAQ,True,False
PLTG,Themes ETF Trust Leverage Shares 2X Long PLTR Daily ETF,NASDAQ,True,False
POW,VistaShares Electrification Supercycle ETF,ARCA,True,False
MOG.A,Moog Inc.,NYSE,True,True
BHK,BLACKROCK CORE BD TR,NYSE,True,True
MBVIW,M3-Brigade Acquisition VI Corp. Warrant,NASDAQ,True,False
WTTR,"Select Water Solutions, Inc.",NYSE,True,True
HON,Honeywell International Inc. Common Stock,NASDAQ,True,True
CCXIU,Churchill Capital Corp XI Units,NASDAQ,True,False
PHR,"Phreesia, Inc.",NYSE,True,True
NULV,Nuveen ESG Large-Cap Value ETF,BATS,True,True
BKKT.WS,"Bakkt, Inc. Warrants to purchase Class A Common Stock Each Warrant entitles to purchase 1/25th of a share of Class A common stock at an exercise price of $287.50 for one share of Class A Common Stock",NYSE,True,False
MASK,3 E Network Technology Group Ltd Class A Ordinary Shares,NASDAQ,True,False
BCARU,D. Boral ARC Acquisition I Corp. Units,NASDAQ,True,False
CMBT,CMB.TECH NV,NYSE,True,True
LSH,Lakeside Holding Limited Common Stock,NASDAQ,True,False
JBTM,JBT Marel Corporation,NYSE,True,True
OXM,"Oxford Industries, Inc.",NYSE,True,True
KHOLY,Koc Holdings AS Unsponsored ADR (Turkey),OTC,True,False
POCT,Innovator U.S. Equity Power Buffer ETF - October,BATS,True,True
PHIN,PHINIA Inc.,NYSE,True,True
LCFYW,Locafy Limited Warrant,NASDAQ,True,False
SOBKY,Softbank Corp American Depositary Shares - Unsponsored  (Japan),OTC,True,False
PHVS,Pharvaris N.V. Ordinary Shares,NASDAQ,True,True
PSO,Pearson plc,NYSE,True,True
AVIR,"Atea Pharmaceuticals, Inc. Common Stock",NASDAQ,True,True
QDVO,Amplify CWP Growth & Income ETF,ARCA,True,True
REX,REX American Resources Corp.,NYSE,True,True
RSST,Return Stacked U.S. Stocks & Managed Futures ETF,BATS,True,True
SEPN,"Septerna, Inc. Common Stock",NASDAQ,True,True
HD,"Home Depot, Inc.",NYSE,True,True
STT,State Street Corporation,NYSE,True,True
BMEZ,BlackRock Health Sciences Term Trust,NYSE,True,True
BN,Brookfield Corporation,NYSE,True,True
LCCC,Lakeshore Acquisition III Corp. Ordinary Shares,NASDAQ,True,False
LATA,Galata Acquisition Corp. II Class A Ordinary Shares,NASDAQ,True,False
VWO,Vanguard FTSE Emerging Markets ETF,ARCA,True,True
RUSHB,"Rush Enterprises, Inc. Class B",NASDAQ,True,True
IRT,Independence Realty Trust Inc.,NYSE,True,True
TGLS,Tecnoglass Inc.,NYSE,True,True
JELD,"JELD-WEN Holding, Inc.",NYSE,True,True
GSLC,Goldman Sachs ActiveBeta U.S. Large Cap Equity ETF,ARCA,True,True
GSST,Goldman Sachs Ultra Short Bond ETF,BATS,True,True
DHR,Danaher Corporation,NYSE,True,True
QIG,WisdomTree U.S. Corporate Bond Fund,BATS,True,False
NBDS,Neuberger Disrupters ETF,ARCA,True,False
HMOP,Hartford Municipal Opportunities ETF,ARCA,True,False
IBTK,iShares Trust iShares iBonds Dec 2030 Term Treasury ETF,NASDAQ,True,False
LANV,Lanvin Group Holdings Limited,NYSE,True,False
KTTA,Pasithea Therapeutics Corp. Common Stock,NASDAQ,True,False
PAR,PAR Technology Corp.,NYSE,True,True
NNN,"NNN REIT, Inc.",NYSE,True,True
XA,Corgi AI Cybersecurity ETF,BATS,True,False
XPL,Solitario Resources Corp.,AMEX,True,False
SOLZ,Volatility Shares Trust Solana ETF,NASDAQ,True,False
TTOP,21Shares FTSE Crypto 10 Index ETF,ARCA,True,False
STXD,Strive 1000 Dividend Growth ETF,NYSE,True,False
STXE,Strive Emerging Markets Ex-China ETF,NYSE,True,False
TAGS,Teucrium Agricultural Fund,ARCA,True,False
TALV,Transamerica Large Value Active ETF,ARCA,True,False
UPSX,Tradr 2X Long UPST Daily ETF,BATS,True,False
VBCH,Vanguard Wellesley Income Fund Vanguard Target Maturity 2034 Corporate Bond ETF,NASDAQ,True,False
VKQ,Invesco Municipal Trust,NYSE,True,False
WCAP,WarCap Unconstrained Equity ETF,ARCA,True,False
XLFI,State Street Financial Select Sector SPDR Premium Income ETF,ARCA,True,False
TSOL,21Shares Solana ETF,BATS,True,False
UJB,ProShares Ultra High Yield,ARCA,True,False
WEBS,Direxion Daily Dow Jones Internet Bear 3X ETF,ARCA,True,False
WEN,Wendy's Company (The) Common Stock,NASDAQ,True,False
VUS,Virtus US Dividend ETF,ARCA,True,False
SUPL,ProShares Supply Chain Logistics ETF,ARCA,True,False
TVAL,T. Rowe Price Value ETF,ARCA,True,False
ACRV,"Acrivon Therapeutics, Inc. Common Stock",NASDAQ,True,False
SMIZ,Zacks Small/Mid Cap ETF,ARCA,True,False
SMRF,"ALPS Nautilus SMR, Nuclear & Technology ETF",ARCA,True,False
WEED,Roundhill Cannabis ETF,BATS,True,False
XCLR,Global X S&P 500 Collar 95-110 ETF,ARCA,True,False
ZDEK,Innovator Equity Defined Protection ETF - 1 Yr December,BATS,True,False
ZJUN,Innovator Equity Defined Protection ETF - 1 Yr June,BATS,True,False
TYLD,Cambria Tactical Yield ETF,BATS,True,False
VCOB,Voya Core Bond ETF,ARCA,True,False
VCX,"Fundrise Innovation Fund, LLC",NYSE,True,False
VEEA,Veea Inc. Common Stock,NASDAQ,True,False
XIMR,FT Vest U.S. Equity Buffer & Premium Income ETF - March,BATS,True,False
SOLM,Amplify Solana 3% Monthly Option Income ETF,BATS,True,False
SOLR,Guinness Atkinson Sustainable Energy ETF,ARCA,True,False
LCF,Touchstone US Large Cap Focused ETF,BATS,True,False
VSTS,Vestis Corporation,NYSE,True,True
VIR,"Vir Biotechnology, Inc. Common Stock",NASDAQ,True,True
ZIONP,"Zions Bancorporation, N.A. Depositary Shares (Each representing 1/40th Interest in a Share of Series A Floating-Rate Non-Cumulative Perpetual Preferred Stock)",NASDAQ,True,False
KTN,"Structured Products CorTS Aon Capital A, 8.205% Cert.",NYSE,True,False
ACCL,Acco Group Holdings Limited Class A Ordinary Shares,NASDAQ,True,False
FLWS,"1-800-FLOWERS.COM, Inc. Common Stock",NASDAQ,True,True
FVR,"FrontView REIT, Inc.",NYSE,True,True
SJM,The J.M. Smucker Company,NYSE,True,True
FOR,Forestar Group Inc.,NYSE,True,True
GT,The Goodyear Tire & Rubber Company Common Stock,NASDAQ,True,True
ABR.PRF,"Arbor Realty Trust, Inc. 6.25% Series F Fixed-to-Floating Rate Cumulative Redeemable Preferred Stock, Liquidation Preference $25.00 per share",NYSE,True,False
OC,Owens Corning,NYSE,True,True
NKSH,"National Bankshares, Inc. Common Stock",NASDAQ,True,True
VS,Versus Systems Inc. Common Stock,NASDAQ,True,True
BBCQ,Bleichroeder Acquisition Corp. II Class A Ordinary Shares,NASDAQ,True,True
FXNC,First National Corporation Common Stock,NASDAQ,True,True
KFFB,Kentucky First Federal Bancorp Common Stock,NASDAQ,True,True
WHF,"WhiteHorse Finance, Inc. Common Stock",NASDAQ,True,True
EML,Eastern Company (The) Common Stock,NASDAQ,True,True
AMWL,American Well Corporation,NYSE,True,True
ANDG,Andersen Group Inc.,NYSE,True,True
MG,Mistras Group Inc.,NYSE,True,True
WAVE,Eco Wave Power Global AB (publ) American Depositary Shares,NASDAQ,True,True
JYNT,The Joint Corp. Common Stock,NASDAQ,True,True
VACI,Viking Acquisition Corp. I,NYSE,True,True
NNVC,NanoViricides Inc.,AMEX,True,True
SCHH,Schwab U.S. REIT ETF,ARCA,True,True
ATH.PRA,"Athene Holding Ltd. Depositary Shares, Each Representing a 1/1,000th Interest in a 6.35% Fixed-to-Floating Rate Perpetual Non-Cumulative Preference Share, Series A",NYSE,True,True
MER.PRK,"Bank of America Corporation Income Capital Obligation Notes initially due December 15, 2066",NYSE,True,True
ATH.PRD,"Athene Holding Ltd. Depositary Shares, Each Representing a 1/1,000th Interest in a 4.875% Fixed-Rate Perpetual Non-Cumulative Preference Share, Series D",NYSE,True,True
ABR.PRE,"Arbor Realty Trust, Inc. 6.25% Series E Cumulative Redeemable Preferred Stock",NYSE,True,False
NEE.PRV,"NextEra Energy, Inc. 7.375% Corporate Units",NYSE,True,True
CSPI,CSP Inc. Common Stock,NASDAQ,True,True
RGCO,RGC Resources Inc. Common Stock,NASDAQ,True,True
THCH,TH International Limited Ordinary shares,NASDAQ,True,True
TIL,"Instil Bio, Inc. Common Stock",NASDAQ,True,True
BTCS,BTCS Inc. Common Stock,NASDAQ,True,True
CHSCO,CHS Inc. Class B Cumulative Redeemable Preferred Stock,NASDAQ,True,True
MYFW,"First Western Financial, Inc. Common Stock",NASDAQ,True,True
WFCF,"Where Food Comes From, Inc. Common Stock",NASDAQ,True,True
GAIA,"Gaia, Inc. Class A Common Stock",NASDAQ,True,True
PCB,PCB Bancorp Common Stock,NASDAQ,True,True
ARL,"American Realty Investors, Inc.",NYSE,True,True
CINT,CI&T Inc,NYSE,True,True
LNSR,"LENSAR, Inc. Common Stock",NASDAQ,True,True
RDI,Reading International Inc Class A Common Stock,NASDAQ,True,True
AARD,"Aardvark Therapeutics, Inc. Common Stock",NASDAQ,True,True
ACET,"Adicet Bio, Inc. Common Stock",NASDAQ,True,True
KG,"Kestrel Group, Ltd.",NASDAQ,True,True
NC,"NACCO Industries, Inc.",NYSE,True,True
GSL,"Global Ship Lease, Inc.",NYSE,True,True
SBFG,"SB Financial Group, Inc. Common Stock",NASDAQ,True,True
CBFV,"CB Financial Services, Inc. Common Stock",NASDAQ,True,True
BSET,"Bassett Furniture Industries, Incorporated Common Stock",NASDAQ,True,True
CPSS,"Consumer Portfolio Services, Inc. Common Stock",NASDAQ,True,True
XOMA,XOMA Royalty Corporation Common Stock,NASDAQ,True,True
SENS,"Senseonics Holdings, Inc. Common Stock",NASDAQ,True,True
BESS,Bimergen Energy Corporation,AMEX,True,True
AMPG,"Amplitech Group, Inc. Common Stock",NASDAQ,True,True
CPA,"Copa Holdings, S.A.",NYSE,True,True
LEGH,Legacy Housing Corporation Common Stock (TX),NASDAQ,True,True
PDEX,"Pro-Dex, Inc. Common Stock",NASDAQ,True,True
TRAK,"ReposiTrak, Inc.",NYSE,True,True
FSI,"Flexible Solutions International, Inc.",AMEX,True,True
MRBK,Meridian Corporation Common Stock,NASDAQ,True,True
EFSI,Eagle Financial Services Inc Common Stock,NASDAQ,True,True
MS.PRF,MORGAN STANLEY SERIES F,NYSE,True,True
PSA.PRM,"Public Storage Depositary Shares Each Representing 1/1,000 of a 4.125% Cumulative Preferred Share of Beneficial Interest, Series M",NYSE,True,True
COOK,"Traeger, Inc.",NYSE,True,True
MNPR,Monopar Therapeutics Inc. Common Stock,NASDAQ,True,True
COSO,"CoastalSouth Bancshares, Inc.",NYSE,True,True
AXR,AMREP Corporation,NYSE,True,True
CBK,"Commercial Bancgroup, Inc. Common Stock",NASDAQ,True,True
PFH,"Prudential Financial, Inc. 4.125% Junior Subordinated Notes due 2060",NYSE,True,True
PNRG,PrimeEnergy Resources Corporation Common Stock,NASDAQ,True,True
RF.PRC,"Regions Financial Corporation Depositary Shares, each Representing a 1/40th Interest in a Share of 5.700% Fixed-to-Floating Rate Non-Cumulative Perpetual Preferred Stock, Series C",NYSE,True,True
SAMG,Silvercrest Asset Management Group Inc. Class A Common Stock,NASDAQ,True,True
SCE.PRM,SCE Trust VII 7.50% Trust Preference Securities,NYSE,True,True
VRA,"Vera Bradley, Inc. Common Stock",NASDAQ,True,True
ALLT,Allot Ltd. Ordinary Shares,NASDAQ,True,True
TXMD,"TherapeuticsMD, Inc. Common Stock",NASDAQ,True,True
GYRO,"Gyrodyne, LLC Common Stock",NASDAQ,True,True
OFRM,"Once Upon a Farm, PBC",NYSE,True,True
TISI,"Team, Inc.",NYSE,True,True
PPSI,"Pioneer Power Solutions, Inc. Common Stock",NASDAQ,True,True
AIRG,"Airgain, Inc. Common Stock",NASDAQ,True,True
ALB.PRA,Albemarle Corporation Depositary Shares each representing a 1/20th interest in a share of 7.25% Series A Mandatory Convertible Preferred Stock,NYSE,True,True
ALCO,"Alico, Inc. Common Stock",NASDAQ,True,True
DOO,BRP Inc. Common Subordinate Voting Shares,NASDAQ,True,True
RITM.PRE,Rithm Capital Corp. 8.75% Series E Fixed-Rate Cumulative Redeemable Preferred Stock,NYSE,True,True
LGCY,Legacy Education Inc.,AMEX,True,True
CULP,"Culp, Inc.",NASDAQ,True,True
QUAD,"QUAD/GRAPHICS, INC.",NYSE,True,True
SCHK,Schwab 1000 Index ETF,ARCA,True,True
KEQU,Kewaunee Scientific Corporation Common Stock,NASDAQ,True,False
YSXT,"YSX Tech. Co., Ltd Class A Ordinary Shares",NASDAQ,True,False
RZB,"Reinsurance Group of America, Incorporated 5.75% Fixed-To-Floating Rate Subordinated Debentures due 2056",NYSE,True,True
DTB,DTE Energy Company 2020 Series G 4.375% Junior Subordinated Debentures due 2080,NYSE,True,True
BWMX,"Betterware de Mexico, S.A.P.I. de C.V.",NYSE,True,True
PROV,"Provident Financial Holdings, Inc. Common Stock",NASDAQ,True,True
GNSS,Genasys Inc. Common Stock,NASDAQ,True,True
BKTI,BK Technologies Corporation,AMEX,True,True
ISTR,Investar Holding Corporation Common Stock,NASDAQ,True,True
SSM,Sono Group N.V. Ordinary Shares,NASDAQ,True,True
EQS,"Equus Total Return, Inc.",NYSE,True,True
PBT,Permian Basin Royalty Trust,NYSE,True,True
TWFG,"TWFG, Inc. Class A Common Stock",NASDAQ,True,True
MDAI,"Spectral AI, Inc. Class A Common Stock",NASDAQ,True,True
PDS,Precision Drilling Corporation,NYSE,True,True
MEC,"Mayville Engineering Company, Inc.",NYSE,True,True
CIM.PRC,Chimera Investment Corporation 7.75% Series C Fixed-to-Floating Rate Cumulative Redeemable Preferred Stock,NYSE,True,True
DOYU,DouYu International Holdings Limited ADS,NASDAQ,True,True
LSBK,"Lake Shore Bancorp, Inc. Common Stock",NASDAQ,True,True
SII,Sprott Inc.,NYSE,True,True
VELO,"Velo3D, Inc. Common Stock",NASDAQ,True,True
VHC,VirnetX Holding Corp Common Stock,NASDAQ,True,True
KLRS,"Kalaris Therapeutics, Inc. Common Stock",NASDAQ,True,True
NGL,NGL ENERGY PARTNERS LP,NYSE,True,True
SERA,"Sera Prognostics, Inc. Class A Common Stock",NASDAQ,True,True
IGIC,International General Insurance Holdings Ltd. Ordinary Share,NASDAQ,True,True
SCM,STELLUS CAPITAL INVESTMENT CORPORATION,NYSE,True,True
MCHPP,Microchip Technology Incorporated Depositary Shares Each Representing a 1/20th Interest in a Share of 7.50% Series A Mandatory Convertible Preferred Stock,NASDAQ,True,True
MDWD,MediWound Ltd. Ordinary Shares,NASDAQ,True,True
MFIN,Medallion Financial Corp. Common Stock,NASDAQ,True,True
RENT,"Rent the Runway, Inc. Class A Common Stock",NASDAQ,True,True
SGC,"Superior Group of Companies, Inc. Common Stock",NASDAQ,True,True
SGU,"Star Group, L.P. Common Units Representing Limited Partner Interest",NYSE,True,True
NWTG,"Newton Golf Company, Inc. Common Stock",NASDAQ,True,True
TFC.PRR,"Truist Financial Corporation Depositary Shares, each representing 1/1,000th interest in a share of Series R Non-Cumulative Perpetual Preferred Stock",NYSE,True,True
TZOO,Travelzoo Common Stock,NASDAQ,True,True
ACOG,Alpha Cognition Inc. Common Stock,NASDAQ,True,True
SOJE,"The Southern Company Series 2020C 4.20% Junior Subordinated Notes due October 15, 2060",NYSE,True,True
IPWR,Ideal Power Inc. Common Stock,NASDAQ,True,True
ZEPP,"Zepp Health Corporation American depositary shares, each representing sixteen Class A ordinary shares",NYSE,True,True
ARQ,"Arq, Inc. Common Stock",NASDAQ,True,True
SPH,Suburban Propane Partners L P,NYSE,True,True
CVU,"CPI Aerostructures, Inc.",AMEX,True,True
NL,"NL Industries, Inc.",NYSE,True,True
RNGR,"Ranger Energy Services, Inc.",NYSE,True,True
HYNE,"Hoyne Bancorp, Inc. Common Stock",NASDAQ,True,True
TVRD,"Tvardi Therapeutics, Inc. Common Stock",NASDAQ,True,True
UAN,"CVR Partners, LP",NYSE,True,True
NCDL,Nuveen Churchill Direct Lending Corp,NYSE,True,True
WW,"WW International, Inc. Common Stock",NASDAQ,True,True
TRT,Trio-Tech International,AMEX,True,True
BARK,"BARK, Inc.",NYSE,True,True
UBCP,"United Bancorp, Inc. Common Stock",NASDAQ,True,True
KGEI,Kolibri Global Energy Inc. Common stock,NASDAQ,True,True
HGBL,Heritage Global Inc. Common Stock,NASDAQ,True,True
CTGO,Contango Silver & Gold Inc.,AMEX,True,True
PMTS,CPI Card Group Inc. Common Stock,NASDAQ,True,True
BRID,Bridgford Foods Corporation Common Stock,NASDAQ,True,True
CAPL,CrossAmerica Partners LP Common units representing limited partner interests,NYSE,True,True
CDNL,Cardinal Infrastructure Group Inc. Class A Common Stock,NASDAQ,True,True
CHCI,"Comstock Holding Companies, Inc. Class A Common Stock",NASDAQ,True,True
CHSCL,"CHS Inc Class B Cumulative Redeemable Preferred Stock, Series 4",NASDAQ,True,True
CRBP,"Corbus Pharmaceuticals Holdings, Inc. Common Stock",NASDAQ,True,True
FENC,Fennec Pharmaceuticals Inc. Common Stock,NASDAQ,True,True
FNWD,Finward Bancorp Common Stock,NASDAQ,True,True
FONR,Fonar Corporation Common Stock,NASDAQ,True,True
FTEK,"Fuel Tech, Inc. Common Stock",NASDAQ,True,True
FTK,"Flotek Industries, Inc.",NYSE,True,True
FVCB,"FVCBankcorp, Inc. Common Stock",NASDAQ,True,True
GTE,Gran Tierra Energy Inc.,AMEX,True,True
GWRS,"Global Water Resources, Inc. Common Stock",NASDAQ,True,True
HOFT,Hooker Furnishings Corporation Common Stock,NASDAQ,True,True
INSG,Inseego Corp. Common Stock,NASDAQ,True,True
NGS,"Natural Gas Services Group, Inc.",NYSE,True,True
NHTC,Natural Health Trends Corp. Common Stock,NASDAQ,True,True
NVA,Nova Minerals Limited American Depositary Shares,NASDAQ,True,True
NVCT,"Nuvectis Pharma, Inc. Common Stock",NASDAQ,True,True
NWFL,Norwood Financial Corp. Common Stock,NASDAQ,True,True
ODD,ODDITY Tech Ltd. Class A Ordinary Shares,NASDAQ,True,True
OKUR,"OnKure Therapeutics, Inc. Class A Common Stock",NASDAQ,True,True
OPAL,OPAL Fuels Inc. Class A Common Stock,NASDAQ,True,True
OSS,"One Stop Systems, Inc. Common Stock",NASDAQ,True,True
PDLB,"Ponce Financial Group, Inc. Common Stock",NASDAQ,True,True
PESI,"Perma-Fix Environmental Services, Inc. Common Stock",NASDAQ,True,True
PEW,GrabAGun Digital Holdings Inc.,NYSE,True,True
PHUN,"Phunware, Inc. Common Stock",NASDAQ,True,True
PLCE,"Children's Place, Inc. (The) Common Stock",NASDAQ,True,True
SHIP,Seanergy Maritime Holdings Corp. Common Stock,NASDAQ,True,True
SJ,Scienjoy Holding Corporation Class A Ordinary Shares,NASDAQ,True,True
TEN,Tsakos Energy Navigation Ltd.,NYSE,True,True
TNXP,Tonix Pharmaceuticals Holding Corp. Common Stock,NASDAQ,True,True
TSQ,"TOWNSQUARE MEDIA, INC.",NYSE,True,True
TSSI,"TSS, Inc. Common Stock",NASDAQ,True,True
TTRX,Turn Therapeutics Inc. Common Stock,NASDAQ,True,True
UEIC,Universal Electronics Inc. Common Stock,NASDAQ,True,True
ULBI,Ultralife Corporation Common Stock,NASDAQ,True,True
WES,"Western Midstream Partners, LP",NYSE,True,True
WETH,Wetouch Technology Inc. Common Stock,NASDAQ,True,True
WEYS,"Weyco Group, Inc. Common Stock",NASDAQ,True,True
WYY,WidePoint Corporation,AMEX,True,True
BAC.PRP,"Bank of America Corporation Depositary Shares, each representing a 1/1,000th interest in a share of 4.125% Non- Cumulative Preferred Stock, Series PP",NYSE,True,True
BTCT,BTC Digital Ltd. Ordinary Shares,NASDAQ,True,True
CION,CION Investment Corporation,NYSE,True,True
CYD,China Yuchai International Ltd.,NYSE,True,True
LIDR,"AEye, Inc. Class A Common Stock",NASDAQ,True,True
LSTA,"Lisata Therapeutics, Inc. Common Stock",NASDAQ,True,True
LTRX,"Lantronix, Inc. Common Stock",NASDAQ,True,True
MGX,"Metagenomi Therapeutics, Inc. Common Stock",NASDAQ,True,True
NMTC,NeuroOne Medical Technologies Corporation Common Stock,NASDAQ,True,True
OM,"Outset Medical, Inc. Common Stock",NASDAQ,True,True
OMAB,Grupo Aeroportuario del Centro Norte S.A.B. de C.V. ADS,NASDAQ,True,True
OPRT,Oportun Financial Corporation Common Stock,NASDAQ,True,True
ORCL.PRD,"Oracle Corporation Depositary Shares, each representing a 1/2,000th interest in a share of 6.50% Series D Mandatory Convertible Preferred Stock",NYSE,True,True
PICS,PicS N.V. Class A Common Shares,NASDAQ,True,True
PXLW,"Pixelworks, Inc. Common Stock",NASDAQ,True,True
SMTI,Sanara MedTech Inc. Common Stock,NASDAQ,True,True
SNWV,"SANUWAVE Health, Inc. Common Stock",NASDAQ,True,True
SSSS,SuRo Capital Corp. Common Stock,NASDAQ,True,True
UNCY,"Unicycive Therapeutics, Inc. Common Stock",NASDAQ,True,True
VABK,Virginia National Bankshares Corporation Common Stock,NASDAQ,True,True
WHWK,"Whitehawk Therapeutics, Inc. Common Stock",NASDAQ,True,True
AFCG,Advanced Flower Capital Inc. Common Stock,NASDAQ,True,True
JPM.PRC,"JPMorgan Chase & Co. Depositary Shares, each representing a 1/400th interest in a share of 6.00% Non-Cumulative Preferred Stock, Series EE",NYSE,True,True
GRNQ,Greenpro Capital Corp. Common Stock,NASDAQ,True,True
KEY.PRL,"KeyCorp Depositary Shares each representing a 1/40th ownership interest in a share of Fixed Rate Perpetual Non-Cumulative Preferred Stock, Series H",NYSE,True,True
KINS,"Kingstone Companies, Inc. Common Stock",NASDAQ,True,True
KRNT,Kornit Digital Ltd. Ordinary Shares,NASDAQ,True,True
LAKE,"Lakeland Industries, Inc. Common Stock",NASDAQ,True,True
MGLD,"The Marygold Companies, Inc.",AMEX,True,True
NODK,"NI Holdings, Inc. Common Stock",NASDAQ,True,True
MNSB,"MainStreet Bancshares, Inc. Common Stock",NASDAQ,True,True
PRE,Prenetics Global Limited Class A Ordinary Share,NASDAQ,True,True
CRT,Cross Timbers Royalty Trust,NYSE,True,True
GECC,Great Elm Capital Corp. Common Stock,NASDAQ,True,True
HELP,Cybin Inc. Common Stock,NASDAQ,True,True
ISSC,"Innovative Solutions and Support, Inc. Common Stock",NASDAQ,True,True
NTWK,NetSol Technologies Inc. Common  Stock,NASDAQ,True,True
KPTI,Karyopharm Therapeutics Inc. Common Stock,NASDAQ,True,True
BGSI,Boyd Group Services Inc.,NYSE,True,True
IDAI,T Stamp Inc. Class A Common Stock,NASDAQ,True,True
INVE,"Identiv, Inc. Common Stock",NASDAQ,True,True
JILL,"J.Jill, Inc. Common Stock",NYSE,True,True
AIRO,"AIRO Group Holdings, Inc. Common Stock",NASDAQ,True,True
ASIC,Ategrity Specialty Insurance Company Holdings,NYSE,True,True
TASK,"TaskUs, Inc. Class A Common Stock",NASDAQ,True,True
TBRG,"TruBridge, Inc. Common Stock",NASDAQ,True,True
DAC,Danaos Corporation,NYSE,True,True
LBRX,LB Pharmaceuticals Inc Common Stock,NASDAQ,True,True
MSIF,"MSC Income Fund, Inc.",NYSE,True,True
TXO,"TXO Partners, L.P.",NYSE,True,True
SRBK,"SR Bancorp, Inc. Common stock",NASDAQ,True,True
AMRN,Amarin Corporation plc,NASDAQ,True,True
CHSCM,"CHS Inc Class B Reset Rate Cumulative Redeemable Preferred Stock, Series 3",NASDAQ,True,True
CHSCP,CHS Inc. 8%  Cumulative Redeemable Preferred Stock,NASDAQ,True,True
SDHC,Smith Douglas Homes Corp.,NYSE,True,True
LPCN,Lipocine Inc. Common Stock,NASDAQ,True,True
SYF.PRB,"Synchrony Financial Depositary Shares Each Representing a 1/40th Interest in a Share of 8.250% Fixed Rate Reset Non-Cumulative Perpetual Preferred Stock, Series B",NYSE,True,True
DTIL,"Precision BioSciences, Inc. Common Stock",NASDAQ,True,True
ELA,Envela Corporation,AMEX,True,True
BRC,Brady Corporation,NYSE,True,True
FBLA,"FB Bancorp, Inc. Common Stock",NASDAQ,True,True
CHMI.PRB,Cherry Hill Mortgage Investment Corporation 8.250% Series B Fixed-to-Floating Rate Cumulative Redeemable Preferred Stock,NYSE,True,True
NLY.PRG,"Annaly Capital Management, Inc. 6.50% Series G Fixed-to-Floating Rate Cumulative Redeemable Preferred Stock",NYSE,True,True
BLTE,"Belite Bio, Inc American Depositary Shares",NASDAQ,True,True
CMTL,Comtech Telecommunications Corp. Common Stock,NASDAQ,True,True
COF.PRJ,"Capital One Financial Corporation Depositary Shares, Each Representing a 1/40th Interest in a Share of Fixed Rate Non- Cumulative Perpetual Preferred Stock, Series J",NYSE,True,True
AUDC,AudioCodes Ltd. Common Stock,NASDAQ,True,True
SRTS,"Sensus Healthcare, Inc. Common Stock",NASDAQ,True,True
VERU,Veru Inc. Common Stock,NASDAQ,True,True
AUNA,Auna S.A.,NYSE,True,True
CVV,CVD Equipment Corporation Common Stock,NASDAQ,True,True
CXDO,"Crexendo, Inc. Common Stock",NASDAQ,True,True
DMLP,"Dorchester Minerals, L.P. Common Units Representing Limited Partnership Interests",NASDAQ,True,True
ECBK,"ECB Bancorp, Inc. Common Stock",NASDAQ,True,True
VLGEA,"Village Super Market, Inc. Class A Common Stock",NASDAQ,True,True
CQP,"Cheniere Energy Partners, LP",NYSE,True,True
ANRO,Alto Neuroscience Inc.,NYSE,True,True
BRAG,Bragg Gaming Group Inc. Common Shares,NASDAQ,True,True
FSTR,L.B. Foster Company Common Stock,NASDAQ,True,True
GEL,"Genesis Energy, L.P.",NYSE,True,True
LONA,"LeonaBio, Inc. Common Stock",NASDAQ,True,True
CEPF,"Cantor Equity Partners IV, Inc. Class A Ordinary Shares",NASDAQ,True,True
EBON,Ebang International Holdings Inc. Class A Ordinary Shares,NASDAQ,True,True
PETS,"PetMed Express, Inc. Common Stock",NASDAQ,True,True
WBI,WaterBridge Infrastructure LLC,NYSE,True,True
OFS,OFS Capital Corporation Common Stock,NASDAQ,True,True
CODA,"Coda Octopus Group, Inc. Common stock",NASDAQ,True,True
ACFN,"Acorn Energy, Inc. Common Stock",NASDAQ,True,True
BAC.PRB,"Bank of America Corporation Depositary Shares, each representing a 1/1,000th interest in a share of 6.000% Non-Cumulative Preferred Stock, Series GG",NYSE,True,True
JXN.PRA,"Jackson Financial Inc. Depositary Shares, each representing a 1/1,000th interest in a share of Fixed-Rate Reset Noncumulative Perpetual Preferred Stock, Series A",NYSE,True,True
NMM,Navios Maritime Partners L.P.,NYSE,True,True
RAND,Rand Capital Corporation Common Stock,NASDAQ,True,True
RAIL,"FreightCar America, Inc. Common Stock",NASDAQ,True,True
BAC.PRN,"Bank of America Corporation Depositary shares, each representing 1/1,000th interest in a share of 5.000% Non-Cumulative Preferred Stock, Series LL",NYSE,True,True
TATT,TAT Technologies Ltd. Ordinary Shares,NASDAQ,True,True
PSA.PRL,"Public Storage Depositary Shares Each Representing 1/1,000 of a 4.625% Cumulative Preferred Share of Beneficial Interest, Series L, par value $0.01 per share",NYSE,True,True
OPY,"Oppenheimer Holdings, Inc.",NYSE,True,True
RVSB,Riverview Bancorp Inc Common Stock,NASDAQ,True,True
SCOR,"comScore, Inc. Common Stock",NASDAQ,True,True
JF,J and Friends Holdings Limited American Depositary Shares,NASDAQ,True,True
RJET,Republic Airways Holdings Inc. Common Stock,NASDAQ,True,True
ALL.PRH,The Allstate Corporation,NYSE,True,True
ALMU,"Aeluma, Inc. Common Stock",NASDAQ,True,True
AMPY,Amplify Energy Corp.,NYSE,True,True
ANIX,"Anixa Biosciences, Inc. Common Stock",NASDAQ,True,True
RNAC,"Cartesian Therapeutics, Inc. Common Stock",NASDAQ,True,True
ADIL,"Adial Pharmaceuticals, Inc Common Stock",NASDAQ,True,True
IDN,"Intellicheck, Inc. Common Stock",NASDAQ,True,True
STRO,"Sutro Biopharma, Inc. Common Stock",NASDAQ,True,True
STRS,Stratus Properties Inc. Common Stock,NASDAQ,True,True
OWLT,"Owlet, Inc.",NYSE,True,True
MTRX,Matrix Service Company Common Stock,NASDAQ,True,True
NYC,American Strategic Investment Co.,NYSE,True,True
SPRU,Spruce Power Holding Corporation,NYSE,True,True
DIBS,"1stdibs.com, Inc. Common Stock",NASDAQ,True,True
EPSN,Epsilon Energy Ltd. Common Share,NASDAQ,True,True
VIRC,Virco Manufacturing Corporation Common Stock,NASDAQ,True,True
MS.PRP,"Morgan Stanley Depositary Shares, each representing 1/1,000th of a share of 6.500% Non-Cumulative Preferred Stock, Series P",NYSE,True,True
HWBK,"Hawthorn Bancshares, Inc. Common Stock",NASDAQ,True,True
JOYY,JOYY Inc. American Depositary Shares,NASDAQ,True,True
CRD.A,Crawford & Company Class A,NYSE,True,True
UMAC,"Unusual Machines, Inc.",AMEX,True,True
RDCM,Radcom Ltd. Ordinary Shares,NASDAQ,True,True
SI,"Shoulder Innovations, Inc.",NYSE,True,True
CARL,"Carlsmed, Inc. Common Stock",NASDAQ,True,True
TENX,"Tenax Therapeutics, Inc. Common Stock",NASDAQ,True,True
OPHC,"OptimumBank Holdings, Inc.",AMEX,True,True
DYNC,Dynamix Corporation Class A Ordinary Shares,NASDAQ,True,True
LSF,"Laird Superfood, Inc.",AMEX,True,True
HHS,"Harte Hanks, Inc. Common Stock",NASDAQ,True,True
PTHS,Pelthos Therapeutics Inc.,AMEX,True,True
SCLX,Scilex Holding Company Common Stock,NASDAQ,True,True
VHI,"Valhi, Inc.",NYSE,True,True
SKLZ,Skillz Inc.,NYSE,True,True
NEXM,NEXMETALS MINING CORP. Common Shares,NASDAQ,True,True
CNVS,Cineverse Corp. Class A Common Stock,NASDAQ,True,True
DLR.PRL,"Digital Realty Trust, Inc. 5.200% Series L Cumulative Redeemable Preferred Stock",NYSE,True,True
BAESY,BAE SYSTEMS plc Sponsored ADR,OTC,True,True
UPC,Universe Pharmaceuticals Inc. Class A Ordinary Shares,NASDAQ,True,True
KLXE,"KLX Energy Services Holdings, Inc. Common Stock",NASDAQ,True,True
FEIM,"Frequency Electronics, Inc. Common Stock",NASDAQ,True,True
GNLX,Genelux Corporation Common Stock,NASDAQ,True,True
DLTH,Duluth Holdings Inc. Class B Common Stock,NASDAQ,True,True
MSLE,Satellos Bioscience Inc. Common Stock,NASDAQ,True,True
INTT,inTEST Corporation,AMEX,True,True
ACU,Acme United Corporation,AMEX,True,True
CCAP,"Crescent Capital BDC, Inc. Common stock",NASDAQ,True,True
CCLD,"CareCloud, Inc. Common Stock",NASDAQ,True,True
TLF,"Tandy Leather Factory, Inc. Common Stock",NASDAQ,True,True
LTBR,Lightbridge Corporation Common Stock,NASDAQ,True,True
FOA,Finance of America Companies Inc.,NYSE,True,True
BWAY,Brainsway Ltd. American Depositary Shares,NASDAQ,True,True
VATE,INNOVATE Corp.,NYSE,True,True
LGL,"The LGL Group, Inc.",AMEX,True,True
STSS,Sharps Technology Inc. Common Stock,NASDAQ,True,True
STVN,Stevanato Group S.p.A.,NYSE,True,True
OSTX,OS Therapies Incorporated,AMEX,True,True
OTLY,Oatly Group AB American Depositary Shares,NASDAQ,True,True
GBOOY,"Grupo Financiero Banorte, S.A.B. De C.V Sponsored ADR (Mexico)",OTC,True,True
EEX,"Emerald Holding, Inc.",NYSE,True,True
TITN,Titan Machinery Inc. Common Stock,NASDAQ,True,True
TJX,"TJX Companies, Inc. (The)",NYSE,True,True
TK,Teekay Corporation Ltd.,NYSE,True,True
TKC,TURKCELL ILETISIM HIZMETLERI A.S. ADS,NYSE,True,True
UMH,"UMH Properties, Inc.",NYSE,True,True
BANXR,ArrowMark Financial Corp. Right,NASDAQ,True,False
YOOV,Concorde International Group Ltd Class A Ordinary Shares,NASDAQ,True,False
SIXL,ETC 6 Meridian Low Beta Equity ETF,ARCA,True,False
SNTH,MRP SynthEquity ETF,ARCA,True,False
TEQI,T. Rowe Price Equity Income ETF,ARCA,True,False
THRV,Thrive Series Trust Prospera Income ETF,NASDAQ,True,False
TOAO,Twin Oak Active Opportunities III ETF,BATS,True,False
TXNU,Direxion Daily TXN Bull 2X ETF,ARCA,True,False
UNHG,Themes ETF Trust Leverage Shares 2X Long UNH Daily ETF,NASDAQ,True,False
XTAP,Innovator U.S. Equity Accelerated Plus ETF - April,BATS,True,False
USAX,Tradr 2X Long USAR Daily ETF,BATS,True,False
ZONE,CleanCore Solutions Inc.,AMEX,True,False
SLX,VanEck Steel ETF,ARCA,True,False
VET,VERMILION ENERGY INC.,NYSE,True,True
TREX,"Trex Company, Inc.",NYSE,True,True
WMK,"Weis Markets, Inc.",NYSE,True,True
XEL,Xcel Energy Inc. Common Stock,NASDAQ,True,True
SMB,VanEck Short Muni ETF,BATS,True,True
SON,Sonoco Products Company,NYSE,True,True
SXC,SUNCOKE ENERGY INC,NYSE,True,True
ASMG,Themes ETF Trust Leverage Shares 2X Long ASML Daily ETF,NASDAQ,True,False
BABX,GraniteShares ETF Trust GraniteShares 2x Long BABA Daily ETF,NASDAQ,True,False
BITU,ProShares Ultra Bitcoin ETF,ARCA,True,False
BMNU,T-REX 2X Long BMNR Daily Target ETF,BATS,True,False
COIW,Roundhill COIN WeeklyPay ETF,BATS,True,False
DULL,MicroSectors Gold -3x Inverse Leveraged ETN,ARCA,True,False
ETHD,ProShares UltraShort Ether ETF,ARCA,True,False
YMAT,"J-Star Holding Co., Ltd. Class A Ordinary Shares",NASDAQ,True,False
YIBO,Planet Image International Limited Class A Ordinary Shares,NASDAQ,True,False
SHIM,Shimmick Corporation Common Stock,NASDAQ,True,False
ACGBY,Agricultural Bank of China Unsponsored American Depository Receipt (China),OTC,True,False
AVT,"Avnet, Inc. Common Stock",NASDAQ,True,True
AACIU,Armada Acquisition Corp. III Units,NASDAQ,True,False
YI,"111, Inc. American Depositary Shares",NASDAQ,True,False
INAB,"IN8bio, Inc. Common Stock",NASDAQ,True,False
YHGJ,Yunhong Green CTI Ltd. Common Stock,NASDAQ,True,False
SLVP,iShares MSCI Global Silver and Metals Miners ETF,BATS,True,True
ARTCU,Art Technology Acquisition Corp. Units,NASDAQ,True,False
YHC,LQR House Inc. Common Stock,NASDAQ,True,False
ALFUU,Centurion Acquisition Corp. Unit,NASDAQ,True,False
HCXY,"Hercules Capital, Inc. 6.25% Notes due 2033",NYSE,True,False
ENGNW,enGene Therapeutics Inc. Warrants,NASDAQ,True,False
FDSB,"Fifth District Bancorp, Inc. Common Stock",NASDAQ,True,True
DCBO,Docebo Inc. Common Shares,NASDAQ,True,False
AIV,Apartment Investment and Management Company,NYSE,True,True
YB,Yuanbao Inc. American Depositary Shares,NASDAQ,True,False
CISO,"CISO Global, Inc. Common Stock",NASDAQ,True,False
XRN.PRB,"Chiron Real Estate Inc. 8.00% Series B Cumulative Redeemable Preferred Stock, $0.001 par value per share",NYSE,True,False
XRN.PRA,Chiron Real Estate Inc. Series A Cumulative Redeemable Preferred Stock,NYSE,True,False
GDEVW,GDEV Inc. Warrant,NASDAQ,True,False
WFC.PRD,"Wells Fargo & Company Depositary Shares, each representing a 1/1, 000th interest in a share of Non-Cumulative Perpetual Class A Preferred Stock, Series DD",NYSE,True,False
UTZ,"Utz Brands, Inc.",NYSE,True,True
ANVS,"Annovis Bio, Inc.",NYSE,True,True
KOID,KraneShares Trust KraneShares Global Humanoid Robotics and Physical AI Index ETF,NASDAQ,True,False
AEHL,Antelope Enterprise Holdings Limited Class A Ordinary Shares,NASDAQ,True,False
CLSKW,"CleanSpark, Inc. Warrant",NASDAQ,True,False
HACQW,HCM IV Acquisition Corp. Warrants,NASDAQ,True,False
REAX,"The Real Brokerage, Inc. Common Shares",NASDAQ,True,True
HACQU,HCM IV Acquisition Corp. Unit,NASDAQ,True,False
WFC.PRY,Wells Fargo & Company,NYSE,True,False
IHT,InnSuites Hospitality Trust,AMEX,True,False
DUKRW,DUKE Robotics Corp. Warrant,NASDAQ,True,False
DT,"Dynatrace, Inc.",NYSE,True,True
NAT,Nordic American Tanker,NYSE,True,True
WFC.PRC,"Wells Fargo & Company Depositary Shares, each representing a 1/1, 000th interest in a share of Non-Cumulative Perpetual Class A Preferred Stock, Series CC",NYSE,True,False
MSB,Mesabi Trust,NYSE,True,True
VTEX,VTEX,NYSE,True,True
WETO,Wetour Robotics Limited Ordinary Shares,NASDAQ,True,False
CFRUY,Compagnie Financiere Richemont Unsponsored ADR (Switzerland),OTC,True,True
MTSUY,Mitsubishi Corp American Depositary Receipts - Unsponsored (Japan),OTC,True,False
AIRI,Air Industries Group,AMEX,True,True
WSML,iShares Trust iShares MSCI World Small-Cap ETF,NASDAQ,True,False
HEZU,iShares Currency Hedged MSCI Eurozone ETF of ISHARES TRUST,ARCA,True,False
OGSP,Obra High Grade Structured Products ETF,ARCA,True,False
INUV,"Inuvo, Inc.",AMEX,True,True
SBB,ProShares Short SmallCap600,ARCA,True,False
SFEB,FT Vest U.S. Small Cap Moderate Buffer ETF - February,BATS,True,False
ATNM,"Actinium Pharmaceuticals, Inc",AMEX,True,True
WENNU,Wen Acquisition Corp Unit,NASDAQ,True,False
AOMD,"Angel Oak Mortgage REIT, Inc. 9.750% Senior Notes due 2030",NYSE,True,False
WENC.U,"West Enclave Merger Corp. Units, each consisting of one Ordinary Share and one Right to acquire one-tenth (1/10) of one Ordinary Share",NYSE,True,False
RSBA,Return Stacked Bonds & Merger Arbitrage ETF,BATS,True,False
IBIO,"iBio, Inc. Common Stock",NASDAQ,True,True
GRMLW,Greenland Mines Ltd Warrant,NASDAQ,True,False
NABZY,National Australia Bank Limited Common Stock,OTC,True,False
BP,BP p.l.c.,NYSE,True,True
WBS.PRF,"Webster Financial Corporation Depositary Shares, Each Representing 1/1,000th Interest in a Share of 5.25% Series F Non-Cumulative Perpetual Preferred Stock",NYSE,True,False
BNPQY,BNP Paribas American Depositary Shares,OTC,True,True
UNCRY,Unicredito SPA American Depositary Receipts - Unsponsored (Italy),OTC,True,True
WATT,Energous Corporation Common Stock,NASDAQ,True,False
RYCEY,Rolls Royce Holdings plc Sponsored American Depositary Shares,OTC,True,True
ICAGY,International Consolidated Airlines Group SA Sponsored American Depository Receipt (Spain),OTC,True,True
BOWN,Bowen Acquisition Corp Ordinary Shares,NASDAQ,True,False
ANY,Sphere 3D Corp. Common Shares,NASDAQ,True,False
GELHY,Geely Automobile Holdings Ltd American Depositary Receipts - Sponsored (Cayman),OTC,True,True
VNMEU,Vendome Acquisition Corporation I Unit,NASDAQ,True,False
EADSY,AIRBUS SE ADR - Unsponsored (Netherlands),OTC,True,True
DIDIY,DiDi Global Inc. American Depositary Shares - Sponsored (Cayman Islands),OTC,True,True
BDORY,Banco Do Brasil SA Sponsored ADR,OTC,True,True
IIPR.PRA,"Innovative Industrial Properties, Inc.9.00 Percent Series A Cumulative Redeemable Preferred Stock",NYSE,True,True
VNME,Vendome Acquisition Corporation I Class A Ordinary Shares,NASDAQ,True,False
VLYPP,"Valley National Bancorp 6.25% Fixed-to-Floating Rate Non-Cumulative Perpetual Preferred Stock, Series A",NASDAQ,True,False
VLYPO,"Valley National Bancorp 5.50% Fixed-to-Floating Rate Non-Cumulative Perpetual Preferred Stock, Series B",NASDAQ,True,False
VLYPN,"Valley National Bancorp 8.250% Fixed-Rate Reset Non-Cumulative Perpetual Preferred Stock, Series C",NASDAQ,True,False
VALU,"Value Line, Inc. Common Stock",NASDAQ,True,False
BINI,BOLLINGER INNOVATIONS INC Common Stock,OTC,True,False
VACI.WS,Viking Acquisition Corp. I Warrants to purchase one Class A Ordinary Share,NYSE,True,False
ASBFY,Associated British Foods Plc American Depositary Shares,OTC,True,True
MPNGY,MEITUAN American Depositary Receipts - Unsponsored,OTC,True,True
BA.PRA,"The Boeing Company Depositary Shares, each representing a 1/20th interest in a share of 6.00% Series A Mandatory Convertible Preferred Stock, par value $1.00",NYSE,True,True
FFF,Founders 100 ETF,BATS,True,False
VACI.U,"Viking Acquisition Corp. I Units, each consisting of one Class A ordinary share and one-third of one Warrant",NYSE,True,False
TSRYY,Treasury Wine Estates Ltd. Sponsored American Depository Receipt (Australia),OTC,True,False
ASAIY,SENDAS DISTRIBUIDORA S A SPONSORED ADR (Brazil),OTC,True,False
AQEC,AQE Core ETF,BATS,True,False
SYPR,"Sypris Solutions, Inc. Common Stock",NASDAQ,True,True
NLCP,NEWLAKE CAP PARTNERS INC COM,OTC,True,False
SJT,San Juan Basin Royalty Trust UBI,NYSE,True,True
AMVOY,AUMOVIO SE American Depositary Receipts - Sponsored (Germany),OTC,True,False
AVXC,American Century ETF Trust Avantis Emerging Markets ex-China Equity ETF,NASDAQ,True,False
BKHY,BNY Mellon High Yield ETF,ARCA,True,False
FIVY,Tidal Trust II YieldMax Dorsey Wright Hybrid 5 Income ETF,NASDAQ,True,False
MPAA,"Motorcar Parts  of America, Inc. Common Stock",NASDAQ,True,True
VACHW,Voyager Acquisition Corp Warrants,NASDAQ,True,False
VACH,Voyager Acquisition Corp Class A Ordinary Shares,NASDAQ,True,False
UZX,Linkage Global Inc. Class A Ordinary Shares,NASDAQ,True,False
UZE,"Array Digital Infrastructure, Inc. 5.500% Senior Notes due 2070",NYSE,True,False
MODD,"Modular Medical, Inc. Common Stock",NASDAQ,True,True
UYSCR,UY Scuti Acquisition Corp. Rights,NASDAQ,True,False
AEYE,"AudioEye, Inc. Common Stock",NASDAQ,True,True
XGN,Exagen Inc. Common Stock,NASDAQ,True,True
XELLL,"Xcel Energy Inc. 6.25% Junior Subordinated Notes, Series due 2085",NASDAQ,True,True
STKS,"The ONE Group Hospitality, Inc. Common Stock",NASDAQ,True,True
BBAI.WS,"BigBear.ai Holdings, Inc. Redeemable warrants, each full warrant exercisable for one share of common stock at an exercise price of $11.50 per share",NYSE,True,False
AKA,a.k.a. Brands Holding Corp.,NYSE,True,False
RRGB,"Red Robin Gourmet Burgers, Inc. Common Stock",NASDAQ,True,True
RPID,"Rapid Micro Biosystems, Inc. Class A Common Stock",NASDAQ,True,True
BAMY,Brookstone Yield ETF,BATS,True,False
RREVU,RRE Ventures Acquisition Corp. Units,NASDAQ,True,False
UTSI,UTStarcom Holdings Corp. Ordinary Shares,NASDAQ,True,False
MTRA,Invesco International Growth Focus ETF,BATS,True,False
UONEK,"Urban One, Inc. Class D Common Stock",NASDAQ,True,False
RLGT,"Radiant Logistics, Inc.",AMEX,True,True
RGS,Regis Corporation Common Stock,NASDAQ,True,True
UONE,"Urban One, Inc. Class A Common Stock",NASDAQ,True,False
PLYX,"Polaryx Therapeutics, Inc. Common Stock",NASDAQ,True,False
CBSE,Clough Select Equity ETF,ARCA,True,False
GTMEY,Globe Telecom Inc Unsponsored ADR (Philippines),OTC,True,False
UNMA,Unum Group 6.250% Junior Subordinated Notes due 2058,NYSE,True,False
UMBFO,"UMB Financial Corporation Depositary Shares Each Representing a 1/400th Interest in a Share of 7.750% Fixed-Rate Reset Non-Cumulative Perpetual Preferred Stock, Series B",NASDAQ,True,False
RELL,"Richardson Electronics, Ltd. Common Stock",NASDAQ,True,True
SRG.PRA,Seritage Growth Properties 7.00% Series A Cumulative Redeemable Preferred Shares of Beneficial Interest,NYSE,True,False
HLP,Hongli Group Inc. Ordinary Shares,NASDAQ,True,False
RDNW,"RideNow Group, Inc. Class B Common Stock",NASDAQ,True,True
RCKY,"Rocky Brands, Inc. Common Stock",NASDAQ,True,True
RAVE,"Rave Restaurant Group, Inc. Common Stock",NASDAQ,True,True
UK,Ucommune International Ltd Class A Ordinary Shares,NASDAQ,True,False
QUIK,QuickLogic Corporation Common Stock,NASDAQ,True,True
UGRO,"urban-gro, Inc. Common Stock",NASDAQ,True,False
UAC.U,"United Acquisition Corp. I Units, each consisting of one Class A ordinary share and one-quarter of one redeemable warrant",AMEX,True,False
ONFO,Onfolio Holdings Inc. Common Stock,NASDAQ,True,False
DDV,Defined Duration 5 ETF,BATS,True,False
DFNM,Dimensional National Municipal Bond ETF,ARCA,True,False
QTI,"QT Imaging Holdings, Inc. Common Stock",NASDAQ,True,True
SPWH,"Sportsman's Warehouse Holdings, Inc. Common Stock",NASDAQ,True,False
MTB.PRJ,"M&T Bank Corporation Depositary Shares each representing a 1/400th ownership interest in a share of Perpetual 7.500% Non-Cumulative Preferred Stock, Series J",NYSE,True,True
BAC.PRQ,"Bank of America Corporation Depositary shares, each representing 1/1,000th interest in a share of 4.250% Non-Cumulative Preferred Stock, Series QQ",NYSE,True,True
TWO.PRB,Two Harbors Investment Corp 7.625% Series B Fixed-to-Floating Rate Cumulative Redeemable Preferred Stock,NYSE,True,False
SATA,"Strive, Inc. Variable Rate Series A Perpetual Preferred Stock",NASDAQ,True,True
HYFT,MindWalk Holdings Corp. Common Stock,NASDAQ,True,True
HTZWW,"Hertz Global Holdings, Inc Warrant",NASDAQ,True,True
HMH,HMH Holding Inc. Class A Common Stock,NASDAQ,True,True
HBB,Hamilton Beach Brands Holding Company Class A Common Stock,NYSE,True,True
BODI,"The Beachbody Company, Inc. Class A Common Stock",NASDAQ,True,True
BNTC,Benitec Biopharma Inc. Common Stock,NASDAQ,True,True
BNED,"Barnes & Noble Education, Inc",NYSE,True,True
TWO.PRA,Two Harbors Investment Corp 8.125% Series A Fixed-to-Floating Rate Cumulative Redeemable Preferred Stock ($25.00 liquidation preference per share),NYSE,True,False
TWLVU,Twelve Seas Investment Company III Units,NASDAQ,True,False
HOV,"Hovnanian Enterprises, Inc. Class A",NYSE,True,True
BNC,CEA Industries Inc. Common Stock,NASDAQ,True,True
BMRA,"Biomerica, Inc. Common Stock",NASDAQ,True,True
NTWOW,Newbury Street II Acquisition Corp Warrant,NASDAQ,True,False
TKLF,"Tokyo Lifestyle Co., Ltd. American Depositary Shares",NASDAQ,True,False
ATOS,"Atossa Therapeutics, Inc. Common Stock",NASDAQ,True,True
ALGS,"Aligos Therapeutics, Inc. Common Stock",NASDAQ,True,True
ILKAY,ILUKA RES LTD ADR - Unsponsored (Australia),OTC,True,False
III,Information Services Group Inc. Common Stock,NASDAQ,True,True
ATII,Archimedes Tech SPAC Partners II Co. Ordinary Shares,NASDAQ,True,True
PAL,"Proficient Auto Logistics, Inc. Common Stock",NASDAQ,True,True
BDL,Flanigan's Enterprises Inc,AMEX,True,False
BTMWW,Bitcoin Depot Inc. Warrant,NASDAQ,True,False
OWLS,OBOOK Holdings Inc. Class A Common Shares,NASDAQ,True,False
DRNZ,REX ETF Trust REX Drone ETF,NASDAQ,True,False
PAGP,"Plains GP Holdings, L.P. Class A Units representing Limited Partner Interests",NASDAQ,True,True
LUD,Luda Technology Group Limited,AMEX,True,False
JPM.PRM,"JPMorgan Chase & Co. Depositary Shares, each representing a 1/400th interest in a share of 4.20% Non-Cumulative Preferred Stock, Series MM",NYSE,True,True
JPM.PRL,"JPMorgan Chase & Co. Depositary Shares, each representing a 1/400th interest in a share of 4.625% Non-Cumulative Preferred Stock, Series LL",NYSE,True,True
OESX,"Orion Energy Systems, Inc. Common Stock",NASDAQ,True,True
TJGC,TJGC Group Limited Ordinary Shares,NASDAQ,True,False
BLDX,Impax Global Sustainable Infrastructure ETF,ARCA,True,False
LHSW,Lianhe Sowell International Group Ltd Class A Ordinary Shares,NASDAQ,True,False
KONG,Formidable Fortress ETF,BATS,True,False
AII,"American Integrity Insurance Group, Inc.",NYSE,True,True
DURA,VanEck Durable High Dividend ETF,BATS,True,False
TGHL,The GrowHub Limited Class A Ordinary Shares,NASDAQ,True,False
WFC.PRL,WELLS FARGO 7.5% NON CUMV PERP CONV,NYSE,True,True
GEG,"Great Elm Group, Inc. Common Stock",NASDAQ,True,True
ELMD,"Electromed, Inc.",AMEX,True,False
BTYB,VistaShares BitBonds 5 Yr Enhanced Weekly Distribution ETF,ARCA,True,False
ALOT,"AstroNova, Inc. Common Stock",NASDAQ,True,True
FGMC,FG Merger II Corp. Common stock,NASDAQ,True,True
RMBI,"Richmond Mutual Bancorporation, Inc. Common Stock",NASDAQ,True,True
NVMI,Nova Ltd. Ordinary Shares,NASDAQ,True,True
SATO,Invesco Alerian Galaxy Crypto Economy ETF,BATS,True,False
FTLF,"FitLife Brands, Inc. Common Stock",NASDAQ,True,True
TGE,The Generation Essentials Group,NYSE,True,False
TDWD,Tailwind 2.0 Acquisition Corp. Class A Ordinary Shares,NASDAQ,True,False
MLCI,Mount Logan Capital Inc. Common Stock,NASDAQ,True,True
TDTH,Trident Digital Tech Holdings Ltd American Depository Shares,NASDAQ,True,False
MGRB,"Affiliated Managers Group, Inc. 4.750% Junior Subordinated Notes due 2060",NYSE,True,True
HPE.PRC,Hewlett Packard Enterprise Company 7.625% Series C Mandatory Convertible Preferred Stock,NYSE,True,True
TDS.PRV,"Telephone and Data Systems, Inc. Depositary Shares, Each Representing a 1/1,000th Interest in a 6.000% Series VV Cumulative Redeemable Perpetual Preferred Stock",NYSE,True,False
HBANL,"Huntington Bancshares Incorporated Depositary Shares, Each Representing a 1/40th Interest in a Share of 6.875% Series J Non-Cumulative Perpetual Preferred Stock",NASDAQ,True,True
WHR.PRA,"Whirlpool Corporation Depositary Shares, each representing a 1/20th interest in a share of 8.50% Series A Mandatory Convertible Preferred Stock",NYSE,True,True
TACOW,Berto Acquisition Corp. Warrant,NASDAQ,True,False
ABLV,Able View Global Inc. Class B Ordinary Shares,NASDAQ,True,False
ABXXF,ABAXX TECHNOLOGIES INC Common Shares,OTC,True,False
BCHG,GRAYSCALE BITCOIN CASH TR BCH Common Stock,OTC,True,False
IDEXY,Industria De Diseno Textil Inditex Sa Unsponsored ADR (Spain),OTC,True,False
UNB,"Union Bankshares, Inc. Common Stock",NASDAQ,True,True
MURGY,Muenchener Re Group AG Unsponsored ADR (Germany),OTC,True,False
SMID,Smith-Midland Corporation Common Stock,NASDAQ,True,True
TACO,Berto Acquisition Corp. Ordinary Shares,NASDAQ,True,False
PCL,PGIM Corporate Bond 10+ Year ETF,BATS,True,False
T.PRA,"AT&T Inc. Depositary Shares, each representing a 1/1,000th interest in a share of 5.000% Perpetual Preferred Stock, Series A",NYSE,True,False
SZZLR,Sizzle Acquisition Corp. II Right,NASDAQ,True,False
SZZL,Sizzle Acquisition Corp. II Class A ordinary shares,NASDAQ,True,False
ASRV,AmeriServ Financial Inc. Common Stock,NASDAQ,True,True
VIS,Vanguard Industrials ETF,ARCA,True,False
EFAX,State Street SPDR MSCI EAFE Fossil Fuel Reserves Free ETF,ARCA,True,False
SVRN,OceanPal Inc. Common Stock,NASDAQ,True,False
SVREW,SaverOne 2014 Ltd. Warrant,NASDAQ,True,False
PRA,ProAssurance Corporation,NYSE,True,True
FRD,Friedman Industries Inc. Common Stock,NASDAQ,True,True
STT.PRG,"State Street Corporation Depositary shares, each representing a 1/4,000th ownership interest in a share of Fixed-to-Floating Rate Non-Cumulative Perpetual Preferred Stock, Series G",NYSE,True,False
NELS,Nelson Select ETF,BATS,True,False
STSSW,Sharps Technology Inc. Warrant,NASDAQ,True,False
EMP,"Entergy Mississippi, LLC First Mortgage Bonds, 4.90% Series due October 1, 2066",NYSE,True,True
MCHX,"Marchex, Inc. Class B Common Stock",NASDAQ,True,False
OPP.PRB,"RiverNorth/DoubleLine Strategic Opportunity Fund, Inc.4.75% Series B Cumulative Preferred Stock",NYSE,True,True
MAYW,AllianzIM U.S. Equity Buffer20 May ETF,BATS,True,False
WLDS,Wearable Devices Ltd. Ordinary Share,NASDAQ,True,False
STKH,Steakholder Foods Ltd. American Depositary Shares,NASDAQ,True,False
XCOR,FundX ETF,ARCA,True,False
STI,"Solidion Technology, Inc. Common Stock",NASDAQ,True,False
CTRN,"Citi Trends, Inc. Common Stock",NASDAQ,True,True
COF.PRN,"Capital One Financial Corporation Depositary Shares, Each Representing a 1/40th Ownership Interest in a Share of Fixed Rate Non-Cumulative Perpetual Preferred Stock, Series N",NYSE,True,True
MNVR,Pacer Swan SOS Moderate (November) ETF,BATS,True,False
NFLU,T-Rex 2X Long NFLX Daily Target ETF,BATS,True,False
CFG.PRH,"Citizens Financial Group, Inc. Depositary Shares Each Representing a 1/40th Interest in a Share of 7.375% Fixed-Rate Non-Cumulative Perpetual Preferred Stock, Series H",NYSE,True,True
JL,J-Long Group Limited Class A Ordinary Shares,NASDAQ,True,False
STG,"Sunlands Technology Group, American Depositary Shares, American Depositary Shares, every two (2) ADSs representing one (1) Class A Ordinary Share",NYSE,True,False
CJEWY,Chow Tai Fook Jewellery Group Limited ADR Repstg 10 Ord Shs,OTC,True,False
ASB.PRE,"Associated Banc-Corp Depositary Shares, each representing a 1/40th interest in a share of 5.875% Non-Cumulative Perpetual Preferred Stock, Series E",NYSE,True,True
CHSCN,CHS Inc Preferred Class B Series 2 Reset Rate,NASDAQ,True,True
DDTL,Innovator Equity Dual Directional 10 Buffer ETF - July,BATS,True,False
BIPI,BIP Bermuda Holdings I Limited 5.125% Perpetual Subordinated Notes,NYSE,True,True
HBANP,Huntington Bancshares Incorporated Depositary Shares 4.500% Series H Non-Cumulative Perpetual Preferred Stock,NASDAQ,True,True
IBEX,IBEX Limited Common Shares,NASDAQ,True,True
SSACW,SPACSphere Acquisition Corp. Warrant,NASDAQ,True,False
MLCIL,Mount Logan Capital Inc. 8.00% Notes Due 2031,NASDAQ,True,False
CLST,"Catalyst Bancorp, Inc. Common Stock",NASDAQ,True,True
ATEYY,Advantest Corporation American Depositary Receipts - Sponsored (Japan),OTC,True,False
FFEB,FT Vest U.S. Equity Buffer ETF - February,BATS,True,False
TFC.PRO,"Truist Financial Corporation Depositary Shares, Each Representing a 1/1,000th Interest in a Share of Series O Non-Cumulative Perpetual Preferred Stock",NYSE,True,True
AMKBY,A P MOLLER-MAERSK A/S ADR - Unsponsored (Denmark),OTC,True,False
NPB,"Northpointe Bancshares, Inc.",NYSE,True,True
NEPH,"Nephros, Inc. Common Stock",NASDAQ,True,True
SRZN,"Surrozen, Inc. Common Stock",NASDAQ,True,False
CPBI,"Central Plains Bancshares, Inc. Common Stock",NASDAQ,True,True
SQFTP,"Presidio Property Trust, Inc. 9.375% Series D Cumulative Redeemable Perpetual Preferred Stock, $0.01 par value per share",NASDAQ,True,False
RSHO,Tema American Reshoring ETF,ARCA,True,False
CCEL,Cryo-Cell International Inc.,AMEX,True,True
KMTUY,Komatsu Ltd Ord American Depositary Shares,OTC,True,False
PED,PEDEVCO Corp.,AMEX,True,True
SBR,Sabine Royalty Trust,NYSE,True,True
DADS,Tidal Trust I Digital Asset Debt Strategy ETF,NASDAQ,True,False
DAPP,VanEck Digital Transformation ETF,NASDAQ,True,False
IFNNY,Infineon Technologies AG,OTC,True,True
SQFT,"Presidio Property Trust, Inc. Class A Common Stock",NASDAQ,True,False
NPSNY,Naspers Limited American Depositary Receipts - Sponsored,OTC,True,True
SPRC,SciSparc Ltd. Ordinary Shares,NASDAQ,True,False
SPRB,"Spruce Biosciences, Inc. Common Stock",NASDAQ,True,False
SWDBY,Swedbank AB Sponsored ADR (Sweden),OTC,True,True
SLE,"Super League Enterprise, Inc. Common Stock",NASDAQ,True,False
SHECY,Shin-Etsu Chemical Co Ltd Unsponsored ADR (Japan),OTC,True,True
EXPGY,Experian Plc Sponsored ADR (UK),OTC,True,True
BLRKW,Bluerock Acquisition Corp. Warrants,NASDAQ,True,False
SLAI,SOLAI Limited  American Depositary Shares (each representing one hundred (100) Class A Ordinary Shares),NYSE,True,False
SGIOY,Shionogi & Co Ltd Unsponsored ADR (Japan),OTC,True,True
PSMMY,Persimmon Plc Unsponsored ADR (UK),OTC,True,False
ALIZY,Allianz SE Unsponsored ADR (Germany),OTC,True,True
OTSKY,"Otsuka Holdings Co. Ltd, Tokyo Unsponsored ADR (Japan)",OTC,True,True
DNBBY,DNB BK ASA SPONSORED ADR (Norway),OTC,True,True
SKYQ,Sky Quarry Inc. Common Stock,NASDAQ,True,False
SKYH.WS,"Sky Harbour Group Corporation Warrants, each whole warrant exercisable for one share of Class A common stock at an exercise price of $11.50 per share",NYSE,True,False
SKBL,Skyline Builders Group Holding Limited Class A Ordinary Shares,NASDAQ,True,False
LZAGY,Lonza Group Ag Zuerich Unsponsored ADR (Switzerland),OTC,True,False
SIGIP,"Selective Insurance Group, Inc. Depositary Shares, each representing a 1/1,000th interest in a share of 4.60% Non-Cumulative Preferred Stock, Series B",NASDAQ,True,False
REED,"Reed's, Inc.",AMEX,True,False
SFHG,Samfine Creation Holdings Group Limited Class A Ordinary Share,NASDAQ,True,False
SF.PRD,"Stifel Financial Corp. Depositary Shares, Each Representing 1/1,000th Interest in a Share of 4.50% Non- Cumulative Preferred Stock, Series D",NYSE,True,False
LBGJ,Li Bang International Corporation Inc. Class A Ordinary Shares,NASDAQ,True,False
SF.PRC,"Stifel Financial Corp. Depositary Shares, Each Representing 1/1, 000th Interest in a Share of 6.125% Non Cumulative Preferred Stock, Series C",NYSE,True,False
SF.PRB,"Stifel Financial Corp. Depositary Shares, Each Representing 1/1,000th Interest in a Share of 6.25% Non-Cumulative Preferred Stock, Series B",NYSE,True,False
PTLE,PTL LTD Class A Ordinary Shares,NASDAQ,True,False
ARP,PMV Adaptive Risk Parity ETF,ARCA,True,False
DNNGY,Orsted A/S American Depositary Receipts - Unsponsored,OTC,True,False
FUJIY,FUJIFILM Holdings Corporation American Depositary Shares,OTC,True,True
BLRK,Bluerock Acquisition Corp. Class A Ordinary Shares,NASDAQ,True,False
CSLLY,Csl Ltd SPONSORED ADR (Australia),OTC,True,True
AEAQW,Activate Energy Acquisition Corp. Warrant,NASDAQ,True,False
SEAL.PRA,Seapeak LLC 9.00% Series A Cumulative Redeemable Perpetual Preferred Units,NYSE,True,False
AKZOY,Akzo Nobel N.V. American Depositary Receipts - Sponsored,OTC,True,True
PROSY,Prosus NV Sponsored ADR (Netherlands),OTC,True,True
SSUMY,Sumitomo Corp American Depositary Shares,OTC,True,True
MITSY,MITSUI & CO LTD ADR - Sponsored (Japan),OTC,True,True
MNDR,Mobile-health Network Solutions Class A Ordinary Shares,NASDAQ,True,False
SDHI,Siddhi Acquisition Corp Class A Common stock,NASDAQ,True,False
SDEV,Stablecoin Development Corporation,AMEX,True,False
RHHBY,Roche Holdings AG Basel American Depositary Shares,OTC,True,True
KNYJY,Kone Oyj Unsponsored ADR representing B shares (Finland),OTC,True,True
SDAWW,SunCar Technology Group Inc. Warrant,NASDAQ,True,False
AVTM,Avantis Total Equity Markets ETF,ARCA,True,False
DDTF,Innovator Equity Dual Directional 10 Buffer ETF - February,BATS,True,False
SAZ,Saratoga Investment Corp. 8.50% Notes due 2028,NYSE,True,False
RWT.PRA,"Redwood Trust, Inc. 10.00% Series A Fixed-Rate Reset Cumulative Redeemable Preferred Stock",NYSE,True,False
RWAYI,Runway Growth Finance Corp. 7.25% Notes due 2031,NASDAQ,True,False
DBSDY,Dbs Group Holdings Ltd Ord American Depositary Shares,OTC,True,True
CYPH,Cypherpunk Technologies Inc. Common Stock,NASDAQ,True,False
RWAY,Runway Growth Finance Corp. Common Stock,NASDAQ,True,False
EDPFY,EDP S.A. American Depositary Receipts - Sponsored,OTC,True,True
JLQD,Janus Henderson Corporate Bond ETF,ARCA,True,False
KCDMY,KIMBERLY CLARK DE MEXICO S A B DE C V SPONSORED ADR REPSTG ORD PARTN (Mexico),OTC,True,True
AAGIY,"AIA Group, Ltd. Sponsored American Depository Receipt (Hong Kong)",OTC,True,True
PPERY,PT Bank Mandiri Persero TBK Unsponsored ADR (Indonesia),OTC,True,False
SGBLY,Standard Bank Group Limited Sponsored ADR (South Africa),OTC,True,True
TCEHY,Tencent Holdings Limited Unsponsored ADR Representing B Shares (Cayman Islands),OTC,True,True
KDDIY,KDDI Corporation Unsponsored ADR (Japan),OTC,True,True
RVMDW,"Revolution Medicines, Inc. Warrant",NASDAQ,True,False
TTNDY,Techtronic Industries Company Ltd American Depositary Shares,OTC,True,True
RUMBW,Rumble Inc. Warrant,NASDAQ,True,False
HTHIY,"Hitachi, Ltd. American Depositary Shares",OTC,True,True
NSRGY,NESTLE S A SPONSORED ADR REPSTG REG SH (Switzerland),OTC,True,True
CHNU,2x Chainlink ETF,BATS,True,False
RFAMR,RF Acquisition Corp III Rights,NASDAQ,True,False
ADYEY,Adyen N.V. Unsponsored ADR (Netherlands),OTC,True,True
DDFF,Innovator Equity Dual Directional 15 Buffer ETF - February,BATS,True,False
SWRAY,Swire Pacific Ltd Sponsored ADR representing 1 Class A Share,OTC,True,True
OTGLY,CD Projekt S.A. American Depositary Receipts - Unsponsored (Poland),OTC,True,True
RFAM,RF Acquisition Corp III Ordinary Shares,NASDAQ,True,False
GIWWU,GigCapital8 Corp. Units,NASDAQ,True,False
ZURVY,Zurich Insurance Group Limited Sponsored American Depositary Shares,OTC,True,True
PDPA,Pearl Diver Credit Company Inc. 8.00% Series A Preferred Stock Due 2029,NYSE,True,False
YZCAY,YANKUANG ENERGY GROUP CO LTD American Depositary Receipts - Sponsored,OTC,True,False
ITOCY,Itochu Corp American Depositary Shares,OTC,True,True
FBDC,FT Confluence BDC & Specialty Finance Income ETF,ARCA,True,False
HKXCY,HONG KONG EXCHANGES & CLEARING LTD ADR - Unsponsored (Hong Kong),OTC,True,True
HOCPY,Hoya Corp Sponsored ADR (Japan),OTC,True,True
AHKSY,Asahi Kaisai Corporation American Depositary Shares,OTC,True,False
DAVEW,Dave Inc. Warrants,NASDAQ,True,False
SUHJY,Sun Hung Kai Pptys Ltd Ord American Depositary Shares,OTC,True,True
ADRNY,KONINKLIJKE AHOLD DELHAIZE N V SPONSORED ADR NEW (Netherlands),OTC,True,True
LNVGY,Lenovo Group Ltd Sponsored ADR (Hong Kong),OTC,True,True
SKFRY,SKF AB American Depositary Shares,OTC,True,True
RF.PRE,"Regions Financial Corporation Depositary Shares, Each Representing a 1/40th Interest in a Share of 4.45% Non-Cumulative Perpetual Preferred Stock, Series E",NYSE,True,False
REXR.PRC,"Rexford Industrial Realty, Inc. 5.625% Series C Cumulative Redeemable Preferred Stock, par value $0.01 per share",NYSE,True,False
REA,"Rare Earths Americas, Inc.",AMEX,True,False
RDZNW,"Roadzen, Inc. Warrants",NASDAQ,True,False
TRYIY,Toray Industries Inc ADR,OTC,True,True
CHGCY,Chugai Pharmaceutical Ltd Unsponsored ADR (Japan),OTC,True,True
RDHL,Redhill Biopharma Ltd. American Depositary Shares,NASDAQ,True,False
WAI,Top KingWin Ltd Class A Ordinary Shares,NASDAQ,True,False
RDAGU,Republic Digital Acquisition Company Unit,NASDAQ,True,False
RDACR,Rising Dragon Acquisition Corp. Rights,NASDAQ,True,False
BVC,BitVentures Limited Ordinary Shares,NASDAQ,True,False
IDCBY,Industrial & Commercial Bank of China Ltd representing H shares Unsponsored ADR (China),OTC,True,True
RAC.WS,"Rithm Acquisition Corp. Redeemable warrants, each whole warrant exercisable for one Class A ordinary share at an exercise price of $11.50",NYSE,True,False
BXBLY,Brambles Ltd Sponsored ADR (Australia),OTC,True,True
CIHKY,China Merchants Bank Co Ltd American Depository Receipt (Unsponsored),OTC,True,True
SEOAY,STORA ENSO CORP SPONSORED ADR REPSTG SER R SHS (Finland),OTC,True,False
BAMO,Brookstone Opportunities ETF,BATS,True,False
IMBBY,Imperial Brands PLC American Depositary Receipts - Sponsored,OTC,True,True
QXO.PRB,"QXO, Inc. Depositary Shares, each representing a 1/20th interest in a share of 5.50% Series B Mandatory Convertible Preferred Stock",NYSE,True,False
GLNCY,GLENCORE PLC American Depositary Receipts - Unsponsored,OTC,True,True
GSPY,Gotham Enhanced 500 ETF,ARCA,True,False
IBX,Tradr 2X Long IBM Daily ETF,BATS,True,False
IDUB,Aptus International Enhanced Yield ETF,BATS,True,False
NCL,Northann Corp.,AMEX,True,False
AGRZ,Agroz Inc. Ordinary Shares,NASDAQ,True,False
ALMR,"Alamar Biosciences, Inc. Common Stock",NASDAQ,True,False
APRZ,TrueShares Structured Outcome (April) ETF,BATS,True,False
BABW,Roundhill BABA WeeklyPay ETF,BATS,True,False
BBYY,GraniteShares ETF Trust GraniteShares YieldBOOST BABA ETF,NASDAQ,True,False
BLCR,BlackRock ETF Trust iShares Large Cap Core Active ETF,NASDAQ,True,False
BNAIW,Brand Engagement Network Inc. Warrant,NASDAQ,True,False
BOTT,Themes ETF Trust Themes Humanoid Robotics ETF,NASDAQ,True,False
QXL,Quantum X Labs Inc. Common Stock,NASDAQ,True,False
CMBO,The RBB Fund Trust Wayfinder Dynamic U.S. Interest Rate ETF,NASDAQ,True,False
DHCNL,Diversified Healthcare Trust 6.25% Senior Notes Due 2046,NASDAQ,True,False
EAFG,Pacer Developed Markets Cash Cows Growth Leaders ETF,ARCA,True,False
ETTY,Amplify Ethereum 3% Monthly Option Income ETF,BATS,True,False
FMNY,First Trust New York Municipal High Income ETF,ARCA,True,False
MIELY,Mitsubishi Electric Corp ADR,OTC,True,True
GUTS,"Fractyl Health, Inc. Common Stock",NASDAQ,True,False
HFGO,Hartford Large Cap Growth ETF,BATS,True,False
TKOMY,"Tokio Marine Holdings, Inc. Sponsored ADR (Japan)",OTC,True,True
ASAZY,Assa Abloy AB Unsponsored ADR (Sweden),OTC,True,True
TTDKY,TDK CORP American Depositary Receipts - Sponsored (Japan),OTC,True,True
BACHY,Bank of China Ltd Beijing Unsponsored ADR representing H shares (China),OTC,True,True
BYDDY,BYD Company Ltd Unsponsored ADR representing H Shares (China),OTC,True,True
DCX,Digital Currency X Technology Inc. Class A Ordinary Shares,NASDAQ,True,False
DWSN,Dawson Geophysical Company Common Stock,NASDAQ,True,False
MRAAY,Murata Manufacturing Co Ltd Unsponsored ADR (Japan),OTC,True,True
LKNCY,LUCKIN COFFEE INC American Depositary Shares - Sponsored,OTC,True,True
QSIAW,Quantum-Si Incorporated Warrant,NASDAQ,True,False
KNBWY,"Kirin Holdings Company, Limited Sponsored ADR (Japan)",OTC,True,True
CMPGY,Compass Group Plc American Depositary Receipts - Sponsored,OTC,True,True
FJTSY,FUJITSU LTD ADR 5 COM - Unsponsored (Japan),OTC,True,True
DWAHY,Daiwa House Ind Ltd American Depositary Shares,OTC,True,True
FSUGY,Fortescue Metal Group Ltd American Depositary Shares (Australia),OTC,True,True
NTOIY,NESTE OYJ ADR - Unsponsored (Finland),OTC,True,True
SOUHY,South32 Ltd American Depositary Receipts - Sponsored (Australia),OTC,True,True
XIACY,Xiaomi Corporation American Depositary Receipts - Unsponsored,OTC,True,True
JPXGY,"Japan Exchange Group, Inc. Unsponsored ADR (Japan)",OTC,True,True
DNZOY,Denso Corp Ltd Ord American Depositary Shares,OTC,True,True
PMNT,Perfect Moment Ltd.,AMEX,True,False
CGEN,Compugen Ltd. Ordinary Shares,NASDAQ,True,True
SSEZY,SSE Plc Sponsored ADR (United Kingdom),OTC,True,True
ARTV,"Artiva Biotherapeutics, Inc. Common Stock",NASDAQ,True,True
PNGAY,Ping An Insurance (Group) Company of China Ltd Sponsored ADR (China),OTC,True,True
WMMVY,Wal-mart de Mexico S A B de C V Sponsored ADR representing Series V Shares (Mexico),OTC,True,True
COUR,"Coursera, Inc.",NYSE,True,True
PERI,Perion Network Ltd. Ordinary Shares,NASDAQ,True,True
KWR,Quaker Houghton,NYSE,True,True
OMSE,OMS Energy Technologies Inc. Ordinary Shares,NASDAQ,True,True
VNO,Vornado Realty Trust,NYSE,True,True
DARE,"Dare Bioscience, Inc. Common Stock",NASDAQ,True,True
FGBI,"First Guaranty Bancshares, Inc. Common Stock",NASDAQ,True,True
PSBD,Palmer Square Capital BDC Inc.,NYSE,True,True
MAIN,Main Street Capital Corporation,NYSE,True,False
TLDR,The Laddered T-Bill ETF,BATS,True,False
WHG,"WESTWOOD HOLDINGS GROUP, INC.",NYSE,True,True
SOMN,The Southern Company 2025 Series A Corporate Units,NYSE,True,True
DERM,Journey Medical Corporation Common Stock,NASDAQ,True,True
BMR,Beamr Imaging Ltd. Ordinary Share,NASDAQ,True,True
QRED.RT,QuasarEdge Acquisition Corporation Rights to receive one-fourth (1/4) of one Ordinary Share,NYSE,True,False
CPSH,CPS Technologies Corp. Common Stock,NASDAQ,True,True
CPIX,Cumberland Pharmaceuticals Inc. Common Stock,NASDAQ,True,True
WIZEY,WISE PLC American Depositary Receipts - Sponsored (United Kingdom),OTC,True,False
INVZ,Innoviz Technologies Ltd. Ordinary shares,NASDAQ,True,False
CIGI,Colliers International Group Inc. Subordinate Voting Shares,NASDAQ,True,True
IWDL,ETRACS 2x Leveraged US Value Factor TR ETN,ARCA,True,False
JETU,MAX Airlines 3x Leveraged ETN,ARCA,True,False
EDAP,EDAP TMS S.A. American Depositary Shares,NASDAQ,True,True
KMDA,Kamada Ltd. Ordinary Shares,NASDAQ,True,False
LBTYB,Liberty Global Ltd. Class B Common Shares,NASDAQ,True,False
LSAT,LeaderShares AlphaFactor Tactical Focused ETF,ARCA,True,False
SANG,Sangoma Technologies Corporation Common Shares,NASDAQ,True,True
VRCA,Verrica Pharmaceuticals Inc. Common Stock,NASDAQ,True,True
MNVT,EA Series Trust Moonvest ETF,NASDAQ,True,False
NERD,Roundhill Video Games ETF,BATS,True,False
NXUS,Nuveen International Aggregate Bond ETF,ARCA,True,False
NTRB,Nutriband Inc. Common Stock,NASDAQ,True,True
PTEU,Pacer TrendpilotTM European Index ETF,BATS,True,False
QBUL,TrueShares Quarterly Bull Hedge ETF,BATS,True,False
QHY,WisdomTree U.S. High Yield Corporate Bond Fund,BATS,True,False
BBLGW,Bone Biologics Corp Warrants,NASDAQ,True,False
APXT,Apex Treasury Corporation Class A Ordinary Share,NASDAQ,True,False
APXTW,Apex Treasury Corporation Warrants,NASDAQ,True,False
BCTXL,BriaCell Therapeutics Corp. Warrant expiring 2031,NASDAQ,True,False
ELC,"Entergy Louisiana, LLC Collateral Trust Mortgage Bonds, 4.875 % Series due September 1, 2066",NYSE,True,False
JUNS,"Jupiter Neurosciences, Inc. Common Stock",NASDAQ,True,False
FEDU,"Four Seasons Education (Cayman) Inc. American depositary shares, each representing ten (10) Ordinary Shares",NYSE,True,False
DBOEY,DEUTSCHE BOERSE ADR - Unsponsored (Germany),OTC,True,False
LATAW,Galata Acquisition Corp. II Warrant,NASDAQ,True,False
NEWTO,"NewtekOne, Inc. 8.50% Fixed Rate Senior Notes due 2031",NASDAQ,True,False
PEB.PRE,Pebblebrook Hotel Trust 6.375% Series E Cumulative Redeemable Preferred Shares of Beneficial Interest,NYSE,True,False
PONOU,"Pono Capital Four, Inc. Units",NASDAQ,True,False
TACHW,Titan Acquisition Corp. Warrants,NASDAQ,True,False
TSAT,Telesat Corporation Class A Common Shares and Class B Variable Voting Shares,NASDAQ,True,True
PASG,"Passage Bio, Inc. Common Stock",NASDAQ,True,True
ORN,"Orion Group Holdings, Inc",NYSE,True,True
WRB.PRH,W.R. Berkley Corporation 4.125% Subordinated Debentures due 2061,NYSE,True,False
FSHPU,Flag Ship Acquisition Corp. Unit,NASDAQ,True,False
SMBS,Schwab Mortgage-Backed Securities ETF,ARCA,True,False
SLND.WS,"Southland Holdings, Inc. Redeemable Warrants, each whole warrant exercisable for shares of common stock at an exercise price of $11.50 per share",AMEX,True,False
NEON,Neonode Inc. Common Stock,NASDAQ,True,True
NDLS,Noodles & Company Class A Common Stock,NASDAQ,True,True
NCSM,"NCS Multistage Holdings, Inc. Common Stock",NASDAQ,True,True
ONCHW,1RT Acquisition Corp. Warrant,NASDAQ,True,False
FLNT,"Fluent, Inc. Common Stock",NASDAQ,True,True
VBNK,VersaBank Common Shares,NASDAQ,True,True
TEKX,SSGA Active Trust State Street Galaxy Transformative Tech Accelerators ETF,NASDAQ,True,False
BALY,Bally's Corporation,NYSE,True,False
RDWR,Radware Ltd. Ordinary Shares,NASDAQ,True,True
PUSA,Aureus Greenway Holdings Inc. Common Stock,NASDAQ,True,False
UPXI,"Upexi, Inc. Common Stock",NASDAQ,True,False
LOOP,"Loop Industries, Inc. Common Stock",NASDAQ,True,True
KRT,Karat Packaging Inc. Common Stock,NASDAQ,True,True
IMUX,"Immunic, Inc. Common Stock",NASDAQ,True,True
SLMT,Brera Holdings PLC Class B Ordinary Shares,NASDAQ,True,False
VOC,VOC ENERGY TRUST,NYSE,True,True
STRT,STRATTEC SECURITY CORPORATION Common Stock,NASDAQ,True,True
GRVY,"GRAVITY Co., Ltd. American Depository Shares",NASDAQ,True,True
CBNK,"Capital Bancorp, Inc. Common Stock",NASDAQ,True,True
QEMM,State Street SPDR MSCI Emerging Markets StrategicFactors ETF,ARCA,True,False
JUNP,PGIM S&P 500 Buffer 12 ETF - June,BATS,True,False
WHLRL,"Wheeler Real Estate Investment Trust, Inc. 7.00% Senior Subordinated Convertible Notes Due 2031",NASDAQ,True,False
DRMAW,"Dermata Therapeutics, Inc. Warrant",NASDAQ,True,False
DRTSW,Alpha Tau Medical Ltd. Warrant,NASDAQ,True,False
XRXDW,Xerox Holdings Corporation Warrants,NASDAQ,True,False
TUSK,"Mammoth Energy Services, Inc. Common Stock",NASDAQ,True,True
CPNG,"Coupang, Inc.",NYSE,True,True
OVLY,Oak Valley Bancorp (CA) Common Stock,NASDAQ,True,True
MANE,"Veradermics, Incorporated",NYSE,True,True
SLMBP,"SLM Corporation Floating Rate Non-Cumulative Preferred Stock, Series B",NASDAQ,True,False
SLGL,Sol-Gel Technologies Ltd. Ordinary Shares,NASDAQ,True,False
WSO.B,"Watsco, Inc. Class B",NYSE,True,False
KYNB,"Kyntra Bio, Inc. Common Stock",NASDAQ,True,True
CAPS,Capstone Holding Corp. Common Stock,NASDAQ,True,False
GAMB,Gambling.com Group Limited Ordinary Shares,NASDAQ,True,True
FF,Future Fuel Corporation,NYSE,True,True
KARO,Karooooo Ltd. Ordinary Shares,NASDAQ,True,True
CTEV,Claritev Corporation,NYSE,True,True
GLAD,Gladstone Capital Corporation Common Stock,NASDAQ,True,True
GHI,Greystone Housing Impact Investors LP Beneficial Unit Certificates representing assignments of limited partnership interests,NYSE,True,True
GEOS,Geospace Technologies Corporation Common Stock (Texas),NASDAQ,True,True
GENK,"GEN Restaurant Group, Inc. Class A Common Stock",NASDAQ,True,True
GANX,"Gain Therapeutics, Inc. Common Stock",NASDAQ,True,True
FTCI,"FTC Solar, Inc. Common Stock",NASDAQ,True,True
FSV,FirstService Corporation Common Shares,NASDAQ,True,True
FLXS,"Flexsteel Industries, Inc. Common Stock",NASDAQ,True,True
ESLV,Eventide Large Cap Value ETF,ARCA,True,False
FEUZ,First Trust Exchange-Traded AlphDEX Fund II First Trust Eurozone AlphaDEX ETF,NASDAQ,True,False
INLF,INLIF LIMITED Class A Ordinary Shares,NASDAQ,True,False
FLL,"Full House Resorts, Inc. Common Stock",NASDAQ,True,True
FBRX,"Forte Biosciences, Inc. Common Stock",NASDAQ,True,True
ELVA,Electrovaya Inc. Common Shares,NASDAQ,True,True
MBAV,M3-Brigade Acquisition V Corp. Class A Ordinary shares,NASDAQ,True,False
SLGB,Smart Logistics Global Limited Ordinary Shares,NASDAQ,True,False
EGAN,eGain Corporation Common Stock,NASDAQ,True,True
SLG.PRI,SL GREEN REALTY CORP 6.50% Series I Cumulative Redeemable Preferred Stock,NYSE,True,False
RISR,FolioBeyond Alternative Income and Interest Rate Hedge ETF,ARCA,True,False
QNTM,Quantum Biopharma Ltd. Class B Subordinate Voting Shares,NASDAQ,True,False
DTW,DTE Energy Company 2017 Series E 5.25% Junior Subordinated Debentures due 2077,NYSE,True,True
C.PRN,Citigroup Capital XIII 7.875% Fixed Rate/Floating Rate Trust Preferred Securities,NYSE,True,True
BWFG,"Bankwell Financial Group, Inc. Common Stock",NASDAQ,True,True
QNRX,"Quoin Pharmaceuticals, Ltd. American Depositary Shares",NASDAQ,True,False
BTMD,Biote Corp. Class A Common Stock,NASDAQ,True,True
CSHP,iShares Enhanced Short-Term Bond Active ETF,ARCA,True,False
AGM.PRH,"Federal Agricultural Mortgage Corporation 6.500% Non-Cumulative Preferred Stock, Series H",NYSE,True,False
QCLS,"Q/C Technologies, Inc. Common Stock",NASDAQ,True,False
SGVT,Schwab Government Money Market ETF,ARCA,True,False
QADRU,QDRO Acquisition Corp. Units,NASDAQ,True,False
LSE,"Leishen Energy Holding Co., Ltd. Class A Ordinary Shares",NASDAQ,True,True
LCNB,LCNB Corporation Common Stock,NASDAQ,True,True
CEPT,"Cantor Equity Partners II, Inc. Class A Ordinary Share",NASDAQ,True,True
PYT,Merrill Lynch Depositor PPLUS  Floating Rate Call TR Cert. Ser GSC-2(Goldman Sachs),NYSE,True,False
AEXA,American Exceptionalism Acquisition Corp. A,NYSE,True,True
SLJY,Amplify SILJ Junior Silver Miners Covered Call ETF,ARCA,True,False
KRAQW,KRAKacquisition Corp Warrants,NASDAQ,True,False
LIAM,LifeX 2055 Inflation-Protected Longevity Income ETF,BATS,True,False
PBFS,"Pioneer Bancorp, Inc. Common Stock",NASDAQ,True,True
MBOX,Freedom Day Dividend ETF,ARCA,True,False
MEMS,Matthews International Funds Matthews Emerging Markets Discovery Active ETF,NASDAQ,True,False
GNS,Genius Group Limited,AMEX,True,False
GSIT,GSI Technology Common Stock,NASDAQ,True,True
BSVN,Bank7 Corp. Common stock,NASDAQ,True,True
CCII,Cohen Circle Acquisition Corp. II Class A Ordinary Shares,NASDAQ,True,False
SFBC,"Sound Financial Bancorp, Inc. Common Stock",NASDAQ,True,True
EAF,GrafTech International Ltd.,NYSE,True,True
SB.PRC,"SAFE BULKERS, INC. 8.00%  SER C",NYSE,True,False
METCB,"Ramaco Resources, Inc. Class B Common Stock",NASDAQ,True,True
BIVIW,BioVie Inc. Warrant,NASDAQ,True,False
PSA.PRP,"Public Storage Depositary Shares Each Representing 1/1,000 of a 4.000% Cumulative Preferred Share of Beneficial Interest, Series P",NYSE,True,True
QIS,Simplify Multi-QIS Alternative ETF,ARCA,True,False
QJUN,FT Vest Growth-100 Buffer ETF - June,BATS,True,False
MGYR,"Magyar Bancorp, Inc. Common Stock",NASDAQ,True,True
KWY,Kingsway Corporation,NYSE,True,True
CVEO,Civeo Corporation,NYSE,True,True
BCIC,BCP Investment Corporation Common Stock,NASDAQ,True,True
PVL,Permianville Royalty Trust,NYSE,True,False
LFCR,"Lifecore Biomedical, Inc. Common Stock",NASDAQ,True,True
XRP,Bitwise XRP ETF,ARCA,True,False
CQQQ,Invesco China Technology ETF,ARCA,True,False
DIM,WisdomTree International MidCap Dividend Fund,ARCA,True,False
LE,"Lands' End, Inc. Common Stock",NASDAQ,True,True
MRNOW,Murano Global Investments PLC Warrants,NASDAQ,True,False
MRNX,Defiance Daily Target 2X Long MRNA ETF,ARCA,True,False
ONEH,TrueShares Equity Hedge ETF,BATS,True,False
PLTA,ProShares Ultra PLTR,ARCA,True,False
PSEP,Innovator U.S. Equity Power Buffer ETF - September,BATS,True,False
PSMO,Pacer Swan SOS Moderate (October) ETF,BATS,True,False
GOCO,"GoHealth, Inc. Class A Common Stock",NASDAQ,True,False
RMCF,"Rocky Mountain Chocolate Factory, Inc. Common Stock",NASDAQ,True,False
SAV,Saratoga Investment Corp. 7.50% Notes due 2031,NYSE,True,False
SAY,Saratoga Investment Corp. 8.125% Notes due 2027,NYSE,True,False
JFIN,Jiayin Group Inc. American Depositary Shares,NASDAQ,True,True
HUIZ,Huize Holding Limited American Depositary Shares,NASDAQ,True,True
TRAW,"Traws Pharma, Inc. Common Stock",NASDAQ,True,False
KAOOY,Kao Corporation ADR Repstg 1/5 Com - Unsponsored (Japan),OTC,True,False
FDUS,Fidus Investment Corporation Common Stock,NASDAQ,True,True
COYA,"Coya Therapeutics, Inc. Common Stock",NASDAQ,True,True
DCTH,"Delcath Systems, Inc. Common Stock",NASDAQ,True,True
KNRX,KNOREX LTD.,AMEX,True,False
RTRE,Rareview Total Return Bond ETF,BATS,True,False
USAU,U.S. Gold Corp. Common Stock,NASDAQ,True,True
T.PRC,"AT&T Inc. Depositary Shares, each representing a 1/1,000th interest in a share of 4.750% Perpetual Preferred Stock, Series C",NYSE,True,True
GKOS,Glaukos Corporation,NYSE,True,True
XNAV,FundX Aggressive ETF,ARCA,True,False
BMA,Banco Macro S.A.,NYSE,True,True
BKSE,BNY Mellon US Small Cap Core Equity ETF,ARCA,True,False
ETB,Eaton Vance Tax-Managed Buy-Write Income Fund,NYSE,True,False
IBDV,iShares iBonds Dec 2030 Term Corporate ETF,ARCA,True,False
COHN,Cohen & Company Inc,AMEX,True,True
UAUG,Innovator U.S. Equity Ultra Buffer ETF - August,BATS,True,False
SOHU,Sohu.com Limited American Depositary Shares,NASDAQ,True,True
EP,Empire Petroleum Corporation,AMEX,True,True
BCEM,Baron Emerging Markets Select ETF,NYSE,True,False
SNES,"SenesTech, Inc. Common Stock",NASDAQ,True,True
BWXT,"BWX Technologies, Inc.",NYSE,True,True
DAN,Dana Incorporated,NYSE,True,True
TGL,Treasure Global Inc. Common Stock,NASDAQ,True,False
SNDA,"Sonida Senior Living, Inc.",NYSE,True,True
SMHI,SEACOR Marine Holdings Inc. Common Stock,NYSE,True,True
VOYG,"Voyager Technologies, Inc.",NYSE,True,True
NTDOY,NINTENDO LTD ADR - Unsponsored (Japan),OTC,True,True
PULM,"Pulmatrix, Inc. Common Stock",NASDAQ,True,False
SINGY,Singapore Airlines Ltd Unsponsored ADR (Singapore),OTC,True,True
SLN,Silence Therapeutics Plc American Depository Share,NASDAQ,True,True
SIEGY,SIEMENS AG SPONSORED ADR (Germany),OTC,True,True
SKYH,Sky Harbour Group Corporation,NYSE,True,True
QRHC,Quest Resource Holding Corporation Common Stock,NASDAQ,True,True
PSA.PRR,"Public Storage Depositary Shares Each Representing 1/1,000 of a 4.00% Cumulative Preferred Share of Beneficial Interest, Series R",NYSE,True,True
PSA.PRF,"Public Storage Depositary Shares Each Representing 1/1,000 of a 5.15% Cumulative Preferred Share of Beneficial Interest, Series F, par value $0.01 per share",NYSE,True,True
PPIH,"Perma-Pipe International Holdings, Inc. Common Stock",NASDAQ,True,True
NAII,"Natural Alternatives International, Inc. Common Stock",NASDAQ,True,True
MRDN,Meridian Holdings Inc. Common Stock,NASDAQ,True,True
MRAM,"Everspin Technologies, Inc. Common Stock",NASDAQ,True,True
PTOR,Praetorian Acquisition Corp. Class A Ordinary Shares,NASDAQ,True,False
PSQH.WS,"PSQ Holdings, Inc. Warrants, each exercisable for one share of Class A common stock at an exercise price of $11.50 per share",NYSE,True,False
NEOVW,NeoVolta Inc. Warrant,NASDAQ,True,False
USBC,"USBC, Inc.",AMEX,True,False
TSCDY,TESCO PLC American Depositary Receipts - Sponsored,OTC,True,False
MNR,Mach Natural Resources LP Common Units representing Limited Partner Interests,NYSE,True,True
SYIEY,Symrise Ag Unsponsored ADR (Germany),OTC,True,False
MNOV,Medicinova Inc Common Stock,NASDAQ,True,True
PSNYW,Polestar Automotive Holding UK PLC Class C-1 ADS (ADW),NASDAQ,True,False
PSIG,PS International Group Ltd. Ordinary Shares,NASDAQ,True,False
MKTW,"MarketWise, Inc. Class A Common Stock",NASDAQ,True,True
CSUAY,China Shenhua Energy Co Ltd Unsponsored ADR representing A shs (China),OTC,True,False
PSEC.PRA,Prospect Capital Corporation 5.35% Series A Fixed Rate Cumulative Perpetual Preferred Stock,NYSE,True,False
TOELY,Tokyo Electron Ltd Unsponsored ADR (Japan),OTC,True,True
PSA.PRS,"Public Storage Depositary Shares Each Representing 1/1,000 of a 4.100% Cumulative Preferred Share of Beneficial Interest, Series S",NYSE,True,False
BKCI,BNY Mellon Concentrated International ETF,ARCA,True,False
NNGRY,NN Group NV American Depositary Receipts - Unsponsored (Netherlands),OTC,True,False
MIND,"MIND Technology, Inc. Common Stock (DE)",NASDAQ,True,True
LYEL,"Lyell Immunopharma, Inc. Common Stock",NASDAQ,True,True
LWAY,"Lifeway Foods, Inc. Common Stock",NASDAQ,True,True
LVO,"LiveOne, Inc. Common Stock",NASDAQ,True,True
PSA.PRG,"Public Storage Depositary Shares, Each Representing 1/1,000 of a 5.05% Cumulative Preferred Share of Beneficial Interest, Series G",NYSE,True,False
PRIF.PRL,"Priority Income Fund, Inc. 6.375% Series L Term Preferred Stock Due 2029",NYSE,True,False
LCUT,"Lifetime Brands, Inc. Common Stock",NASDAQ,True,True
PRHIZ,"Presurance Holdings, Inc. 9.75% Senior Unsecured Notes due 2028",NASDAQ,True,False
GLBL,Pacer MSCI World Industry Advantage ETF,BATS,True,False
KRP,"Kimbell Royalty Partners, LP Common Units representing Limited Partner Interests",NYSE,True,True
KKR.PRD,KKR & Co. Inc. 6.25% Series D Mandatory Convertible Preferred Stock,NYSE,True,True
PJFV,PGIM Jennison Focused Value ETF,ARCA,True,False
PRH,"Prudential Financial, Inc. 5.950% Junior Subordinated Notes due 2062",NYSE,True,False
RPAR,RPAR Risk Parity ETF,ARCA,True,False
IPX,IperionX Limited American Depositary Share,NASDAQ,True,True
CREX,"Creative Realities, Inc. Common Stock",NASDAQ,True,True
DSFIY,DSM-FIRMENICH AG American Depositary Receipts - Sponsored (Switzerland),OTC,True,False
SZKMY,Suzuki Motor Corp Unsponsored ADR (Japan),OTC,True,False
RCRUY,Recruit Holdings Co. Ltd. American Depositary Receipts - Unsponsored,OTC,True,False
BIP,Brookfield Infrastructure Partners L.P. Limited Partnership Units,NYSE,True,True
ATLO,Ames National Corporation Common Stock,NASDAQ,True,True
NPT,Texxon Holding Limited Ordinary shares,NASDAQ,True,False
ASRT,"Assertio Holdings, Inc. Common Stock",NASDAQ,True,True
ARTNA,Artesian Resources Corporation Class A Common Stock,NASDAQ,True,True
PPHC,"Public Policy Holding Company, Inc. Common Stock",NASDAQ,True,False
JSAIY,J Sainsbury Plc Sponsored ADR NEW (UK),OTC,True,False
ARKR,Ark Restaurants Corp. Common Stock,NASDAQ,True,True
AP,Ampco-Pittsburgh Corp.,NYSE,True,True
AOUT,"American Outdoor Brands, Inc. Common Stock",NASDAQ,True,True
SND,"Smart Sand, Inc. Common Stock",NASDAQ,True,True
PPBT,Purple Biotech Ltd. American Depositary Shares,NASDAQ,True,False
USB.PRH,"US Bancorp Depositary Shares (1/1,000 Interest in Ser. B Non-Cum. Prptl. Prfrd. Stock)",NYSE,True,True
POLEW,Andretti Acquisition Corp. II Warrant,NASDAQ,True,False
TOUR,Tuniu Corporation American Depositary Shares,NASDAQ,True,True
FTFT,Future FinTech Group Inc. Common Stock,NASDAQ,True,True
BEPH,Brookfield BRP Holdings (Canada) Inc. 4.625% Perpetual Subordinated Notes,NYSE,True,True
CAAS,"China Automotive Systems, Inc. Ordinary Share",NASDAQ,True,True
PNFP.PRC,"Pinnacle Financial Partners, Inc. Depositary shares, each representing 1/40th interest in a share of 6.75% Fixed-Rate Non-Cumulative Perpetual Preferred Stock, Series C",NYSE,True,False
HQI,"HireQuest, Inc. Common Stock (DE)",NASDAQ,True,True
PEW.WS,"GrabAGun Digital Holdings Inc. Warrants, each whole warrant exercisable to purchase one share of Common Stock at an exercise price of $11.50 per share",NYSE,True,False
REW,Proshares UltraShort Technology,ARCA,True,False
STHO,Star Holdings Shares of Beneficial Interest,NASDAQ,True,True
TANH,Tantech Holdings Ltd. Class A Common Shares,NASDAQ,True,False
STEM,"Stem, Inc.",NYSE,True,True
PETZ,"TDH Holdings, Inc. Common Shares",NASDAQ,True,False
NATR,"Nature's Sunshine Products, Inc. Common Stock",NASDAQ,True,True
IMOS,ChipMOS TECHNOLOGIES INC. American Depositary Shares,NASDAQ,True,True
ATHE,Alterity Therapeutics Limited American Depositary Shares,NASDAQ,True,True
GOOW,Roundhill GOOGL WeeklyPay ETF,BATS,True,False
GREE,Greenidge Generation Holdings Inc. Class A Common Stock,NASDAQ,True,True
PEB.PRG,Pebblebrook Hotel Trust 6.375% Series G Cumulative Redeemable Preferred Shares of Beneficial Interest,NYSE,True,False
EVAX,Evaxion A/S American Depositary Share,NASDAQ,True,True
ESTA,Establishment Labs Holdings Inc. Common Shares,NASDAQ,True,True
ESEA,Euroseas Ltd. Common Stock (Marshall Islands),NASDAQ,True,True
PCTTW,"PureCycle Technologies, Inc. Warrant",NASDAQ,True,False
PCTTU,"PureCycle Technologies, Inc. Unit",NASDAQ,True,False
PCLA,PicoCELA Inc. American Depositary Shares,NASDAQ,True,False
PALOW,Paloma Acquisition Corp I Warrants,NASDAQ,True,False
MITEY,Mitsubishi Estate Co Ltd American Depositary Shares,OTC,True,False
ESCA,"Escalade, Incorporated Common Stock",NASDAQ,True,True
CLIR,ClearSign Technologies Corporation Common Stock (DE),NASDAQ,True,True
PALOU,Paloma Acquisition Corp I Units,NASDAQ,True,False
PALO,Paloma Acquisition Corp I Class A Ordinary Shares,NASDAQ,True,False
MOG.B,MOOG INC CL B,NYSE,True,False
BW.PRA,"Babcock & Wilcox Enterprises, Inc. 7.75% Series A Cumulative Perpetual Preferred Stock",NYSE,True,False
NEE.PRS,"NextEra Energy, Inc. 7.299% Corporate Units",NYSE,True,True
PAC,"Grupo Aeroportuario del Pacifico, S.A.B. de C.V. Amer. Dep. Shares (each rep. 10 Ser. B shares)",NYSE,True,True
NEE.PRT,"NextEra Energy, Inc. 7.234% Corporate Units",NYSE,True,True
PAII.WS,"Pyrophyte Acquisition Corp. II Warrants, each whole warrant exercisable for one Class A Ordinary Share at an exercise price of $11.50 per share",NYSE,True,False
IMTG,Invesco Agency MBS ETF,BATS,True,False
OXLCM,"Oxford Lane Capital Corp. Preferred Stock Shares, 8.25% Series 2031",NASDAQ,True,False
AREN,"The Arena Group Holdings, Inc.",AMEX,True,True
DWTX,"Dogwood Therapeutics, Inc. Common Stock",NASDAQ,True,True
MEVOW,M Evo Global Acquisition Corp II Warrants,NASDAQ,True,False
LAFA,LaFayette Acquisition Corp. Ordinary Share,NASDAQ,True,False
DLHC,DLH Holdings Corp.,NASDAQ,True,True
BEP,Brookfield Renewable Partners L.P.,NYSE,True,True
OXLCL,Oxford Lane Capital Corp. 6.75% Notes due 2031,NASDAQ,True,False
OXLCI,Oxford Lane Capital Corp. 8.75% Notes due 2030,NASDAQ,True,False
OXBRW,Oxbridge Re Holdings Limited Warrant expiring 3/26/2029,NASDAQ,True,False
ATOM,Atomera Incorporated Common Stock,NASDAQ,True,True
ITAN,Sparkline Intangible Value ETF,ARCA,True,False
GLOO,"Gloo Holdings, Inc. Class A Common Stock",NASDAQ,True,False
REGS,Columbia Large Cap Growth ETF,ARCA,True,False
OXBR,Oxbridge Re Holdings Limited Ordinary Shares,NASDAQ,True,False
EMPB,Efficient Market Portfolio Plus ETF,ARCA,True,False
ASMB,"Assembly Biosciences, Inc. Common Stock",NASDAQ,True,True
KNSA,"Kiniksa Pharmaceuticals International, plc Class A Ordinary Shares",NASDAQ,True,True
SGPYY,Sage Group Plc Unsponsored ADR (UK),OTC,True,False
AGEN,Agenus Inc. Common Stock,NASDAQ,True,True
OPP.PRA,"RiverNorth/DoubleLine Strategic Opportunity Fund, Inc. 4.375% Series A Cumulative Preferred Stock",NYSE,True,False
VWAPY,Volkswagen A G Unsponsored ADR Representing 10:1 Pref Shes,OTC,True,False
ARQQ,Arqit Quantum Inc. Ordinary Shares,NASDAQ,True,False
XYF,"X Financial American Depositary Shares, each representing six Class A Ordinary Shares",NYSE,True,True
FSRCY,First Resources Ltd Unsponsored ADR (Singapore),OTC,True,False
VTSI,"VirTra, Inc. Common Stock",NASDAQ,True,True
OPENZ,"Opendoor Technologies Inc Series Z Warrants, each whole warrant exercisable to purchase one share of Common Stock at an exercise price of $17.00 per warrant",NASDAQ,True,False
OPENL,"Opendoor Technologies Inc Series A Warrants, each whole warrant exercisable to purchase one share of Common Stock at an exercise price of $13.00 per warrant",NASDAQ,True,False
DUOT,"Duos Technologies Group, Inc. Common Stock",NASDAQ,True,True
FCAP,"First Capital, Inc. Common Stock",NASDAQ,True,True
OLB,"The OLB Group, Inc. Common Stock",NASDAQ,True,False
PAMT,PAMT CORP Common Stock,NASDAQ,True,True
DOGG,FT Vest DJIA Dogs 10 Target Income ETF,BATS,True,False
OAK.PRB,"Brookfield Oaktree Holdings, LLC 6.550% Series B Preferred Units",NYSE,True,False
MJSC,MUFG Japan Small Cap Active ETF,ARCA,True,False
OAK.PRA,"Brookfield Oaktree Holdings, LLC 6.625% Series A Preferred units",NYSE,True,False
AVBH,"Avidbank Holdings, Inc. Common Stock",NASDAQ,True,True
BELFA,Bel Fuse Inc. Class A Common Stock,NASDAQ,True,True
ASR,"Grupo Aeroportuario del Sureste, S.A. de C.V. American Depositary Shares",NYSE,True,True
CGABL,The Carlyle Group Inc. 4.625% Subordinated Notes due 2061,NASDAQ,True,False
CDLX,"Cardlytics, Inc. Common Stock",NASDAQ,True,False
CGSM,Capital Group Short Duration Municipal Income ETF,ARCA,True,False
TWIN,"Twin Disc, Incorporated Common Stock",NASDAQ,True,True
MLP,Maui Land & Pineapple Co.,NYSE,True,True
GBFH,GBank Financial Holdings Inc. Common Stock,NASDAQ,True,True
DTG,DTE Energy Company 2021 Series E 4.375% Junior Subordinated Debentures,NYSE,True,True
WFC.PRA,"Wells Fargo & Company Depositary Shares, each representing a 1/1, 000th interest in a share of Non-Cumulative Perpetual Class A Preferred Stock, Series AA",NYSE,True,True
EVHY,Eaton Vance High Yield ETF,ARCA,True,False
NVNO,enVVeno Medical Corporation Common Stock,NASDAQ,True,True
EQH.PRC,"Equitable Holdings, Inc. Depositary Shares, each representing a 1/1, 000th interest in a share of Fixed Rate Noncumulative Perpetual Preferred Stock, Series C",NYSE,True,True
OACCW,Oaktree Acquisition Corp. III Life Sciences Warrant,NASDAQ,True,False
EVI,"EVI Industries, Inc.",AMEX,True,False
OACCU,Oaktree Acquisition Corp. III Life Sciences Unit,NASDAQ,True,False
OACC,Oaktree Acquisition Corp. III Life Sciences Class A Ordinary Share,NASDAQ,True,False
ATLC,Atlanticus Holdings Corporation Common Stock,NASDAQ,True,True
NXTS,Nexentis Technologies Inc. Common Stock,NASDAQ,True,False
NXPL,NextPlat Corp Common Stock,NASDAQ,True,False
MHD,"Blackrock Muniholdings Fund, Inc.",NYSE,True,False
ACNT,Ascent Industries Co. Common Stock,NASDAQ,True,True
PCYO,Pure Cycle Corporation Common Stock,NASDAQ,True,True
C.PRR,"Citigroup Inc. Depositary Shares, Each Representing a 1/1,000th Interest in a Share of 6.250% Noncumulative Preferred Stock, Series II",NYSE,True,True
NXL,"Nexalin Technology, Inc. Common Stock",NASDAQ,True,False
NOMA,NOMADAR Corp. Class A Common Stock,NASDAQ,True,False
NOEMW,CO2 Energy Transition Corp. Warrant,NASDAQ,True,False
BSBK,Bogota Financial Corp. Common Stock,NASDAQ,True,True
BH,Biglari Holdings Inc. Class B Common Stock,NYSE,True,True
RBKB,"Rhinebeck Bancorp, Inc. Common Stock",NASDAQ,True,True
NOEMU,CO2 Energy Transition Corp. Unit,NASDAQ,True,False
FINW,FinWise Bancorp Common Stock,NASDAQ,True,True
CTS,CTS Corporation,NYSE,True,True
KIM.PRL,"Kimco Realty Corporation Class L Depositary Shares, each of which represents a one-one thousandth fractional interest in a share of 5.125% Class L Cumulative Redeemable Preferred Stock, liquidation preference $25,000.00 per share",NYSE,True,True
YSWY,"Yesway, Inc. Class A Common Stock",NASDAQ,True,True
OVBC,Ohio Valley Banc Corp. Common Stock,NASDAQ,True,True
CFFI,C&F Financial Corporation Common Stock,NASDAQ,True,True
NLY.PRJ,"Annaly Capital Management, Inc. 8.875% Series J Fixed-Rate Cumulative Redeemable Preferred Stock",NYSE,True,False
FUNC,First United Corporation Common Stock,NASDAQ,True,True
NLY.PRF,"Annaly Capital Management, Inc. 6.95% Series F Fixed-to-Floating Rate Cumulative Redeemable Preferred Stock",NYSE,True,False
QETA,Quetta Acquisition Corporation Common Stock,NASDAQ,True,True
DCBG,"Dime Community Bancshares, Inc. 9.000% Junior Subordinated Notes",NYSE,True,True
ABLD,Abacus FCF Real Assets Leaders ETF,BATS,True,False
BRKRP,"Bruker Corporation 6.375% Mandatory Convertible Preferred Stock, Series A",NASDAQ,True,True
BAC.PRL,"Bank Of America Corporation 7.25% Non-Cumulative Perpetual Convertible Preferred Stock, Series L",NYSE,True,True
LFMD,"LifeMD, Inc. Common Stock",NASDAQ,True,True
CKX,"CKX Lands, Inc.",AMEX,True,True
NIVF,NewGenIvf Group Limited Class A Ordinary Shares,NASDAQ,True,False
AVBC,"Avidia Bancorp, Inc.",NYSE,True,True
UFI,"UNIFI, Inc. New",NYSE,True,True
NGL.PRC,NGL Energy Partners LP 9.625% Class C Fixed-to-Floating Rate Cumulative Redeemable Perpetual Preferred Units representing limited partner interests,NYSE,True,False
AFBI,"Affinity Bancshares, Inc. Common Stock (MD)",NASDAQ,True,True
NGL.PRB,NGL Energy Partners LP 9.00% Class B Fixed-to-Floating Rate Cumulative Redeemable Perpetual Preferred Units representing limited partnership interests,NYSE,True,False
WEICY,Weichai Power Co Ltd Unsponsored ADR (China),OTC,True,False
NEWTI,"NewtekOne, Inc. 8.00% Fixed Rate Senior Notes due 2028",NASDAQ,True,False
MH,"McGraw Hill, Inc.",NYSE,True,True
NEWTH,"NewtekOne, Inc. 8.625% Fixed Rate Senior Notes due 2029",NASDAQ,True,False
NEWTG,"NewtekOne, Inc. 8.50% Fixed Rate Senior Notes due 2029",NASDAQ,True,False
HSHP,Himalaya Shipping Ltd.,NYSE,True,True
DTEGY,DEUTSCHE TELEKOM AG SPONSORED ADR  (Germany),OTC,True,True
FRMEP,First Merchants Corporation Depository Shares,NASDAQ,True,False
ASPSZ,Altisource Portfolio Solutions S.A. Cash Exercise Stakeholder Warrants,NASDAQ,True,False
MSW,Ming Shing Group Holdings Limited Ordinary Shares,NASDAQ,True,False
ASPSW,Altisource Portfolio Solutions S.A. Net Settle Stakeholder Warrants,NASDAQ,True,False
ASPCU,A SPAC III Acquisition Corp. Unit,NASDAQ,True,False
ASPCR,A SPAC III Acquisition Corp. Right,NASDAQ,True,False
SIF,"SIFCO Industries, Inc.",AMEX,True,False
ALAR,Alarum Technologies Ltd. American Depositary Share,NASDAQ,True,False
ZENA,"ZenaTech, Inc. Common Stock",NASDAQ,True,False
AKTX,Akari Therapeutics plc ADS,NASDAQ,True,False
AIZN,"Assurant, Inc. 5.25% Subordinated Notes due 2061",NYSE,True,False
AIXI,XIAO-I Corporation American Depositary Shares,NASDAQ,True,False
AIXC,"AIxCrypto Holdings, Inc. Common Stock",NASDAQ,True,False
MOVE,"Corvex, Inc. Common Stock",NASDAQ,True,False
HFRO.PRA,Highland Opportunities and Income Fund 5.375% Series A Cumulative Preferred Shares,NYSE,True,False
GTENU,"Gores Holdings X, Inc. Units",NASDAQ,True,False
MOBXW,"Mobix Labs, Inc Warrants",NASDAQ,True,False
GLP.PRB,Global Partners LP 9.50% Series B Fixed Rate Cumulative Redeemable Perpetual Preferred Units representing limited partner interests,NYSE,True,False
DVA,DaVita Inc.,NYSE,True,True
GLMD,Galmed Pharmaceuticals Ltd. Ordinary Shares,NASDAQ,True,False
GLED,GalaxyEdge Acquisition Corporation,NYSE,True,False
GLE,Global Engine Group Holding Limited Class A Ordinary Shares,NASDAQ,True,False
MOBI,"Mobia Medical, Inc. Common Stock",NASDAQ,True,False
GIX,GigCapital9 Corp. Class A Ordinary Share,NASDAQ,True,False
GEHDY,Great Eastern Holdings Ltd Unsponsored ADR (Singapore),OTC,True,False
GGT.PRE,The Gabelli Multimedia Trust Inc. 5.125 Percent Series E Cumulative Preferred Stock,NYSE,True,False
NGG,National Grid PLC,NYSE,True,False
GGR,Gogoro Inc. Ordinary Shares,NASDAQ,True,False
LNAI,Lunai Bioworks Inc. Common Stock,NASDAQ,True,False
LKSPR,Lake Superior Acquisition Corp. Rights,NASDAQ,True,False
GUNR,FlexShares Global Upstream Natural Resources Index Fund,ARCA,True,True
LKSP,Lake Superior Acquisition Corp. Class A Ordinary Shares,NASDAQ,True,False
GECCO,Great Elm Capital Corp. 5.875% Notes due 2026,NASDAQ,True,False
LITS,"Lite Strategy, Inc. Common Stock",NASDAQ,True,False
LIMNW,"Liminatus Pharma, Inc. Warrants",NASDAQ,True,False
HLNE,Hamilton Lane Incorporated Class A Common Stock,NASDAQ,True,True
GAUZ,Gauzy Ltd. Ordinary Shares,NASDAQ,True,False
LIMN,"Liminatus Pharma, Inc. Class A Common Stock",NASDAQ,True,False
AVAL,GRUPO AVAL ACCIONES Y VALORES S.A.,NYSE,True,False
LATAU,Galata Acquisition Corp. II Units,NASDAQ,True,False
RELY,"Remitly Global, Inc. Common Stock",NASDAQ,True,True
BRUNW,Boost Run Inc. Warrant,NASDAQ,True,False
ZIVO,"Zivo Bioscience, Inc. Common Stock",OTC,True,False
EWN,iShares MSCI Netherlands ETF,ARCA,True,False
POOL,Pool Corporation Common Stock,NASDAQ,True,True
FGSN,"F&G Annuities & Life, Inc. 7.300% Junior Subordinated Notes due 2065",NYSE,True,False
NINE,"Nine Energy Service, Inc.",AMEX,True,False
LANV.WS,"Lanvin Group Holdings Limited Redeemable Warrants, each whole warrant exercisable for one Ordinary Share at an exercise price of $11.50",NYSE,True,False
FGNXP,FG Nexus Inc. 8.00% Cumulative Preferred Stock,NASDAQ,True,False
FGL,Founder Group Limited Class A Ordinary Shares,NASDAQ,True,False
EVMN,"Evommune, Inc.",NYSE,True,False
JXG,JX Luxventure Group Inc. Common Stock,NASDAQ,True,False
RARE,Ultragenyx Pharmaceutical Inc. Common Stock,NASDAQ,True,True
EURK,Eureka Acquisition Corp Class A Ordinary Share,NASDAQ,True,False
EPSM,Epsium Enterprise Limited Class A Ordinary Shares,NASDAQ,True,False
JWEL,Jowell Global Ltd. Ordinary Shares,NASDAQ,True,False
JVA,"Coffee Holding Co., Inc. Common Stock",NASDAQ,True,False
ELTX,"Elicio Therapeutics, Inc. Common Stock",NASDAQ,True,False
ELSE,"Electro-Sensors, Inc. Common Stock",NASDAQ,True,False
JFU,9F Inc. American Depositary Shares,NASDAQ,True,False
SSYS,"Stratasys, Ltd. Ordinary Shares (Israel)",NASDAQ,True,True
PTBRY,Pt Bank Negara Indonesia (Persero) Unsponsored ADR (Indonesia),OTC,True,False
DYNCU,Dynamix Corporation Unit,NASDAQ,True,False
DUO,Fangdd Network Group Ltd. Class A Ordinary Shares,NASDAQ,True,False
JENA.U,"Jena Acquisition Corporation II Units, each consisting of one Class A ordinary share and one right",NYSE,True,False
DUKB,Duke Energy Corporation 5.625% Junior Subordinated Debentures due 2078,NYSE,True,False
DUK.PRA,"Duke Energy Corporation Depositary Shares, each representing a 1/1,000th interest in a share of 5.75% Series A Cumulative Redeemable Perpetual Preferred Stock",NYSE,True,False
DTST,Data Storage Corporation Common Stock,NASDAQ,True,False
JENA.RT,"Jena Acquisition Corporation II Rights, each right to acquire one-twentieth (1/20) of one Class A ordinary share",NYSE,True,False
DTSS,Datasea Intelligent Technology Ltd. Class A Ordinary Shares,NASDAQ,True,False
HLX,"Helix Energy Solutions Group, Inc.",NYSE,True,True
DSY,Big Tree Cloud Holdings Limited Class A Ordinary Shares,NASDAQ,True,False
DSWL,"Deswell Industries, Inc. Common Shares",NASDAQ,True,False
DRDBW,Roman DBDR Acquisition Corp. II Warrants,NASDAQ,True,False
MONDY,MONDI PLC ADR NEW - Unsponsored (United Kingdom),OTC,True,False
JDZG,JIADE LIMITED Class A Ordinary Shares,NASDAQ,True,False
DHCNI,Diversified Healthcare Trust 5.625% Senior Notes due 2042,NASDAQ,True,False
JCTC,Jewett-Cameron Trading Company Common Shares,NASDAQ,True,False
IXHL,Incannex Healthcare Inc. Common Stock,NASDAQ,True,False
CRAQU,Cal Redwood Acquisition Corp. Units,NASDAQ,True,False
WTGUR,Wintergreen Acquisition Corp. Rights,NASDAQ,True,False
CRAQR,Cal Redwood Acquisition Corp. Right,NASDAQ,True,False
IRAB.U,"Iris Acquisition Corp II Units, each consisting of one Class A Ordinary Share and one-half of one redeemable Warrant",NYSE,True,False
COF.PRI,"Capital One Financial Corporation Depositary shares each representing a 1/40th interest in a share of Fixed Rate Non-Cumulative Perpetual Preferred Stock, Series I",NYSE,True,False
CNSP,"CNS Pharmaceuticals, Inc. Common Stock",NASDAQ,True,False
CNOBP,"ConnectOne Bancorp, Inc. Depositary Shares, each representing a 1/40th interest in a share of 5.25% Fixed-Rate Reset Non-Cumulative Perpetual Preferred Stock, Series A",NASDAQ,True,False
DGS,WisdomTree Emerging Markets SmallCap Dividend Fund,ARCA,True,True
CDT,CDT Equity Inc. Common Stock,NASDAQ,True,False
IPODW,Dune Acquisition Corporation II Warrants,NASDAQ,True,False
GEMD,Goldman Sachs Access Emerging Markets USD Bond ETF,BATS,True,True
CNET,ZW Data Action Technologies Inc. Common Stock,NASDAQ,True,False
CMRE.PRC,"COSTAMARE INC. 8.50% Series C Cumulative Redeemable Perpetual Preferred Stock, $0.0001 par value",NYSE,True,False
CMRE.PRB,Costamare Inc. 7.625% Series B Cumulative Redeemable Perpetual Preferred Stock,NYSE,True,False
CLPS,CLPS Incorporation Common Stock,NASDAQ,True,False
IPOD,Dune Acquisition Corporation II Class A Ordinary Shares,NASDAQ,True,False
IPDN,"Professional Diversity Network, Inc. Common Stock",NASDAQ,True,False
GIS,"General Mills, Inc.",NYSE,True,True
CLDI,"Calidi Biotherapeutics, Inc.",AMEX,True,False
JAN,"Janus Living, Inc.",NYSE,True,True
CLBR.U,"Colombier Acquisition Corp. III Units, each consisting of one Class A ordinary share and one-eighth of one redeemable warrant",NYSE,True,False
INTS,"Intensity Therapeutics, Inc. Common stock",NASDAQ,True,False
IEAGR,Infinite Eagle Acquisition Corp. Rights,NASDAQ,True,False
CLBR,Colombier Acquisition Corp. III,NYSE,True,False
SIEB,Siebert Financial Corp. Common Stock,NASDAQ,True,True
TGEN,Tecogen Inc.,AMEX,True,True
CISS,C3is Inc. Common Stock,NASDAQ,True,False
CIMP,Chimera Investment Corporation 8.875% Senior Notes due 2030,NYSE,True,False
CHECW,Chenghe Acquisition III Co. Warrants,NASDAQ,True,False
BRLT,"Brilliant Earth Group, Inc. Class A Common Stock",NASDAQ,True,False
OZ,"Belpointe PREP, LLC Class A Units",AMEX,True,True
CTNM,"Contineum Therapeutics, Inc. Class A Common Stock",NASDAQ,True,True
CVGI,"Commercial Vehicle Group, Inc. Common Stock",NASDAQ,True,True
BKKLY,Bangkok Bank  Public Co Ltd Unsponsored ADR representing Ordinary Shares (Thailand),OTC,True,False
ENTX,Entera Bio Ltd. Ordinary Shares,NASDAQ,True,True
CCHH,CCH Holdings Ltd Class A Ordinary Shares,NASDAQ,True,False
VONOY,VONOVIA SE Unsponsored ADR (Germany),OTC,True,False
BWIV,Blue Water Acquisition Corp. IV,NYSE,True,False
BOH.PRA,"Bank of Hawaii Corporation Depositary Shares Each Representing a 1/40th Interest in a Share of 4.375% Fixed Rate Non- Cumulative Perpetual Preferred Stock, Series A",NYSE,True,False
VWDRY,VESTA WIND SYSTEMS A/S UNSPONSORED ADR REPSTG 3 ORD SHS (Denmark),OTC,True,False
IEAG,Infinite Eagle Acquisition Corp. Class A Ordinary Shares,NASDAQ,True,False
PAVS,Paranovus Entertainment Technology Ltd. Class A Ordinary Shares,NASDAQ,True,False
IBTQ,iShares Trust iShares iBonds Dec 2035 Term Treasury ETF,NASDAQ,True,False
IBTR,iShares Trust iShares iBonds Dec 2036 Term Treasury ETF,NASDAQ,True,False
BNZIW,"Banzai International, Inc. Warrant",NASDAQ,True,False
IDACU,Iron Dome Acquisition I Corp. Units,NASDAQ,True,False
NVBU,AllianzIM U.S. Equity Buffer15 Uncapped Nov ETF,BATS,True,False
NVBW,AllianzIM U.S. Equity Buffer20 Nov ETF,BATS,True,False
GCLWW,GCL Global Holdings Ltd Warrants,NASDAQ,True,False
BNZI,"Banzai International, Inc. Class A Common Stock",NASDAQ,True,False
BNAI,Brand Engagement Network Inc. Common Stock,NASDAQ,True,False
GPATU,GP-Act III Acquisition Corp. Units,NASDAQ,True,False
BML.PRJ,"Bank of America Depositary Shares(Each representing 1/1200th interest in a share of Bank of America Corporation Floating Rate Non-Cumulative Preferred Stock, Series4)",NYSE,True,False
GPAT,GP-Act III Acquisition Corp. Class A Ordinary Share,NASDAQ,True,False
BIPJ,Brookfield Infrastructure Finance ULC 7.250% Subordinated Notes due 2084,NYSE,True,False
ECOR,"electroCore, Inc. Common Stock",NASDAQ,True,True
BIPH,Brookfield Infrastructure Finance ULC 5.000% Subordinated Notes due 2081,NYSE,True,False
BIAFW,"bioAffinity Technologies, Inc. Warrant",NASDAQ,True,False
RDAG,Republic Digital Acquisition Company Class A Ordinary Shares,NASDAQ,True,False
BIAF,"bioAffinity Technologies, Inc. Common Stock",NASDAQ,True,False
LPSN,"LivePerson, Inc. Common Stock",NASDAQ,True,False
HCIC,Hennessy Capital Investment Corp. VIII Class A Ordinary Shares,NASDAQ,True,False
FIGX,FIGX Capital Acquisition Corp. Class A Ordinary Share,NASDAQ,True,False
ICCC,ImmuCell Corporation Common Stock,NASDAQ,True,False
GBR,New Concept Energy Inc,AMEX,True,False
BFH.PRB,"Bread Financial Holdings, Inc. Depositary Shares, each representing a 1/40th interest in a share of 8.875% Fixed Rate Reset Non-Cumulative Perpetual Preferred Stock, Series B",NYSE,True,False
BESS.WS,"Bimergen Energy Corporation Warrants, each share exercisable to purchase one share of Common Stock",AMEX,True,False
FLYX,"flyExclusive, Inc.",AMEX,True,False
HCHL,Happy City Holdings Limited Class A Ordinary shares,NASDAQ,True,False
BEEP,Mobile Infrastructure Corporation Common Stock,NASDAQ,True,False
BEEM,Beam Global Common Stock,NASDAQ,True,False
AAPR,Innovator Equity Defined Protection ETF - 2 Yr to April 2028,BATS,True,False
BDMDW,Baird Medical Investment Holdings Ltd Warrant,NASDAQ,True,False
BDMD,Baird Medical Investment Holdings Ltd Ordinary Share,NASDAQ,True,False
BCAR,D. Boral ARC Acquisition I Corp. Class A Ordinary Shares,NASDAQ,True,False
BAERW,"Bridger Aerospace Group Holdings, Inc. Warrant",NASDAQ,True,False
BNCWZ,CEA Industries Inc. Warrant,NASDAQ,True,False
FITBP,"Fifth Third Bancorp Depositary Shares each representing 1/40th share of Fifth Third 6.00% Non-Cumulative Perpetual Class B Preferred Stock, Series A",NASDAQ,True,False
BACC,Blue Acquisition Corp. Class A Ordinary Shares,NASDAQ,True,False
BAC.PRS,"Bank of America Corporation Depositary shares, each representing 1/1,000th interest in a share of 4.750% Non-Cumulative Preferred Stock, Series SS",NYSE,True,False
FITBM,"Fifth Third Bancorp Depositary Shares Representing a 1/40th Ownership Interest in a Share of 6.875% Fixed-Rate Reset Non-Cumulative Perpetual Preferred Stock, Series M",NASDAQ,True,False
FERAU,Fifth Era Acquisition Corp I Units,NASDAQ,True,False
ATLCL,Atlanticus Holdings Corporation 6.125% Senior Notes due 2026,NASDAQ,True,False
ATIIW,Archimedes Tech SPAC Partners II Co. Warrant,NASDAQ,True,False
MTNB,"Matinas BioPharma Holdings, Inc.",AMEX,True,False
ATHS,Athene Holding Ltd. 7.250% Fixed-Rate Reset Junior Subordinated Debentures due 2064,NYSE,True,False
ATHR,"Aether Holdings, Inc. Common Stock",NASDAQ,True,False
ATH.PRB,"Athene Holding Ltd. Depositary Shares, Each Representing a 1/1,000th Interest in a 5.625% Fixed Rate Perpetual Non- Cumulative Preference Share, Series B, par value $1.00 per share",NYSE,True,False
ATER,"Aterian, Inc. Common Stock",NASDAQ,True,False
MITQ,"Moving iMage Technologies, Inc.",AMEX,True,False
CYCU,"Cycurion, Inc. Common Stock",NASDAQ,True,False
AGESY,Ageas Sponsored ADR (Belgium),OTC,True,False
ZLNDY,ZALANDO SE  American Depositary Receipts - Unsponsored (Germany),OTC,True,False
ATCX,Atlas Critical Minerals Corporation Common Stock,NASDAQ,True,False
EEIQ,EpicQuest Education Group International Limited Common Stock,NASDAQ,True,False
EDUC,Educational Development Corporation Common Stock,NASDAQ,True,False
ASTLW,Algoma Steel Group Inc. Warrant,NASDAQ,True,False
EDN,Empresa Distribuidora Y Comercializadora Norte S.A. (Edenor),NYSE,True,False
ASTI,"Ascent Solar Technologies, Inc. Common Stock",NASDAQ,True,False
ASTC,Astrotech Corporation (DE) Common Stock,NASDAQ,True,False
SSREY,SWISS RE SPONSORED ADR (Switzerland),OTC,True,False
ASPC,A SPAC III Acquisition Corp. Class A Ordinary Shares,NASDAQ,True,False
ARES.PRB,Ares Management Corporation 6.75% Series B Mandatory Convertible Preferred Stock,NYSE,True,False
ARCIW,Archimedes Tech SPAC Partners III Co. Warrant,NASDAQ,True,False
ARCIU,Archimedes Tech SPAC Partners III Co. Units,NASDAQ,True,False
ARBEW,Arbe Robotics Ltd. Warrant,NASDAQ,True,False
COF.PRK,"Capital One Financial Corporation Depositary Shares, Each Representing a 1/40th Ownership Interest in a Share of Fixed Rate Non-Cumulative Perpetual Preferred Stock, Series K",NYSE,True,False
PAAU,T-REX 2X Long PAAS Daily Target ETF,BATS,True,False
FJET,"Starfighters Space, Inc.",AMEX,True,False
APACU,StoneBridge Acquisition II Corporation Units,NASDAQ,True,False
APACR,StoneBridge Acquisition II Corporation Rights,NASDAQ,True,False
ANTX,"AN2 Therapeutics, Inc. Common Stock",NASDAQ,True,False
ALL.PRJ,"The Allstate Corporation Depositary Shares each representing a 1/1,000th interest in a share of Fixed Rate Noncumulative Perpetual Preferred Stock, Series J",NYSE,True,False
EAI,"Entergy Arkansas, LLC First Mortgage Bonds, 4.875% Series due September 1, 2066",NYSE,True,False
TRUMY,Terumo Corp Unsponsored ADR (Japan),OTC,True,False
ALIS,Calisa Acquisition Corp Ordinary shares,NASDAQ,True,False
AAPG,Ascentage Pharma Group International American Depository Shares,NASDAQ,True,False
ALFUW,Centurion Acquisition Corp. Warrant,NASDAQ,True,False
IONQ,"IonQ, Inc.",NYSE,True,True
SRE,Sempra,NYSE,True,True
ALF,Centurion Acquisition Corp. Class A Ordinary Shares,NASDAQ,True,False
AIRTP,"Air T, Inc. Air T Funding Alpha Income Trust Preferred Securities",NASDAQ,True,False
FIGS,"FIGS, Inc.",NYSE,True,True
AIRJW,AirJoule Technologies Corporation Warrant,NASDAQ,True,False
AIMD,"Ainos, Inc. Common Stock",NASDAQ,True,False
AIIO,Robo.ai Inc. Class B Ordinary Shares,NASDAQ,True,False
AIIA.U,"AI Infrastructure Acquisition Corp. Units, each consisting of one Class A Ordinary Share and one Right",NYSE,True,False
AIIA.RT,"AI Infrastructure Acquisition Corp. Rights, each entitling the holder to receive one-fifth (1/5) of one Class A Ordinary Share",NYSE,True,False
IEV,iShares Europe ETF,ARCA,True,True
DRPRY,DR ING H C F PORSCHE AG ADR - Unsponsored (Germany),OTC,True,False
DTSQU,DT Cloud Star Acquisition Corporation Units,NASDAQ,True,False
AIFF,"Firefly Neuroscience, Inc. Common Stock",NASDAQ,True,False
AHL.PRD,Aspen Insurance Holdings Limited 5.625% Perpetual Non-Cumulative Preference Shares,NYSE,True,False
AGNCZ,"AGNC Investment Corp. Depositary Shares Each Representing a 1/1,000th Interest in a Share of 8.75% Series H Fixed-Rate Cumulative Redeemable Preferred Stock",NASDAQ,True,False
DRDBU,Roman DBDR Acquisition Corp. II Unit,NASDAQ,True,False
AGCC,Agencia Comercial Spirits Ltd Class A Ordinary Shares,NASDAQ,True,False
RH,RH,NYSE,True,True
DRDB,Roman DBDR Acquisition Corp. II Ordinary shares,NASDAQ,True,False
AGAE,Allied Gaming & Entertainment Inc. Common Stock,NASDAQ,True,False
BNRG,Brenmiller Energy Ltd Ordinary Shares,NASDAQ,True,False
DRCT,"Direct Digital Holdings, Inc. Class A Common Stock",NASDAQ,True,False
ABLVW,Able View Global Inc. Warrant,NASDAQ,True,False
AACB,Artius II Acquisition Inc. Class A Ordinary Shares,NASDAQ,True,False
ENGS,Energys Group Limited Ordinary Shares,NASDAQ,True,False
BBHY,JPMorgan BetaBuilders USD High Yield Corporate Bond ETF,BATS,True,True
SMCAY,SMC Corp Japan SPONSORED ADR (Japan),OTC,True,False
USB.PRR,"U.S. Bancorp Depositary Shares, Each Representing a 1/1, 000th Interest in a Share of Series M Non- Cumulative Perpetual Preferred Stock",NYSE,True,False
CBT,Cabot Corporation,NYSE,True,True
HUBCZ,Hub Cyber Security Ltd. Warrant,NASDAQ,True,False
DAIO,Data I/O Corporation Common Stock,NASDAQ,True,False
DNMX,Dynamix Corporation III Class A Ordinary Shares,NASDAQ,True,False
BGLWW,Blue Gold Limited Warrant,NASDAQ,True,False
DSS,"DSS, Inc.",AMEX,True,False
CVS,CVS HEALTH CORPORATION,NYSE,True,True
DMIIU,Drugs Made In America Acquisition II Corp. Unit,NASDAQ,True,False
DNN,Denison Mines Corp,AMEX,True,True
SBMT,Silver Bow Mining Corp.,AMEX,True,False
FC,Franklin Covey Company,NYSE,True,True
ELMT,The Elmet Group Co. Common Stock,NASDAQ,True,False
DMIIR,Drugs Made In America Acquisition II Corp. Right,NASDAQ,True,False
SSACR,SPACSphere Acquisition Corp. Rights,NASDAQ,True,False
FUL,H.B. Fuller Company,NYSE,True,True
GLUE,"Monte Rosa Therapeutics, Inc. Common Stock",NASDAQ,True,True
VIDA,VIDA Global Inc.,AMEX,True,False
HIX,"Western Asset High Income Fund II, Inc.",NYSE,True,True
DMAAU,Drugs Made In America Acquisition Corp. Units,NASDAQ,True,False
CKHUY,CK Hutchison Holdings LTD American Depositary Receipts - Unsponsored,OTC,True,False
SFGYY,SONY FINL GROUP INC American Depositary Receipts - Unsponsored,OTC,True,True
IGR,CBRE Global Real Estate Income Fund,NYSE,True,True
DHX,"DHI Group, Inc.",NYSE,True,False
RBGLY,RECKITT BENCKISER GROUP PLC SPONSORED ADR NEW (United Kingdom),OTC,True,True
NSANY,"Nissan Motor Co., Ltd. American Depositary Shares",OTC,True,True
DMAAR,Drugs Made In America Acquisition Corp. Rights,NASDAQ,True,False
SBCWW,SBC Medical Group Holdings Incorporated Warrants,NASDAQ,True,False
TKHVY,Turk Hava Yallari Ao Unsponsored ADR (Turkey),OTC,True,False
DGICB,"Donegal Group, Inc. Class B Common Stock",NASDAQ,True,False
NHYDY,Norsk Hydro ASA American Depositary Receipts - Sponsored,OTC,True,True
DFSC,DEFSEC Technologies Inc. Common Stock,NASDAQ,True,False
LVMUY,LVMH MOET HENNESSY LOUIS VUITTON ADR - Unsponsored (France),OTC,True,True
LGRDY,LEGRAND SA Unsponsored ADR (France),OTC,True,True
DFNS,T3 Defense Inc. Common Stock,NASDAQ,True,False
ISNPY,Intesa Sanpaolo S.P.A. Sponsored ADR (Italy),OTC,True,True
SUBCY,Subsea 7 S.A. American Depositary Shares,OTC,True,False
IMPUY,Impala Platinum Holdings Ltd Sponsored ADR (South Africa),OTC,True,True
FMST,Foremost Clean Energy Ltd. Common Shares,NASDAQ,True,True
DDI,"DoubleDown Interactive Co., Ltd. American Depository Shares",NASDAQ,True,False
CICHY,CHINA CONSTRUCTION BK CORP ADR - Unsponsored (China),OTC,True,True
DBRG.PRH,"DigitalBridge Group, Inc. 7.125% Series H Cumulative Redeemable Perpetual Preferred Stock",NYSE,True,False
UVRBY,Universal Robina Unsponsored American Depository Receipt (Philippines),OTC,True,False
PB,Prosperity Bancshares Inc,NYSE,True,True
DBCAW,D. Boral Acquisition I Corp. Warrants,NASDAQ,True,False
AUOTY,AUO CORPORATION American Depositary Receipts - Sponsored,OTC,True,True
SAGU.U,"Shreya Acquisition Group Units, each consisting of one Class A Ordinary Share, one redeemable warrant and one right entitling the holder to one-fourth of one Class A Ordinary Share",NYSE,True,False
TFX,Teleflex Incorporated,NYSE,True,True
HOUR,"Hour Loop, Inc. Common Stock",NASDAQ,True,False
EVOXW,Evolution Global Acquisition Corp Warrants,NASDAQ,True,False
SREA,Sempra 5.750% Junior Subordinated Notes due 2079,NYSE,True,False
UTL,Unitil Corporation,NYSE,True,True
SABSW,"SAB Biotherapeutics, Inc. Warrant",NASDAQ,True,False
FBUF,Fidelity Dynamic Buffered Equity ETF,BATS,True,False
DAAQU,Digital Asset Acquisition Corp. Units,NASDAQ,True,False
CVKD,"Cadrenal Therapeutics, Inc. Common Stock",NASDAQ,True,False
WELL,Welltower Inc.,NYSE,True,True
HPF,John Hancock Preferred Income Fund II,NYSE,True,False
CTRM,Castor Maritime Inc. Common Shares,NASDAQ,True,False
CTO.PRA,"CTO Realty Growth, Inc. 6.375% Series A Cumulative Redeemable Preferred Stock",NYSE,True,False
ANGPY,VALTERRA PLATINUM LTD SPONSORED ADR (South Africa),OTC,True,True
WWD,"Woodward, Inc. Common Stock",NASDAQ,True,True
CTAAU,ClearThink 1 Acquisition Corp. Units,NASDAQ,True,False
GENC,"Gencor Industries, Inc.",AMEX,True,True
AZ,A2Z Cust2Mate Solutions Corp. Common Shares,NASDAQ,True,True
BPYPO,"Brookfield Property Partners L.P. 6.375% Class A Cumulative Redeemable Perpetual Preferred Units, Series 2",NASDAQ,True,True
NRXS,"Neuraxis, Inc.",AMEX,True,True
EQT,EQT CORP,NYSE,True,True
FFND,One Global ETF,ARCA,True,False
OBK,"Origin Bancorp, Inc.",NYSE,True,True
XYZ,"Block, Inc.",NYSE,True,True
ROPE,Coastal Compass 100 ETF,ARCA,True,True
AZZ,AZZ Inc.,NYSE,True,True
GORO,Gold Resource Corporation,AMEX,True,True
COE,"51Talk Online Education Group American Depositary Shares, each representing sixty (60) Class A Ordinary Shares",AMEX,True,False
TENB,"Tenable Holdings, Inc. Common Stock",NASDAQ,True,True
GRMN,Garmin Ltd,NYSE,True,True
INFU,"InfuSystem Holdings, Inc.",AMEX,True,True
SM,SM Energy Company,NYSE,True,True
TVC,"Tennessee Valley Authority Power Bonds 1998 Series D due June 1, 2028",NYSE,True,False
MTH,Meritage Homes Corporation,NYSE,True,True
ESOA,Energy Services of America Corporation Common Stock,NASDAQ,True,False
QTUM,Defiance Quantum ETF,NASDAQ,True,True
DANOY,Danone Sponsored ADR (France),OTC,True,False
FWD,AB Disruptors ETF,ARCA,True,False
FUJHY,SUBARU CORP ADR - Unsponsored (Japan),OTC,True,False
UBS,UBS Group AG,NYSE,True,True
CSTE,Caesarstone Ltd. Ordinary Shares,NASDAQ,True,True
GIGGW,GigCapital7 Corp. Warrant,NASDAQ,True,False
SVCO,"Silvaco Group, Inc. Common Stock",NASDAQ,True,True
DGNX,Diginex Limited Ordinary Shares,NASDAQ,True,False
CODX,"Co-Diagnostics, Inc. Common Stock",NASDAQ,True,False
RREVW,RRE Ventures Acquisition Corp. Warrants,NASDAQ,True,False
NI,NiSource Inc.,NYSE,True,True
CODI.PRC,Compass Diversified Holdings 7.875% Series C Cumulative Preferred Shares,NYSE,True,False
MXF,MEXICO FUND,NYSE,True,True
BOOT,"Boot Barn Holdings, Inc.",NYSE,True,True
DXR,Daxor Corporation Common Stock,NASDAQ,True,False
CL,Colgate-Palmolive Company,NYSE,True,True
XOSWW,"Xos, Inc. Warrants",NASDAQ,True,False
OLOX,Olenox Industries Inc. Common Stock,NASDAQ,True,False
VSTA,Vasta Platform Limited Class A Ordinary Shares,NASDAQ,True,False
CODI.PRB,Compass Diversified Holdings 7.875% Series B Fixed-to-Floating Rate Cumulative Preferred Shares representing beneficial interests in Compass Diversified Holdings,NYSE,True,False
SOMLY,SECOM CO LTD American Depositary Receipts - Unsponsored (Japan),OTC,True,True
MFSI,MFS Active International ETF,NYSE,True,False
TOTDY,Toto Ltd Ord American Depositary Shares,OTC,True,False
ACN,Accenture PLC,NYSE,True,True
SCGLY,Societe Generale France Sponsored ADR (France),OTC,True,False
ACRE,Ares Commercial Real Estate Corporation,NYSE,True,True
ELME,Elme Communities,NYSE,True,True
FHI,"Federated Hermes, Inc.",NYSE,True,True
GL,Globe Life Inc.,NYSE,True,True
IWR,iShares Russell Mid-Cap ETF,ARCA,True,True
SBGSY,SCHNEIDER ELEC SA ADR - Unsponsored (France),OTC,True,False
MCHI,iShares MSCI China ETF,NASDAQ,True,True
MLI,"Mueller Industries, Inc.",NYSE,True,True
MPJPY,METAPLANET INC American Depositary Receipts - Sponsored,OTC,True,False
MSCI,"MSCI, Inc.",NYSE,True,True
NVAX,"Novavax, Inc. Common Stock",NASDAQ,True,True
IBDRY,Iberdrola Sa Sponsored ADR (Spain),OTC,True,False
ROK,"Rockwell Automation, Inc.",NYSE,True,True
SW,Smurfit WestRock plc,NYSE,True,True
SWK,"Stanley Black & Decker, Inc.",NYSE,True,True
HESAY,Hermes Intl S A Unsponsored ADR (France),OTC,True,False
VALE,VALE S.A.,NYSE,True,True
BAER,"Bridger Aerospace Group Holdings, Inc. Common Stock",NASDAQ,True,True
FICO,Fair Isaac Corporation,NYSE,True,True
ENGIY,ENGIE  S A SPONSORED ADR (France),OTC,True,False
SNPHY,Santen Pharmaceutical Co Unsponsored American Depository Shares (Japan),OTC,True,False
KOSS,Koss Corporation Common Stock,NASDAQ,True,True
DNOPY,DINO POLSKA S A UNSPONSORED ADR (Poland),OTC,True,False
EZM,WisdomTree U.S. MidCap Fund,ARCA,True,True
NSC,Norfolk Southern Corp.,NYSE,True,True
EMR,Emerson Electric Co.,NYSE,True,True
MTZ,"MasTec, Inc.",NYSE,True,True
AJG,Arthur J. Gallagher & Co.,NYSE,True,True
RS,"Reliance, Inc.",NYSE,True,True
UVE,"UNIVERSAL INSURANCE HLDG, INC.",NYSE,True,True
BAYRY,Bayer Aktiengesellschaft American Depositary Shares (Each repstg one Bayer AG ordinary share of no par value),OTC,True,False
BME,Blackrock Health Sciences Trust,NYSE,True,True
WPP,WPP PLC,NYSE,True,True
PGACU,Pantages Capital Acquisition Corporation Unit,NASDAQ,True,False
MCRP,Micropolis AI Robotics,AMEX,True,False
CVE,Cenovus Energy Inc.,NYSE,True,True
MHH,"Mastech Digital, Inc.",AMEX,True,True
GATX,GATX Corporation,NYSE,True,True
PHI,PLDT Inc.,NYSE,True,True
IDA,"IDACORP, Inc.",NYSE,True,True
TMQ,Trilogy Metals Inc,AMEX,True,True
COPL,Copley Acquisition Corp,NYSE,True,False
CODI.PRA,Compass Diversified Holdings 7.250% Series A Preferred Shares representing beneficial interest in Compass Diversified Holdings,NYSE,True,False
CABGY,Carlsberg AS Sponsored ADR Representing Class B Shares (Denmark),OTC,True,False
MFSV,MFS Active Value ETF,NYSE,True,False
AERTW,"Aeries Technology, Inc. Warrant",NASDAQ,True,False
COCP,"Cocrystal Pharma, Inc. Common Stock",NASDAQ,True,False
AIMDW,"Ainos, Inc. Warrants",NASDAQ,True,False
UAC,United Acquisition Corp. I,AMEX,True,False
NYXH,Nyxoah SA Ordinary Shares,NASDAQ,True,False
ABEQ,Absolute Select Value ETF,ARCA,True,False
OWNS,CCM Affordable Housing MBS ETF,ARCA,True,False
ETI.PR,"Entergy Texas, Inc. 5.375% Series A Preferred Stock",NYSE,True,False
OCDDY,OCADO GROUP PLC  American Depositary Receipts - Sponsored (United Kingdom),OTC,True,False
CHECU,Chenghe Acquisition III Co. Units,NASDAQ,True,False
KZIA,Kazia Therapeutics Limited American Depositary Shares,NASDAQ,True,False
CMMB,Chemomab Therapeutics Ltd. American Depositary Share,NASDAQ,True,False
CLRB,"Cellectar Biosciences, Inc. Common Stock",NASDAQ,True,False
CNTY,"Century Casinos, Inc. Common Stock",NASDAQ,True,False
CNF,"CNFinance Holdings Limited American Depositary Shares, each representing two hundred (200) Ordinary Shares",NYSE,True,False
XRPNU,Armada Acquisition Corp. II Units,NASDAQ,True,False
OZKAP,Bank OZK 4.625% Series A Non-Cumulative Perpetual Preferred Stock,NASDAQ,True,False
MBBC,"Marathon Bancorp, Inc. Common Stock",NASDAQ,True,False
MBAVU,M3-Brigade Acquisition V Corp. Units,NASDAQ,True,False
EDBLW,Edible Garden AG Incorporated Warrant,NASDAQ,True,False
SCNX,"Scienture Holdings, Inc. Common Stock",NASDAQ,True,False
CLNN,Clene Inc. Common Stock,NASDAQ,True,False
CRZBY,Commerzbank Junge Shs American Depositary Shares,OTC,True,False
SAR,SARATOGA INVESTMENT CORP. NEW,NYSE,True,False
CLIK,Click Holdings Limited Class A Ordinary Share,NASDAQ,True,False
CLGN,CollPlant Biotechnologies Ltd Ordinary Shares,NASDAQ,True,False
AAPB,GraniteShares ETF Trust GraniteShares 2x Long AAPL Daily ETF,NASDAQ,True,False
AAOX,Tradr 2X Long AAOI Daily ETF,BATS,True,False
RYET,Ruanyun Edai Technology Inc. Ordinary shares,NASDAQ,True,False
RYOJ,"rYojbaba Co., Ltd. Common Shares",NASDAQ,True,False
CICC,CION Investment Corporation 7.50% Notes due 2031,NYSE,True,False
CICB,CION Investment Corporation 7.50% Notes due 2029,NYSE,True,False
WHGLY,WH GROUP LTD SPONSORED ADR (Cayman Islands),OTC,True,False
INCO,Columbia India Consumer ETF,ARCA,True,False
CHR,"Cheer Holding, Inc. Class A Ordinary Share",NASDAQ,True,False
RYM,"RYTHM, Inc. Common Stock",NASDAQ,True,False
KVHI,"KVH Industries, Inc. Common Stock",NASDAQ,True,False
CHPGU,ChampionsGate Acquisition Corporation Unit,NASDAQ,True,False
CHPG,ChampionsGate Acquisition Corporation Class A Ordinary Share,NASDAQ,True,False
LTCN,GRAYSCALE LITECOIN TR LTC Common Stock,OTC,True,False
BDRFY,Beiersdorf A G Unsponsored ADR (Germany),OTC,True,False
CHNR,"China Natural Resources, Inc. Common Stock",NASDAQ,True,False
JTAI,Jet.AI Inc. Common Stock,NASDAQ,True,False
RPGL,Republic Power Group Limited Class A Ordinary Shares,NASDAQ,True,False
CHMI.PRA,Cherry Hill Mortgage Investment Corporation 8.20% Series A Cumulative Redeemable Preferred Stock,NYSE,True,False
CHARU,Charlton Aria Acquisition Corporation Units,NASDAQ,True,False
CDIOW,Cardio Diagnostics Holdings Inc. Warrant,NASDAQ,True,False
ADAC,American Drive Acquisition Company Class A Ordinary Shares,NASDAQ,True,False
ALLR,"Allarity Therapeutics, Inc. Common Stock",NASDAQ,True,False
LEGT.WS,"Legato Merger Corp. III Redeemable Warrants, each whole warrant exercisable for one ordinary share at an exercise price of $11.50 per share",AMEX,True,False
AIM,AIM ImmunoTech Inc.,AMEX,True,False
SMC,Summit Midstream Corporation,NYSE,True,False
CHARR,Charlton Aria Acquisition Corporation Rights,NASDAQ,True,False
PJP,Invesco Pharmaceuticals ETF,ARCA,True,False
PMDE,PGIM S&P 500 Max Buffer ETF - December,BATS,True,False
JSPRW,"Japer Therapeutics, Inc. Warrants",NASDAQ,True,False
CHAR,Charlton Aria Acquisition Corporation Class A Ordinary Shares,NASDAQ,True,False
CGCTW,Cartesian Growth Corporation III Warrant,NASDAQ,True,False
SAT,Saratoga Investment Corp. 6.00% Notes due 2027,NYSE,True,False
CFR.PRB,"Cullen/Frost Bankers, Inc. Depositary Shares, each representing a 1/40th ownership interest in a share of 4.450% non-cumulative perpetual preferred stock, Series B",NYSE,True,False
CFG.PRE,"Citizens Financial Group, Inc.Depositary Shares Each Representing 1/40th Interest in a Share of 5.000% Fixed-Rate Non-Cumulative Perpetual Preferred Stock, Series E",NYSE,True,False
CFBK,CF Bankshares Inc. Common Stock,NASDAQ,True,False
ATPC,Agape ATP Corporation Common Stock,NASDAQ,True,False
PRTC,PureTech Health plc American Depositary Shares,NASDAQ,True,False
BKRKY,Bank Rakyat Indonesia Unsponsored ADR Rep Shs B (Indonesia),OTC,True,False
CETY,"Clean Energy Technologies, Inc. Common Stock",NASDAQ,True,False
DFLIW,Dragonfly Energy Holdings Corp. Warrant,NASDAQ,True,False
ANSCW,Agriculture & Natural Solutions Acquisition Corporation Warrant,NASDAQ,True,False
SBEV,"Splash Beverage Group, Inc.",AMEX,True,False
SXTP,"60 Degrees Pharmaceuticals, Inc. Common Stock",NASDAQ,True,False
CEPV,"Cantor Equity Partners V, Inc. Class A Ordinary Shares",NASDAQ,True,False
MSAI,"MultiSensor AI Holdings, Inc. Common Stock",NASDAQ,True,False
CEPS,"Cantor Equity Partners VI, Inc. Class A Ordinary Shares",NASDAQ,True,False
CELZ,"Creative Medical Technology Holdings, Inc. Common Stock",NASDAQ,True,False
CELU,Celularity Inc. Class A Common Stock,NASDAQ,True,False
CELG.RT,Bristol-Myers Squibb Company Contingent Value Rights,NYSE,True,False
JAPSY,Japan Airlines Ltd Unsponsored ADR (Japan),OTC,True,False
CDZIP,"Cadiz, Inc. Depositary Shares",NASDAQ,True,False
CDRO,"Codere Online Luxembourg, S.A. Ordinary Shares",NASDAQ,True,False
VSA,VisionSys AI Inc. American Depositary Shares,NASDAQ,True,False
EMPD,Empery Digital Inc. Common stock,NASDAQ,True,False
CCZ,"Comcast Holdings Corp. 2.0% Exchangeable Subordinated Debentures due October 15, 2029 (ZONES)",NYSE,True,False
VRM,"Vroom, Inc. Common Stock",NASDAQ,True,False
DHLGY,Deutsche Post AG Sponsored ADR (Germany),OTC,True,False
VRAX,Virax Biolabs Group Limited Ordinary Shares,NASDAQ,True,False
WLYB,"John Wiley & Sons, Inc. Class B",NYSE,True,False
RAC,Rithm Acquisition Corp.,NYSE,True,False
OTGA,OTG Acquisition Corp. I Class A Ordinary Share,NASDAQ,True,False
OTAI.U,"Starlink AI Acquisition Corporation Units, each consisting of one Ordinary Share, and one Right to receive one-fourth (1/4) of one ordinary share",NYSE,True,False
ONBPO,"Old National Bancorp Depositary Shares, Each Representing a 1/40th Interest in a Share of Series C Preferred Stock",NASDAQ,True,False
SKK,SKK Holdings Limited Class A Ordinary Shares,NASDAQ,True,False
AENTW,Alliance Entertainment Holding Corporation Warrant,NASDAQ,True,False
QSEAU,Quartzsea Acquisition Corporation Units,NASDAQ,True,False
GPUS,"Hyperscale Data, Inc.",AMEX,True,False
HYFM,"Hydrofarm Holdings Group, Inc. Common Stock",NASDAQ,True,True
CCTG,CCSC Technology International Holdings Limited Class A Ordinary Shares,NASDAQ,True,False
CCM,Concord Medical Services Holding Limited,NYSE,True,False
QSEAR,Quartzsea Acquisition Corporation Rights,NASDAQ,True,False
CAST,"FreeCast, Inc. Class A Common Stock",NASDAQ,True,False
ILLRW,Triller Group Inc. Warrant,NASDAQ,True,False
DSYWW,Big Tree Cloud Holdings Limited Warrants,NASDAQ,True,False
QMCO,Quantum Corporation Common Stock,NASDAQ,True,False
CRAK,VanEck Oil Refiners ETF,ARCA,True,False
CAQUW,Cambridge Acquisition Corp. Warrants,NASDAQ,True,False
MKL,Markel Group Inc.,NYSE,True,True
CAQUU,Cambridge Acquisition Corp. Unit,NASDAQ,True,False
TAVI,Tavia Acquisition Corp. Ordinary Shares,NASDAQ,True,False
CAQ,Cambridge Acquisition Corp. Class A Ordinary Shares,NASDAQ,True,False
TAOX,Tao Synergies Inc. Common Stock,NASDAQ,True,False
SBXE,SilverBox Corp V,NYSE,True,False
CAPNU,Cayson Acquisition Corp Unit,NASDAQ,True,False
NRDBY,NORDEA BK ABP SPONSORED ADR (Finland),OTC,True,False
TAOP,Taoping Inc. Ordinary Shares,NASDAQ,True,False
LFS,"LEIFRAS Co., Ltd. American Depositary Shares",NASDAQ,True,False
BEBE.WS,"TGE Value Creative Solutions Corp Redeemable warrants, each whole warrant exercisable for one Class A ordinary share at an exercise price of $11.50 per share",NYSE,True,False
CAPN,Cayson Acquisition Corp Ordinary shares,NASDAQ,True,False
EYUBY,ELECTRICITY GENERATING PUB LTD ADR - Unsponsored (Thailand),OTC,True,False
AVVIY,AVIVA PLC American Depositary Receipts - Unsponsored,OTC,True,False
CANF,"Can-Fite BioPharma Ltd. American Depositary Shares, each representing two (2) Ordinary Shares",AMEX,True,False
CDTG,CDT Environmental Technology Investment Holdings Limited ordinary shares,NASDAQ,True,False
PASW,"Ping An Biomedical Co., Ltd. Ordinary Shares",NASDAQ,True,False
LFMDP,"LifeMD, Inc. 8.875% Series A Cumulative Perpetual Preferred Stock",NASDAQ,True,False
CAIIU,Collective Acquisition Corp. II Units,NASDAQ,True,False
CABR,"Caring Brands, Inc. Common Stock",NASDAQ,True,False
LEXX,Lexaria Bioscience Corp. Common Stock,NASDAQ,True,False
PCRHY,PANASONIC HLDGS CORP ADR - Unsponsored (Japan),OTC,True,False
BZFD,"BuzzFeed, Inc. Class A Common Stock",NASDAQ,True,False
ABXB,Abacus Flexible Bond Leaders ETF,BATS,True,False
GRNB,VanEck Green Bond ETF,ARCA,True,False
BYAH,"Park Ha Biological Technology Co., Ltd. Class A Ordinary Shares",NASDAQ,True,False
GPRK,GEOPARK LIMITED,NYSE,True,False
IGACU,Invest Green Acquisition Corporation Units,NASDAQ,True,False
IGACR,Invest Green Acquisition Corporation Rights,NASDAQ,True,False
IEAGU,Infinite Eagle Acquisition Corp. Unit,NASDAQ,True,False
BTOG,Bit Origin Limited Class A Ordinary Shares,NASDAQ,True,False
BTOC,Armlogi Holding Corp. common stock,NASDAQ,True,False
DMAA,Drugs Made In America Acquisition Corp. Ordinary Shares,NASDAQ,True,False
BTBD,"BT Brands, Inc. Common Stock",NASDAQ,True,False
DLNG.PRA,"Dynagas LNG Partners LP 9.00% Series A Cumulative Redeemable Preferred Units, liquidation preference $25.00 per Unit",NYSE,True,False
DKI,DarkIris Inc. Class A Ordinary Shares,NASDAQ,True,False
RWTQ,"Redwood Trust, Inc. 9.500% Senior Notes Due 2030",NYSE,True,False
CHAI,"Core AI Holdings, Inc. Common Shares",NASDAQ,True,False
RWTP,"Redwood Trust, Inc. 9.125% Senior Notes Due 2030",NYSE,True,False
BIP.PRB,"Brookfield Infrastructure Partners L.P. 5.000% Class A Preferred Limited Partnership Units, Series 14",NYSE,True,False
PACHU,Pioneer Acquisition I Corp Units,NASDAQ,True,False
HAVA,Harvard Ave Acquisition Corporation Class A Ordinary Share,NASDAQ,True,False
EFC.PRB,Ellington Financial Inc. 6.250% Series B Fixed-Rate Reset Cumulative Redeemable Preferred Stock,NYSE,True,False
BLIV,BeLive Holdings Ordinary Share,NASDAQ,True,False
OIMAU,OneIM Acquisition Corp. Units,NASDAQ,True,False
BPYPN,"Brookfield Property Partners L.P. 5.750% Class A Cumulative Redeemable Perpetual Preferred Units, Series 3",NASDAQ,True,False
ICG,Intchains Group Limited American Depositary Shares,NASDAQ,True,False
EBMT,"Eagle Bancorp Montana, Inc. Common Stock",NASDAQ,True,False
WSTNU,Westin Acquisition Corp Units,NASDAQ,True,False
SILC,Silicom Ltd Ordinary Shares,NASDAQ,True,False
BBEM,JPMorgan BetaBuilders Emerging Markets Equity ETF,BATS,True,False
CMTV,Community Bancorp. Common Stock,NASDAQ,True,False
NCLTY,Nitori Holdings Co Ltd Unsponsored ADR (Japan),OTC,True,False
KMRK,K-Tech Solutions Company Limited Class A Ordinary Shares,NASDAQ,True,False
MITT.PRA,"TPG Mortgage Investment Trust, Inc. 8.25% Series A Cumulative Redeemable Preferred Stock",NYSE,True,False
CMSC,CMS Energy Corporation 5.875% Junior Subordinated Notes due 2078,NYSE,True,False
CMSA,CMS Energy Corporation 5.625% Junior Subordinated Notes due 2078,NYSE,True,False
TORO,Toro Corp. Common Stock,NASDAQ,True,False
BPYPM,"Brookfield Property Partners L.P. 6.25% Class A Cumulative Redeemable Preferred Units, Series 1",NASDAQ,True,False
ALVOW,Alvotech Warrant,NASDAQ,True,False
NCEW,New Century Logistics (BVI) Limited Ordinary Shares,NASDAQ,True,False
HCWC,Healthy Choice Wellness Corp.,AMEX,True,False
MBINN,Merchants Bancorp Depositary Shares Preferred Series C,NASDAQ,True,False
RNXT,"RenovoRx, Inc. Common Stock",NASDAQ,True,False
BPOPM,"Popular, Inc. Popular Capital Trust II - 6.125% Cumulative Monthly Income Trust Preferred Securities",NASDAQ,True,False
BPACU,Blueport Acquisition Ltd Units,NASDAQ,True,False
JFB,JFB Construction Holdings Class A Common Stock,NASDAQ,True,False
IBO,"Impact BioMedical, Inc.",AMEX,True,False
NBTR,Neuberger Total Return Bond ETF,ARCA,True,False
GSIW,Garden Stage Limited Class A Ordinary Shares,NASDAQ,True,False
WTPI,WisdomTree Equity Premium Income Fund,ARCA,True,False
GLOP.PRB,GasLog Partners LP 8.200% Series B Cumulative Redeemable Perpetual Fixed to Floating Rate Preference Units,NYSE,True,False
BML.PRG,"Bank Of America Corporation Depositary Shares(Each representing a 1/1200th interest in a share of Bank of America Corporation Floating Rate Non-Cumulative Preferred Stock Series,1)",NYSE,True,False
BLUWU,Blue Water Acquisition Corp. III Unit.,NASDAQ,True,False
BETH,ProShares Bitcoin & Ether Market Cap Weight ETF,ARCA,True,False
NIVFW,NewGenIvf Group Limited Warrants,NASDAQ,True,False
BRDCY,BRIDGESTONE CORP ADR - Unsponsored (Japan),OTC,True,False
GRAN,Grande Group Limited Class A Ordinary Shares,NASDAQ,True,False
AEI,Alset Inc. Common Stock (TX),NASDAQ,True,False
BRN,"Barnwell Industries, Inc.",AMEX,True,False
BLUW,Blue Water Acquisition Corp. III Class A Ordinary Shares,NASDAQ,True,False
BLRX,BioLineRx Ltd. American Depositary Shares,NASDAQ,True,False
ANGH,Anghami Inc. Ordinary Shares,NASDAQ,True,False
BKHAU,Black Hawk Acquisition Corporation Units,NASDAQ,True,False
RVSNW,Rail Vision Ltd. Warrant,NASDAQ,True,False
ABEV,AMBEV S.A.,NYSE,True,False
MAYP,PGIM S&P 500 Buffer 12 ETF - May,BATS,True,False
AACOU,Abony Acquisition Corp. I Units,NASDAQ,True,False
CDTTW,CDT Equity Inc. Warrant,NASDAQ,True,False
BOTJ,"Bank of the James Financial Group, Inc. Common Stock",NASDAQ,True,False
BBCQW,Bleichroeder Acquisition Corp. II Warrants,NASDAQ,True,False
NOEM,CO2 Energy Transition Corp. Common Stock,NASDAQ,True,False
KEN,KENON HOLDINGS LTD.,NYSE,True,False
FXACU,FortuneX Acquisition Corporation Units,NASDAQ,True,False
JAGX,"Jaguar Health, Inc. Common Stock",NASDAQ,True,False
BKHAR,Black Hawk Acquisition Corporation Rights,NASDAQ,True,False
IVDA,"Iveda Solutions, Inc. Common Stock",NASDAQ,True,False
ITP,"IT Tech Packaging, Inc.",AMEX,True,False
ISPC,iSpecimen Inc. Common Stock,NASDAQ,True,False
MNRS,Grayscale Bitcoin Miners ETF,ARCA,True,False
IRHOU,Iron Horse Acquisitions II Corp. Units,NASDAQ,True,False
IRHOR,Iron Horse Acquisitions Corp. II Rights,NASDAQ,True,False
VGASW,"Verde Clean Fuels, Inc. Warrant",NASDAQ,True,False
HXGBY,HEXAGON AB ADR - Unsponsored (Sweden),OTC,True,False
ACM,Aecom,NYSE,True,True
BIP.PRA,"Brookfield Infrastructure Partners L.P. 5.125% Class A Preferred Limited Partnership Units, Series 13",NYSE,True,False
AQN,Algonquin Power & Utilities Corp,NYSE,True,True
ATFV,Alger 35 ETF,ARCA,True,False
RSBY,Return Stacked Bonds & Futures Yield ETF,BATS,True,False
ZSTK,ZeroStack Corp. Common Stock,NASDAQ,True,False
ZOOZW,ZOOZ Strategy Ltd. Warrant,NASDAQ,True,False
ZKPW,Lafayette Digital Acquisition Corp. I Warrant,NASDAQ,True,False
BHAVR,BHAV Acquisition Corp Rights,NASDAQ,True,False
UYSC,UY Scuti Acquisition Corp. Ordinary Shares,NASDAQ,True,False
ATS,ATS Corporation,NYSE,True,True
SAIHW,SAIHEAT Limited Warrant,NASDAQ,True,False
SAC.U,"Safeguard Acquisition Corp. Units, each consisting of one Class A ordinary share and one-half of one redeemable warrant",NYSE,True,False
BASFY,BASF SE American Depositary Shares,OTC,True,False
RWTO,"Redwood Trust, Inc. 9.00% Senior Notes Due 2029",NYSE,True,False
WEGRY,WEIR GROUP PLC SPONSORED ADR (United Kingdom),OTC,True,False
ARLO,"Arlo Technologies, Inc.",NYSE,True,True
BHAV,BHAV Acquisition Corp Class A Ordinary Shares,NASDAQ,True,False
BWEB,Bitwise Web3 ETF,ARCA,True,False
RWTN,"Redwood Trust, Inc. 9.125% Senior Notes Due 2029",NYSE,True,False
AGQI,First Trust Active Global Quality Income ETF,ARCA,True,False
PLUN.U,"Plutonian Acquisition Corp II Units, each consisting of one Class A Ordinary Share and one Right entitling the holder to one-fourth of one Class A Ordinary Share",NYSE,True,False
AIAI,AIAI Holdings Corporation Class A Common Stock,NASDAQ,True,False
PFAI,Pinnacle Food Group Limited Class A Common Shares,NASDAQ,True,False
BGMS,"Bio Green Med Solution, Inc. Common Stock",NASDAQ,True,False
BGLC,BioNexus Gene Lab Corp Common stock,NASDAQ,True,False
BGL,Blue Gold Limited Class A Ordinary Shares,NASDAQ,True,False
ARWG,Archer Growth ETF,BATS,True,False
KCAC.WS,"Kensington Capital Acquisition Corp. VI Class 1 redeemable warrants, each exercisable for one Class A ordinary share at an exercise price of $11.50",NYSE,True,False
KCAC.U,"Kensington Capital Acquisition Corp. VI Units, each consisting of one Class A ordinary share, one-quarter of one Class 1 redeemable warrant and three-quarters of one Class 2 redeemable warrant",NYSE,True,False
IPCX,Inflection Point Acquisition Corp. III Class A Ordinary Shares,NASDAQ,True,False
BFS.PRD,"Saul Centers, Inc. Depositary Shares, each representing 1/100th of a share of 6.125% Series D Cumulative Redeemable Preferred Stock",NYSE,True,False
OND,ProShares On-Demand ETF,ARCA,True,False
BCFN,Baron ETF Trust Baron Financials ETF,NASDAQ,True,False
IPB,Merrill Lynch Depositor Inc. 6.0518% Index Plus Trust Certificates Series 2003-1,NYSE,True,False
ICON,Icon Energy Corp. Common stock,NASDAQ,True,False
RSSL,Global X Russell 2000 ETF,ARCA,True,False
ICMB,"Investcorp Credit Management BDC, Inc. Common Stock",NASDAQ,True,False
BFRI,Biofrontera Inc. Common Stock,NASDAQ,True,False
BDSX,"Biodesix, Inc. Common Stock",NASDAQ,True,False
BDRX,Biodexa Pharmaceuticals plc American Depositary Shs,NASDAQ,True,False
AEON,"AEON Biopharma, Inc.",AMEX,True,False
BLOX,Nicholas Crypto Income ETF,ARCA,True,False
GSRFU,GSR IV Acquisition Corp. Units,NASDAQ,True,False
KMID,Virtus KAR Mid-Cap ETF,ARCA,True,False
GPACW,General Purpose Acquisition Corp. Warrant,NASDAQ,True,False
GPAC,General Purpose Acquisition Corp. Class A Ordinary Shares,NASDAQ,True,False
BCTXZ,BriaCell Therapeutics Corp. Warrant expiring 2030,NASDAQ,True,False
GP,GreenPower Motor Company Inc. Common Shares,NASDAQ,True,False
GOVX,"GeoVax Labs, Inc. Common Stock",NASDAQ,True,False
GOODO,"Gladstone Commercial Corporation 6.00% Series G Cumulative Redeemable Preferred Stock, par value $0.001 per share",NASDAQ,True,False
VRME,"VerifyMe, Inc. Common Stock",NASDAQ,True,False
CBOX,Calamos Tax-Aware Collateral ETF,BATS,True,False
SORNW,Soren Acquisition Corp. Warrant,NASDAQ,True,False
ECXWW,ECARX Holdings Inc. Warrants,NASDAQ,True,False
ECCV,Eagle Point Credit Company Inc. 5.375% Notes due 2029,NYSE,True,False
ECCC,Eagle Point Credit Company Inc. 6.50% Series C Term Preferred Stock due 2031,NYSE,True,False
ECC.PRD,Eagle Point Credit Company Inc. 6.75% Series D Preferred Stock,NYSE,True,False
SBXD.WS,"SilverBox Corp IV Redeemable warrants, each whole warrant exercisable for one Class A Ordinary Share at an exercise price of $11.50",NYSE,True,False
BCCC,Global X Bitcoin Covered Call ETF,BATS,True,False
BCSS.WS,"Bain Capital GSS Investment Corp. Redeemable warrants, each whole warrant exercisable for one Class A ordinary share at an exercise price of $11.50",NYSE,True,False
DTSQ,DT Cloud Star Acquisition Corporation Ordinary Shares,NASDAQ,True,False
DTK,DTE Energy Company 2025 Series H 6.25% Junior Subordinated Debentures due 2085,NYSE,True,False
DTCX,"Datacentrex, Inc. Common Stock",NASDAQ,True,False
CFIT,Cambria Fixed Income Trend ETF,BATS,True,False
BCSS.U,"Bain Capital GSS Investment Corp. Units, each consisting of one Class A Ordinary Share and one-fifth of one redeemable warrant",NYSE,True,False
DIPR,Corgi Space & Satellite Communications ETF,BATS,True,False
FMKT,The Free Markets ETF,ARCA,True,False
AGMB,AgomAb Therapeutics NV American Depositary Shares,NASDAQ,True,False
DSX.WS,"Diana Shipping Inc. Warrants to Purchase Common Stock (expiring on or about December 14, 2026)",NYSE,True,False
DSX.PRB,"DIANA SHIPPING INC 8.875% Series B Cumulative Redeemable Perpetual Preferred Shares, $0.01 par value",NYSE,True,False
FQAL,Fidelity Quality Factor ETF,ARCA,True,False
FTHM,Fathom Holdings Inc. Common Stock,NASDAQ,True,False
AGM.PRF,"Federal Agricultural Mortgage Corporation 5.250% Non-Cumulative Preferred Stock, Series F",NYSE,True,False
BCG,"Binah Capital Group, Inc. Common Stock",NASDAQ,True,False
CURX,Curanex Pharmaceuticals Inc Common Stock,NASDAQ,True,False
CUBWW,Lionheart Holdings Warrant,NASDAQ,True,False
BC.PRC,Brunswick Corporation 6.375% Notes due 2049,NYSE,True,False
CBON,VanEck China Bond ETF,ARCA,True,False
RFAI,RF Acquisition Corp II Ordinary Shares,NASDAQ,True,False
CUBB,"Customers Bancorp, Inc. 5.375% Subordinated Notes Due 2034",NYSE,True,False
PHGE,BiomX Inc.,AMEX,True,False
FXED,Sound Enhanced Fixed Income ETF,NYSE,True,False
BANFP,BancFirst Corporation - BFC Capital Trust II Cumulative Trust Preferred Securities,NASDAQ,True,False
BANC.PRF,"Banc of California, Inc. Depositary Shares, each representing a 1/40th interest in a share of 7.75% non- cumulative perpetual preferred stock, Series F",NYSE,True,False
BOXA,Alpha Architect Aggregate Bond ETF,BATS,True,False
BBLG,Bone Biologics Corp Common Stock,NASDAQ,True,False
BBGI,"Beasley Broadcast Group, Inc. Class A Common Stock",NASDAQ,True,False
PSFO,Pacer Swan SOS Flex (October) ETF,BATS,True,False
GIND,Goldman Sachs ETF Trust Goldman Sachs India Equity ETF,NASDAQ,True,False
BBCQU,Bleichroeder Acquisition Corp. II Units,NASDAQ,True,False
BAC.PRK,"Bank of America Corporation Depositary Shares, each representing a 1/1,000th interest in a share of 5.875% Non- Cumulative Preferred Stock, Series HH",NYSE,True,False
BAC.PRE,"Bank of America Corporation Depositary Shares (representing 1/1,000th of a share of Floating Rate Non-Cumalative Preferred Stock, Series E)",NYSE,True,False
FGI,FGI Industries Ltd. Ordinary Shares,NASDAQ,True,False
CVNY,YieldMax CVNA Option Income Strategy ETF,ARCA,True,False
BAMB,Brookstone Intermediate Bond ETF,BATS,True,False
GUT,GABELLI UTILITY TRUST,NYSE,True,False
ORO,Arrow Valtoro ETF,BATS,True,False
BBBY.WS,"Bed Bath & Beyond, Inc. Warrants to Purchase Common Stock",NYSE,True,False
AYTU,"Aytu BioPharma, Inc. Common Stock",NASDAQ,True,False
VWAGY,Volkswagen A G Unsponsored ADR Represent 1/10th Sh,OTC,True,False
GOCT,FT Vest U.S. Equity Moderate Buffer ETF - October,BATS,True,False
ALOVW,"Aldabra 4 Liquidity Opportunity Vehicle, Inc. Warrants",NASDAQ,True,False
ALOVU,"Aldabra 4 Liquidity Opportunity Vehicle, Inc. Units",NASDAQ,True,False
HSHCY,Haier Smart Home Co Ltd American Depositary Receipts - Unsponsored,OTC,True,False
AUROW,"Aurora Innovation, Inc. Warrant",NASDAQ,True,False
AMPGZ,"Amplitech Group, Inc. Series B Right",NASDAQ,True,False
GSHRU,Gesher Acquisition Corp. II Units,NASDAQ,True,False
GCGRU,General Catalyst Global Resilience Merger Corp. Units,NASDAQ,True,False
HERE,Here Group Limited American Depositary Shares,NASDAQ,True,False
AURE,Aurelion Inc. Class A Ordinary Shares,NASDAQ,True,False
ADBU,Direxion Daily ADBE Bull 2X ETF,ARCA,True,False
EIRL,iShares MSCI Ireland ETF,ARCA,True,False
AUBN,"Auburn National Bancorporation, Inc. Common Stock",NASDAQ,True,False
DBCA,D. Boral Acquisition I Corp. Class A Ordinary Shares,NASDAQ,True,False
COPL.WS,"Copley Acquisition Corp Redeemable warrants, each whole warrant exercisable for one Class A ordinary share at an exercise price of $11.50",NYSE,True,False
BRTX,"BioRestorative Therapies, Inc. Common Stock (NV)",NASDAQ,True,False
BRRWW,"ProCap Financial, Inc. Warrant",NASDAQ,True,False
BRLSW,Borealis Foods Inc. Warrant,NASDAQ,True,False
AUB.PRA,"Atlantic Union Bankshares Corporation Depositary Shares, Each Representing a 1/400th Interest in a Share of 6.875% Perpetual Non-Cumulative Preferred Stock, Series A",NYSE,True,False
ATLX,Atlas Lithium Corporation Common Stock,NASDAQ,True,False
ATLCP,"Atlanticus Holdings Corporation 7.625% Series B Cumulative Perpetual Preferred Stock, no par value per share",NASDAQ,True,False
BRLS,Borealis Foods Inc. Class A Common Shares,NASDAQ,True,False
ATLCZ,Atlanticus Holdings Corporation 9.25% Senior Notes due 2029,NASDAQ,True,False
AGOX,Adaptive Alpha Opportunities ETF,ARCA,True,False
ANPA,Rich Sparkle Holdings Limited Ordinary Shares,NASDAQ,True,False
AIIOW,Robo.ai Inc. Warrant,NASDAQ,True,False
APCB,ActivePassive Core Bond ETF,ARCA,True,False
ANNAW,"AleAnna, Inc. Warrant",NASDAQ,True,False
ARTL,"Artelo Biosciences, Inc. Common Stock",NASDAQ,True,False
ANNA,"AleAnna, Inc. Class A Common Stock",NASDAQ,True,False
EDSA,"Edesa Biotech, Inc. Common Shares",NASDAQ,True,False
CVR,Chicago Rivet & Machine Co.,AMEX,True,False
CIMN,Chimera Investment Corporation 9.000% Senior Notes due 2029,NYSE,True,False
RTB,"RTB Digital, Inc. Common Stock",NASDAQ,True,False
ARTCW,Art Technology Acquisition Corp. Warrants,NASDAQ,True,False
RTACW,Renatus Tactical Acquisition Corp I Warrant,NASDAQ,True,False
RNR.PRG,"RenaissanceRe Holdings Ltd. Depositary Shares, each representing a 1/1, 000th interest in a share of 4.20% Series G Preference Shares",NYSE,True,False
SPKKY,SPARK NEW ZEALAND LTD ADR - Sponsored (New Zealand),OTC,True,False
DEFR,Aptus Deferred Income ETF,BATS,True,False
FLBR,Franklin FTSE Brazil ETF,ARCA,True,False
TBN,Tamboran Resources Corporation,NYSE,True,False
DWLD,Davis Select Worldwide ETF,BATS,True,False
TDS.PRU,"Telephone and Data Systems, Inc. Depositary Shares, Each Representing a 1/1,000th Interest in a 6.625% Series UU Cumulative Redeemable Perpetual Preferred Stock",NYSE,True,False
TDIC,Dreamland Limited Class A Ordinary Shares,NASDAQ,True,False
TDACU,Translational Development Acquisition Corp. Units,NASDAQ,True,False
LWACW,LightWave Acquisition Corp. Warrants,NASDAQ,True,False
INN.PRF,"Summit Hotel Properties, Inc. 5.875% Series F Cumulative Redeemable Preferred Stock",NYSE,True,False
NAMSW,NewAmsterdam Pharma Company N.V. Warrant,NASDAQ,True,False
HCAI,"Huachen AI Parking Management Technology Holding Co., Ltd. Class A Ordinary Shares",NASDAQ,True,False
SORNU,Soren Acquisition Corp. Unit,NASDAQ,True,False
RDGT,"Ridgetech, Inc. Ordinary Shares",NASDAQ,True,False
RDAC,Rising Dragon Acquisition Corp. Ordinary Shares,NASDAQ,True,False
ARTC,Art Technology Acquisition Corp. Class A Ordinary Shares,NASDAQ,True,False
POWWP,Outdoor Holding Company 8.75% Series A Cumulative Redeemable Perpetual Preferred Stock,NASDAQ,True,False
EPSV,Harbor SMID Cap Value ETF,ARCA,True,False
WLIIW,Willow Lane Acquisition Corp. II Warrants,NASDAQ,True,False
ARKT,ARK DIET Q4 Buffer ETF,BATS,True,False
BOF,BranchOut Food Inc. Common Stock,NASDAQ,True,False
BLZRU,Trailblazer Acquisition Corp. Unit,NASDAQ,True,False
BLRKU,Bluerock Acquisition Corp. Unit,NASDAQ,True,False
ARR.PRC,"ARMOUR Residential REIT, Inc. 7.00% Series C Cumulative Redeemable Preferred Stock",NYSE,True,False
AVLN,Avalyn Pharma Inc. Common Stock,NASDAQ,True,False
CUBWU,Lionheart Holdings Unit,NASDAQ,True,False
EVVTY,Evolution AB American Depositary Receipts - Unsponsored,OTC,True,False
QETAU,Quetta Acquisition Corporation Unit,NASDAQ,True,False
SOWG,Sow Good Inc. Common Stock,NASDAQ,True,False
HTUS,Hull Tactical US ETF,BATS,True,False
AQNB,"Algonquin Power & Utilities Corp. 6.20% Fixed-to-Floating Subordinated Notes Series 2019-A due July 1, 2079",NYSE,True,False
TACHU,Titan Acquisition Corp. Units,NASDAQ,True,False
AQMS,"Aqua Metals, Inc. Common Stock",NASDAQ,True,False
APUS,"Apimeds Pharmaceuticals US, Inc.",AMEX,True,False
APRE,"Aprea Therapeutics, Inc. Common stock",NASDAQ,True,False
SWAGW,"Stran & Company, Inc. Warrant",NASDAQ,True,False
RDAGW,Republic Digital Acquisition Company Warrants,NASDAQ,True,False
SUGP,SU Group Holdings Limited Class A Ordinary Shares,NASDAQ,True,False
IMNN,"Imunon, Inc. Common Stock",NASDAQ,True,False
JXX,Janus Henderson Transformational Growth ETF,BATS,True,False
APOS,"Apollo Global Management, Inc. 7.625% Fixed-Rate Resettable Junior Subordinated Notes due 2053",NYSE,True,False
GAIN,Gladstone Investment Corporation Business Development Company,NASDAQ,True,False
APM,Aptorum Group Limited Class A Ordinary Shares,NASDAQ,True,False
ORMP,Oramed Pharmaceuticals Inc. Common Stock,NASDAQ,True,False
APAC,StoneBridge Acquisition II Corporation Class A Ordinary Shares,NASDAQ,True,False
AMPX.WS,"Amprius Technologies, Inc. Warrants to purchase one share of Common Stock at an exercise price of $11.50 per share",NYSE,True,False
AMPGR,"Amplitech Group, Inc. Series A Right",NASDAQ,True,False
PROF,Profound Medical Corp. Common Stock,NASDAQ,True,False
JENA,Jena Acquisition Corporation II,NYSE,True,False
NTIC,Northern Technologies International Corporation Common Stock,NASDAQ,True,False
BHST,BioHarvest Sciences Inc. Common Stock,NASDAQ,True,False
AXS.PRE,"AXIS Capital Holdings Limited Depositary Shares, each representing 1/100th interest in a share of the Issuers 5.50% Series E Preferred Shares",NYSE,True,False
ALL.PRI,The Allstate Corporation,NYSE,True,False
KCCA,KraneShares California Carbon Allowance Strategy ETF,ARCA,True,False
JPM.PRD,"JPMorgan Chase & Co. Depositary Shares, each representing a 1/400th interest in a share of 5.75% Non-Cumulative Preferred Stock, Series DD",NYSE,True,False
CXE,MFS High Income Municipal Trust,NYSE,True,False
AMODW,"Alpha Modus Holdings, Inc. Warrant",NASDAQ,True,False
ISBA,Isabella Bank Corporation Common Stock,NASDAQ,True,False
AAME,Atlantic American Corporation Common Stock,NASDAQ,True,False
EHTH,"eHealth, Inc. Common Stock",NASDAQ,True,False
KGLD,Kurv Gold Enhanced Income ETF,BATS,True,False
MRKR,"Marker Therapeutics, Inc. Common Stock",NASDAQ,True,False
MMLP,Martin Midstream Partners L.P. Limited Partnership,NASDAQ,True,False
AMIX,"Autonomix Medical, Inc. Common Stock",NASDAQ,True,False
ITRN,Ituran Location and Control Ltd. Ordinary Shares,NASDAQ,True,False
HNNA,"Hennessy Advisors, Inc. Common Stock",NASDAQ,True,False
FNWB,First Northwest Bancorp Common Stock,NASDAQ,True,False
AMH.PRH,American Homes 4 Rent Series H cumulative redeemable perpetual Preferred Shares of Beneficial Interest,NYSE,True,False
AMH.PRG,American Homes 4 Rent Series G cumulative redeemable perpetual preferred shares of beneficial interest,NYSE,True,False
AMBO,Ambow Education Holding Ltd. American Depository Shares (each representing twenty (20) Class A Ordinary Shares),AMEX,True,False
CMSD,CMS Energy Corporation 5.875% Junior Subordinated Notes due 2079,NYSE,True,False
ALUB.WS,"Alussa Energy Acquisition Corp. II Redeemable Warrants, each whole warrant exercisable for one Class A ordinary share at an exercise price of $11.50 per share",NYSE,True,False
IFJPY,Informa PLC Sponsored ADR (Jersey),OTC,True,False
AIDX,"20/20 Biolabs, Inc. Common Stock",NASDAQ,True,False
RLJ.PRA,RLJ Lodging Trust $1.95 Series A Cumulative Convertible Preferred Shares,NYSE,True,False
AGNCO,"AGNC Investment Corp. Depositary Shares, each representing a 1/1,000th interest in a share of 6.50% Series E Fixed-to-Floating Cumulative Redeemable Preferred Stock",NASDAQ,True,False
CHMG,Chemung Financial Corp Common Stock,NASDAQ,True,False
AGNCM,AGNC Investment Corp. Depositary Shares rep 6.875% Series D Fixed-to-Floating Cumulative Redeemable Preferred Stock,NASDAQ,True,False
KALA,"KALA BIO, Inc. Common Stock",NASDAQ,True,False
JZXN,"Jiuzi Holdings, Inc. Ordinary Shares",NASDAQ,True,False
AGNCL,"AGNC Investment Corp. Depositary Shares Each Representing a 1/1,000th Interest in a Share of 7.75% Series G Fixed-Rate Reset Cumulative Redeemable Preferred Stock",NASDAQ,True,False
LCLG,Logan Capital Broad Innovative Growth ETF,ARCA,True,False
HSPTU,Horizon Space Acquisition II Corp. Units,NASDAQ,True,False
GSRVU,GSR V Acquisition Corp. Units,NASDAQ,True,False
ACP.PRA,abrdn Income Credit Strategies Fund 5.250% Series A Perpetual Preferred Stock,NYSE,True,False
ACONW,"Aclarion, Inc. Warrant",NASDAQ,True,False
LFAW,LifeX 2060 Longevity Income ETF,BATS,True,False
BREZU,Breeze Acquisition Corp. II Units,NASDAQ,True,False
LITZ,Tradr 2X Short LITE Daily ETF,BATS,True,False
OXSQH,Oxford Square Capital Corp. 7.75% Notes due 2030,NASDAQ,True,False
OPTX,"Syntec Optics Holdings, Inc. Class A Common Stock",NASDAQ,True,False
NYAX,Nayax Ltd. Ordinary Shares,NASDAQ,True,False
BKSY.WS,"BlackSky Technology Inc. Redeemable Warrants, each whole Warrant exercisable for one-eighth (1/8th) of a share of Class A Common Stock at an exercise price of $92.00 per whole share",NYSE,True,False
BHR.PRD,"Braemar Hotels & Resorts Inc. 8.25% Series D Cumulative Preferred Stock, par value $0.01 per share",NYSE,True,False
EDGQ,Global X Nasdaq-100 Income Edge ETF,ARCA,True,False
DISO,YieldMax DIS Option Income Strategy ETF,ARCA,True,False
CNEQ,Alger Concentrated Equity ETF,ARCA,True,False
BHR.PRB,Braemar Hotels & Resorts Inc. 5.50% Series B Cumulative Convertible Preferred Stock,NYSE,True,False
DANA,Dana Limited Volatility ETF,ARCA,True,False
LJUL,Innovator Premium Income 15 Buffer ETF - July,BATS,True,False
BHFAP,"Brighthouse Financial, Inc. Depositary Shares 6.6% Non-Cumulative Preferred Stock, Series A",NASDAQ,True,False
BEBE.U,"TGE Value Creative Solutions Corp Units, each consisting of one Class A ordinary share and one-half of one redeemable warrant",NYSE,True,False
EXYN,"Exyn Technologies, Inc. Common Stock",NASDAQ,True,False
GMTL,"Guardian Metal Resources PLC American Depositary Shares, each representing five (5) ordinary shares",AMEX,True,False
GJS,Synthetic Fixed-Income Securities STRATS 2006-2 Goldman Sachs Group,NYSE,True,False
BPRN,"Princeton Bancorp, Inc. Common Stock (PA)",NASDAQ,True,False
MBVIU,M3-Brigade Acquisition VI Corp. Units,NASDAQ,True,False
AIPUY,Airports of Thailand Public Co Ltd Unsponsored ADR (Thailand),OTC,True,False
XHLD,"TEN Holdings, Inc. Common Stock",NASDAQ,True,False
MBVI,M3-Brigade Acquisition VI Corp. Class A Ordinary Shares,NASDAQ,True,False
LESL,"Leslie's, Inc. Common Stock",NASDAQ,True,False
WXM,WF International Limited Ordinary Shares,NASDAQ,True,False
GECCH,Great Elm Capital Corp. 8.125% Notes Due 2029,NASDAQ,True,False
KWMWW,"K Wave Media, Ltd. Warrant",NASDAQ,True,False
KTTAW,Pasithea Therapeutics Corp. Warrant,NASDAQ,True,False
AGRH,iShares Interest Rate Hedged U.S. Aggregate Bond ETF,ARCA,True,False
FEOE,First Eagle Overseas Equity ETF,NYSE,True,False
GWAV,"Greenwave Technology Solutions, Inc. Common Stock",NASDAQ,True,False
AGRW,Allspring LT Large Growth ETF,ARCA,True,False
BBHM,BBH SELECT MID CAP ETF,ARCA,True,False
BUFH,FT Vest Laddered Max Buffer ETF,BATS,True,False
KITTW,"Nauticus Robotics, Inc. Warrant",NASDAQ,True,False
KRSP.WS,"Rice Acquisition Corporation 3 Redeemable warrants, each whole warrant exercisable for one Class A ordinary share at an exercise price of $11.50",NYSE,True,False
SSDOY,Shiseido Co Ltd Ord American Depositary Shares,OTC,True,False
EMIS,Emmis Acquisition Corp. Class A Ordinary Shares,NASDAQ,True,False
ACGCU,ACP Holdings Acquisition Corp. Units,NASDAQ,True,False
AGMI,Themes ETF Trust Themes Silver Miners ETF,NASDAQ,True,False
GRCE,"Grace Therapeutics, Inc. Common Stock",NASDAQ,True,False
HCRB,Hartford Core Bond ETF,BATS,True,False
MVPA,Miller Value Partners Appreciation ETF,ARCA,True,False
AEMS,Anfield Enhanced Market ETF,BATS,True,False
AFJK,"Aimei Health Technology Co., Ltd Ordinary Share",NASDAQ,True,False
AFJKR,"Aimei Health Technology Co., Ltd Right",NASDAQ,True,False
GNT.PRA,"GAMCO Natural Resources, Gold & Income Trust 5.2 Percent Series A Cumulative Preferred Shares (Liquidation Preference $25.00 per share)",NYSE,True,False
AFJKU,"Aimei Health Technology Co., Ltd Unit",NASDAQ,True,False
ACAAU,Averin Capital Acquisition Corp. Units,NASDAQ,True,False
FITBO,"Fifth Third Bancorp Depositary Shares each representing a 1/1000th ownership interest in a share of Non-Cumulative Perpetual Preferred Stock, Series K",NASDAQ,True,False
ONCY,"Oncolytics Biotech, Inc. Common Stock",NASDAQ,True,False
AHL.PRE,"Aspen Insurance Holdings Limited Depositary Shares, each representing a 1/1000th interest in a share of 5.625% Perpetual Non-Cumulative Preference Shares",NYSE,True,False
AHL.PRF,"Aspen Insurance Holdings Limited Depositary Shares, each representing a 1/1,000th Interest in a 7.00% Perpetual Non-Cumulative Preference Share",NYSE,True,False
ITVPY,ITV plc Unsponsored ADR (UK),OTC,True,False
AIBD,Direxion Daily AI and Big Data Bear 2X ETF,ARCA,True,False
AWP,abrdn Global Premier Properties Fund,NYSE,True,False
BGRO,BlackRock ETF Trust iShares Large Cap Growth Active ETF,NASDAQ,True,False
ACAA,Averin Capital Acquisition Corp. Class A Ordinary Shares,NASDAQ,True,False
BLST,Bluemonte Short Term Bond ETF,ARCA,True,False
MLAAW,Mountain Lake Acquisition Corp. II Warrants,NASDAQ,True,False
BRIB,FIS Bright Portfolios Core Bond ETF,ARCA,True,False
BSTP,Innovator Buffer Step-Up Strategy ETF,ARCA,True,False
MLAAU,Mountain Lake Acquisition Corp. II Units,NASDAQ,True,False
BWOW,Bitwise Dogecoin ETF,ARCA,True,False
CEV,Eaton Vance California Municipal Income Trust,AMEX,True,False
CLCV,Crossmark Large Cap Value ETF,ARCA,True,False
AACI,Armada Acquisition Corp. III Class A Ordinary Share,NASDAQ,True,False
AACG,ATA Creativity Global American Depositary Shares,NASDAQ,True,False
RTAC,Renatus Tactical Acquisition Corp I Class A Ordinary Shares,NASDAQ,True,False
CNCK,Coincheck Group N.V. Ordinary Shares,NASDAQ,True,False
HFRO.PRB,Highland Opportunities and Income Fund 5.375% Series B Cumulative Preferred Shares,NYSE,True,False
GMAR,FT Vest U.S. Equity Moderate Buffer ETF - March,BATS,True,False
IDVZ,Polen International Dividend Income Fund,BATS,True,False
FGIWW,FGI Industries Ltd. Warrant,NASDAQ,True,False
OPTXW,"Syntec Optics Holdings, Inc. Warrant",NASDAQ,True,False
STRR,"Star Equity Holdings, Inc. Common Stock",NASDAQ,True,False
PAI,Western Asset Investment Grade Income Fund Inc.,NYSE,True,False
ABXL,"Abacus Global Management, Inc. 9.875% Fixed Rate Senior Notes due 2028",NYSE,True,False
ORKT,Orangekloud Technology Inc. Class A Ordinary Shares,NASDAQ,True,False
KPRX,"Kiora Pharmaceuticals, Inc. Common Stock",NASDAQ,True,False
ABVEW,Above Food Ingredients Inc. Warrants,NASDAQ,True,False
ABVC,"ABVC BioPharma, Inc. Common Stock",NASDAQ,True,False
INTJ,Intelligent Group Limited Class A Ordinary Shares,NASDAQ,True,False
SOCA,Solarius Capital Acquisition Corp. Class A Ordinary Share,NASDAQ,True,False
AXIN,Axiom Intelligence Acquisition Corp 1 Class A Ordinary Shares,NASDAQ,True,False
RBNE,Robin Energy Ltd. Common Stock,NASDAQ,True,False
BRBI,BRBI BR Partners S.A. ADSs,NASDAQ,True,False
BSAAR,BEST SPAC I Acquisition Corp. Rights,NASDAQ,True,False
SUNE,"SUNation Energy, Inc. Common Stock",NASDAQ,True,False
SAAQ,Space Asset Acquisition Corp. Class A Ordinary Shares,NASDAQ,True,False
CMCM,"Cheetah Mobile Inc. American Depositary Shares, each representing fifty (50) Class A Ordinary Shares",NYSE,True,False
INLX,"Intellinetics, Inc.",AMEX,True,False
PAII.U,"Pyrophyte Acquisition Corp. II Units, each consisting of one Class A ordinary share and one-half of one redeemable warrant",NYSE,True,False
RSVRW,"Reservoir Media, Inc. Warrant",NASDAQ,True,False
BQ,Boqii Holding Limited,AMEX,True,False
VIXM,ProShares VIX Mid-Term Futures ETF,BATS,True,False
PCAPU,ProCap Acquisition Corp Unit,NASDAQ,True,False
FGMCR,FG Merger II Corp. Rights,NASDAQ,True,False
VOXP,Vox Populi ETF,BATS,True,False
NUAIW,"New Era Energy & Digital, Inc. Warrants",NASDAQ,True,False
CVM,Cel-Sci Corporation,AMEX,True,False
NPACW,New Providence Acquisition Corp. III Warrants,NASDAQ,True,False
NPACU,New Providence Acquisition Corp. III Units,NASDAQ,True,False
PDC,Perpetuals.com Ltd American Depositary Shares,NASDAQ,True,False
GDTC,CytoMed Therapeutics Limited Ordinary Shares,NASDAQ,True,False
ADAMZ,"Adamas Trust, Inc. 7.000% Series G Cumulative Redeemable Preferred Stock, $0.01 par value per share",NASDAQ,True,False
BOT,"RoboStrategy, Inc. Common Stock",NASDAQ,True,False
ARCLU,ARC Group Acquisition I Corp Unit,NASDAQ,True,False
PLYY,GraniteShares ETF Trust GraniteShares YieldBOOST PLTR ETF,NASDAQ,True,False
LWACU,LightWave Acquisition Corp. Units,NASDAQ,True,False
PMAP,PGIM S&P 500 Max Buffer ETF - April,BATS,True,False
EGG,Enigmatig Limited,AMEX,True,False
YQ,17 Education & Technology Group Inc. American Depositary Shares,NASDAQ,True,False
TMTS,Spartacus Acquisition Corp. II Class A Ordinary Shares,NASDAQ,True,False
VSME,VS Media Holdings Limited Class A Ordinary Shares,NASDAQ,True,False
ALISR,Calisa Acquisition Corp Right,NASDAQ,True,False
PRAY,FIS Christian Stock Fund,ARCA,True,False
VSEEW,"VSee Health, Inc. Warrant",NASDAQ,True,False
BZFDW,"BuzzFeed, Inc. Warrant",NASDAQ,True,False
PRSO,Peraso Inc. Common Stock,NASDAQ,True,False
PRSD,State Street Short Duration IG Public & Private Credit ETF,ARCA,True,False
VSEE,"VSee Health, Inc. Common Stock",NASDAQ,True,False
ELAB,PMGC Holdings Inc. Common Stock,NASDAQ,True,False
VSECU,VSE Corporation Tangible Equity Units,NASDAQ,True,False
VLN.WS,"Valens Semiconductor Ltd. Warrants, each warrant to purchase one-half of one Ordinary Share",NYSE,True,False
CPHI,"China Pharma Holdings, Inc.",AMEX,True,False
VIVK,"Vivakor, Inc. Common Stock",NASDAQ,True,False
VIOT,"Viomi Technology Co., Ltd American Depositary Shares",NASDAQ,True,False
VHCP,Vine Hill Capital Investment Corp. II Class A Ordinary Shares,NASDAQ,True,False
TLNCW,Talon Capital Corp. Warrants,NASDAQ,True,False
TLNCU,Talon Capital Corp. Units,NASDAQ,True,False
TCGL,TechCreate Group Ltd.,AMEX,True,False
TCBS,"Texas Community Bancshares, Inc. Common Stock",NASDAQ,True,False
TCBIO,"Texas Capital Bancshares, Inc. Depositary Shares 5.75% Fixed Rate Non-Cumulative Perpetual Preferred Stock Series B",NASDAQ,True,False
ADUR,Aduro Clean Technologies Inc. Common Stock,NASDAQ,True,False
IACOU,Idea Acquisition Corp. Units,NASDAQ,True,False
BOXL,Boxlight Corporation Class A Common Stock,NASDAQ,True,False
PLMKW,Plum Acquisition Corp. IV Warrants,NASDAQ,True,False
PRTO,RCN Pareto Strategic Allocation ETF,ARCA,True,False
TC,Token Cat Limited American Depositary Shares,NASDAQ,True,False
XCBEW,X3 Acquisition Corp. Ltd. Warrant,NASDAQ,True,False
CNCKW,Coincheck Group N.V. Warrants,NASDAQ,True,False
ILIT,iShares Trust iShares Lithium Miners and Producers ETF,NASDAQ,True,False
TAVIU,Tavia Acquisition Corp. Unit,NASDAQ,True,False
BRUN,Boost Run Inc. Class A Common Stock,NASDAQ,True,False
BOSC,B.O.S. Better Online Solutions Common Stock,NASDAQ,True,False
TAVIR,Tavia Acquisition Corp. Right,NASDAQ,True,False
BON,Bon Natural Life Limited Class A Ordinary Shares,NASDAQ,True,False
INCE,Franklin Income Equity Focus ETF,ARCA,True,False
INCM,Franklin Income Focus ETF,ARCA,True,False
IND,DBX ETF Trust Xtrackers Nifty 500 India ETF,NASDAQ,True,False
SYF.PRA,"Synchrony Financial Depositary Shares, each Representing a 1/40th Interest in a Share of 5.625% Fixed Rate Non-Cumulative Perpetual Preferred Stock, Series A",NYSE,True,False
RIME,"Algorhythm Holdings, Inc. Common Stock",NASDAQ,True,False
INDZ,VanEck India Select ETF,ARCA,True,False
VGMS,Vanguard Multi-Sector Income Bond ETF,BATS,True,False
RILYL,"BRC Group Holdings, Inc. Depositary Shares each representing 1/1000th in a share of 7.375% Series B Cumulative Perpetual Preferred Stock, par value $0.0001",NASDAQ,True,False
BOLT,"Bolt Biotherapeutics, Inc. Common Stock",NASDAQ,True,False
PSHG,Performance Shipping Inc. Common Shares,NASDAQ,True,False
PMTU,PennyMac Mortgage Investment Trust 8.50% Senior Notes due 2028,NYSE,True,False
ARBK,Argo Blockchain plc American Depositary Shares,NASDAQ,True,False
CXAIW,CXApp Inc. Warrant,NASDAQ,True,False
AFRIW,Forafric Global PLC Warrants,NASDAQ,True,False
FEMY,Femasys Inc. Common Stock,NASDAQ,True,False
INTL,Main International ETF,BATS,True,False
PRTS,"CarParts.com, Inc. Common Stock",NASDAQ,True,False
PRVS,Parnassus Value Select ETF,NYSE,True,False
JANW,AllianzIM U.S. Equity Buffer20 Jan ETF,BATS,True,False
NMFCZ,New Mountain Finance Corporation 8.250% Notes due 2028,NASDAQ,True,False
JFLX,JPMorgan Flexible Debt ETF,ARCA,True,False
NEGG,"Newegg Commerce, Inc. Common Shares",NASDAQ,True,False
GCTK,"GlucoTrack, Inc. Common Stock",NASDAQ,True,False
NEE.PRW,"NextEra Energy Capital Holdings, Inc. Series Z Junior Subordinated Debentures due April 15, 2086",NYSE,True,False
AHMA,Ambitions Enterprise Management Co. L.L.C Class A Ordinary Shares,NASDAQ,True,False
KOKU,Xtrackers MSCI Kokusai Equity ETF,ARCA,True,False
KROP,Global X Funds Global X AgTech & Food Innovation ETF,NASDAQ,True,False
KYLD,Kurv High Income ETF,BATS,True,False
NE.WSA,Noble Corporation plc Tranche 2 Warrants,NYSE,True,False
NBTX,Nanobiotix S.A. American Depositary Shares,NASDAQ,True,False
PSUS,"Pershing Square USA, Ltd.",NYSE,True,False
DLNG,DYNAGAS LNG PARNERS LP,NYSE,True,False
LTAX,Nomura Tax-Free USA ETF,ARCA,True,False
MCHS,Matthews International Funds Matthews China Innovators Active ETF,NASDAQ,True,False
NBRGU,Newbridge Acquisition Limited Unit,NASDAQ,True,False
NBRGR,Newbridge Acquisition Limited Rights,NASDAQ,True,False
NBCM,Neuberger Commodity Strategy ETF,ARCA,True,False
GASS,"StealthGas, Inc. Common Stock",NASDAQ,True,False
BFRIW,Biofrontera Inc. Warrants,NASDAQ,True,False
PFEB,Innovator U.S. Equity Power Buffer ETF - February,BATS,True,False
RFAIU,RF Acquisition Corp II Unit,NASDAQ,True,False
MKLYU,McKinley Acquisition Corporation Units,NASDAQ,True,False
RFAMU,RF Acquisition Corp III Units,NASDAQ,True,False
RFDI,First Trust Exchange-Traded Fund III First Trust RiverFront Dynamic Developed International ETF,NASDAQ,True,False
AHRT.PRA,"AH Realty Trust, Inc. 6.75% Series A Cumulative Redeemable Perpetual Preferred Stock",NYSE,True,False
AMS,American Shared Hospital Services,AMEX,True,False
RSPD,Invesco S&P 500 Equal Weight Consumer Discretionary ETF,ARCA,True,False
LICN,Lichen International Limited Class A Ordinary Shares,NASDAQ,True,False
DOGZ,Dogness (International) Corporation Class A Common Stock,NASDAQ,True,False
MKLY,McKinley Acquisition Corporation Class A Ordinary Shares,NASDAQ,True,False
KVACU,Keen Vision Acquisition Corporation Units,NASDAQ,True,False
SEA,U.S. Global Sea to Sky Cargo ETF,ARCA,True,False
MKDWW,MKDWELL Tech Inc. Warrants,NASDAQ,True,False
NTRP,"NextTrip, Inc. Common Stock",NASDAQ,True,False
SHEH,Shell plc ADRhedged,ARCA,True,False
MNYWW,MoneyHero Limited Warrants,NASDAQ,True,False
MKDW,MKDWELL Tech Inc. Ordinary Share,NASDAQ,True,False
ELWT,"Elauwit Connection, Inc. Common Stock",NASDAQ,True,False
SIXO,AllianzIM U.S. Equity 6 Month Buffer10 Apr/Oct ETF,BATS,True,False
BIXIW,Bitcoin Infrastructure Acquisition Corp Ltd. Warrant,NASDAQ,True,False
BIXI,Bitcoin Infrastructure Acquisition Corp Ltd. Class A Ordinary Shares,NASDAQ,True,False
BIVI,BioVie Inc. Class A Common Stock,NASDAQ,True,False
BEPI,Brookfield BRP Holdings (Canada) Inc. 4.875% Perpetual Subordinated Notes,NYSE,True,False
GIFT,"Giftify, Inc. Common Stock",NASDAQ,True,False
PRHI,"Presurance Holdings, Inc. Common Stock",NASDAQ,True,False
MLACU,Mountain Lake Acquisition Corp. Units,NASDAQ,True,False
ONCHU,1RT Acquisition Corp. Units,NASDAQ,True,False
REXR.PRB,"Rexford Industrial Realty, Inc. 5.875% Series B Cumulative Redeemable Preferred Stock",NYSE,True,False
SAJ,Saratoga Investment Corp. 8.00% Notes due 2027,NYSE,True,False
RECS,Columbia Research Enhanced Core ETF,ARCA,True,False
KULR,"KULR Technology Group, Inc.",AMEX,True,False
SZZLU,Sizzle Acquisition Corp. II Unit,NASDAQ,True,False
SYNX,Silynxcom Ltd.,AMEX,True,False
KTWOU,K2 Capital Acquisition Corporation Units,NASDAQ,True,False
SVAQ,Silicon Valley Acquisition Corp. Class A Ordinary Shares,NASDAQ,True,False
REKR,"Rekor Systems, Inc. Common Stock",NASDAQ,True,False
KTWOR,K2 Capital Acquisition Corporation Rights,NASDAQ,True,False
CYCN,"Cyclerion Therapeutics, Inc. Common Stock",NASDAQ,True,False
DNMXU,Dynamix Corporation III Unit,NASDAQ,True,False
LITB,"LightInTheBox Holding Co., Ltd. American Depositary Shares, each representing twelve ordinary shares",NYSE,True,False
BML.PRH,"Bank Of America Corporation Depositary Shares(Each representing a 1/1200th interest in a share of Bank of America Corporation Floating Rate Non-Cumulative Preferred Stock Series,2)",NYSE,True,False
SVACW,Spring Valley Acquisition Corp. III Warrant,NASDAQ,True,False
MYSEW,"Myseum.AI, Inc. Series A Warrant",NASDAQ,True,False
SSAC,SPACSphere Acquisition Corp. Class A Ordinary Shares,NASDAQ,True,False
APXTU,Apex Treasury Corporation Units,NASDAQ,True,False
KTWO,K2 Capital Acquisition Corporation Class A Ordinary Share,NASDAQ,True,False
BFS.PRE,"Saul Centers, Inc. Depositary Shares, each representing 1/100th of a share of 6.000% Series E Cumulative Redeemable Preferred Stock",NYSE,True,False
SINT,"SiNtx Technologies, Inc. Common Stock",NASDAQ,True,False
CHPGR,ChampionsGate Acquisition Corporation Rights,NASDAQ,True,False
KSCP,"Knightscope, Inc. Class A Common Stock",NASDAQ,True,False
KRSP.U,"Rice Acquisition Corporation 3 Units, each consisting of one Class A ordinary share, and one-sixth of one redeemable warrant",NYSE,True,False
COLAU,Columbus Acquisition Corp Unit,NASDAQ,True,False
KRKR,36Kr Holdings Inc. American Depositary Shares,NASDAQ,True,False
SAGT,SAGTEC GLOBAL LIMITED Class A Ordinary shares,NASDAQ,True,False
RWAYL,Runway Growth Finance Corp. 7.50% Notes due 2027,NASDAQ,True,False
MCI,Barings Corporate Investors,NYSE,True,False
THEQ,T. Rowe Price Hedged Equity ETF,ARCA,True,False
SOUNW,"SoundHound AI, Inc. Warrant",NASDAQ,True,False
RANGR,Range Capital Acquisition Corp. Rights,NASDAQ,True,False
GNLN,"Greenlane Holdings, Inc. Class A Common Stock",NASDAQ,True,False
NMP,NMP Acquisition Corp. Class A Ordinary Shares,NASDAQ,True,False
GLSI,"Greenwich LifeSciences, Inc. Common Stock",NASDAQ,True,False
TMH,Toyota Motor Corporation ADRhedged,ARCA,True,False
DLXY,Delixy Holdings Limited Class A Ordinary Shares,NASDAQ,True,False
SMX,SMX (Security Matters) Public Limited Company Ordinary Shares,NASDAQ,True,False
SMSI,"Smith Micro Software, Inc. Common Stock",NASDAQ,True,False
UFIV,"The RBB Fund, Inc. US Treasury 5 Year Note ETF",NASDAQ,True,False
SLNHP,"Soluna Holdings, Inc 9.0% Series A Cumulative Perpetual Preferred Stock",NASDAQ,True,False
GAB.PRG,The Gabelli Equity Trust Inc. Series G Cumulative Preferred,NYSE,True,False
SLNG,"Stabilis Solutions, Inc. Common Stock",NASDAQ,True,False
QRED.U,"QuasarEdge Acquisition Corporation Units, each consisting of one Ordinary Share and one right entitling the holder to receive one-fourth (1/4) of one Ordinary Share",NYSE,True,False
FTHAU,Forefront Tech Holdings Acquisition Corp Unit,NASDAQ,True,False
VAL.WS,Valaris Limited Warrants to purchase Common Shares,NYSE,True,False
CIMO,Chimera Investment Corporation 9.250% Senior Notes due 2029,NYSE,True,False
NRP,Natural Resource Partners L.P.,NYSE,True,False
GIG,GigCapital7 Corp. Class A Ordinary Share,NASDAQ,True,False
NPWR.WS,"NET Power Inc. Redeemable warrants, each whole warrant exercisable for one share of Class A Common Stock at an exercise price of $11.50",NYSE,True,False
VNMEW,Vendome Acquisition Corporation I Warrant,NASDAQ,True,False
PBCRY,PT BANK CENTRAL ASIA TBK ADR - Unsponsored (Indonesia),OTC,True,False
SBXE.WS,"SilverBox Corp V Redeemable warrants, each whole warrant exercisable for one Class A Ordinary Share at an exercise price of $11.50",NYSE,True,False
EURKU,Eureka Acquisition Corp Unit,NASDAQ,True,False
ENJ,"Entergy New Orleans, LLC First Mortgage Bonds, 5.0% Series due December 1, 2052",NYSE,True,False
FCRX,"Crescent Capital BDC, Inc. 5.00% Notes due 2026",NYSE,True,False
OMRNY,Omron Corporation Sponsored American Depositary Shares,OTC,True,False
NPAC,New Providence Acquisition Corp. III Class A Ordinary Shares,NASDAQ,True,False
NOVTU,Novanta Inc. Tangible Equity Units,NASDAQ,True,False
MGN,Megan Holdings Limited Class A Ordinary Shares,NASDAQ,True,False
MARPS,Marine Petroleum Trust Units of Beneficial Interest,NASDAQ,True,False
LZM.WS,"Lifezone Metals Limited Warrants, each whole warrant exercisable for one Ordinary Share at an exercise price of $11.50",NYSE,True,False
WIT,Wipro Limited,NYSE,True,False
SCPQW,Social Commerce Partners Corporation Warrant,NASDAQ,True,False
LXEH,"Lixiang Education Holding Co., Ltd. American Depositary Shares",NASDAQ,True,False
LNC.PRD,"Lincoln National Corporation Depositary Shares Each Representing a 1/1,000th Interest in a Share of 9.000% Non-Cumulative Preferred Stock, Series D",NYSE,True,False
YYYM,Amplify Municipal CEF High Income ETF,ARCA,True,False
DAIC,"CID HoldCo, Inc. Common Stock",NASDAQ,True,False
FTAIN,FTAI Aviation Ltd. 8.25% Fixed - Rate Reset Series C Cumulative Perpetual Redeemable Preferred Shares,NASDAQ,True,False
SCWO,374Water Inc. Common Stock,NASDAQ,True,False
FCNCO,"First Citizens BancShares, Inc. 5.625% Non-Cumulative Perpetual Preferred Stock, Series C",NASDAQ,True,False
MAAY,GraniteShares ETF Trust GraniteShares YieldBOOST MARA ETF,NASDAQ,True,False
FCNCN,"First Citizens BancShares, Inc. Depositary Shares, each representing a 1/40th interest in a share of 6.625% Non-Cumulative Perpetual Preferred Stock, Series E",NASDAQ,True,False
FCHL,Fitness Champs Holdings Limited Common Stock,NASDAQ,True,False
F.PRD,"Ford Motor Company 6.500% Notes due August 15, 2062",NYSE,True,False
BWIV.U,"Blue Water Acquisition Corp. IV Units, each consisting of one Class A ordinary share and one-half of one redeemable warrant",NYSE,True,False
BWBBP,"Bridgewater Bancshares, Inc. Depositary Shares, Each Representing a 1/100th Interest in a Share of 5.875% Non-Cumulative Perpetual Preferred Stock, Series A",NASDAQ,True,False
BUSEP,"First Busey Corporation Depositary Shares, Each Representing a 1/40thInterest in a Share of 8.25% Fixed-Rate Series B Non-Cumulative Perpetual Preferred Stock, $0.001 par value",NASDAQ,True,False
BNGO,"Bionano Genomics, Inc. Common Stock",NASDAQ,True,False
F.PRC,"Ford Motor Company 6.000% Notes due December 1, 2059",NYSE,True,False
BHFAL,"Brighthouse Financial, Inc. 6.25% Junior Subordinated Debentures due 2058",NASDAQ,True,False
ASBPW,"Aspire Biopharma Holdings, Inc. Warrant",NASDAQ,True,False
ASBP,"Aspire Biopharma Holdings, Inc. Common Stock",NASDAQ,True,False
WBS.PRG,"Webster Financial Corporation Depositary Shares, each representing a 1/40th interest in a share of 6.50% Series G noncumulative perpetual preferred stock",NYSE,True,False
ASB.PRF,"Associated Banc-Corp Depositary Shares, each representing a 1/40th interest in a share of Associated Banc-Corp 5. 625% Non-Cumulative Perpetual Preferred Stock, Series F",NYSE,True,False
AFGD,"American Financial Group, Inc. 5.625% Subordinated Debentures due 2060",NYSE,True,False
EZRA,"Reliance Global Group, Inc. Common Stock",NASDAQ,True,False
PMTR,Perimeter Acquisition Corp. I Class A Ordinary Shares,NASDAQ,True,False
EDHL,Everbright Digital Holding Limited Ordinary Shares,NASDAQ,True,False
AFGC,"American Financial Group, Inc. 5.125% Subordinated Debentures due 2059",NYSE,True,False
PPLC,PPL Corporation Corporate Units,NYSE,True,True
BCD,abrdn Bloomberg All Commodity Longer Dated Strategy K-1 Free ETF,ARCA,True,False
DX.PRC,"Dynex Capital, Inc. 6.900% Series C Fixed-to-Floating Rate Cumulative Redeemable Preferred Stock",NYSE,True,False
AFGB,"American Financial Group, Inc. 5.875% Subordinated Debentures due 2059",NYSE,True,False
AEMD,"Aethlon Medical, Inc. Common Stock",NASDAQ,True,False
SKHSY,Sekisui House Ltd American Depositary Shares,OTC,True,False
ACR.PRD,ACRES Commercial Realty Corp. 7.875% Series D Cumulative Redeemable Preferred Stock,NYSE,True,False
BWNB,"Babcock & Wilcox Enterprises, Inc. 6.50% Senior Notes due 2026",NYSE,True,False
COPL.U,"Copley Acquisition Corp Units, each consisting of one ordinary share and one-half warrant",NYSE,True,False
COAG,"Hemab Therapeutics Holdings, Inc. Common Stock",NASDAQ,True,False
CMIIU,Columbus Circle Capital Corp II Unit,NASDAQ,True,False
AACBR,Artius II Acquisition Inc. Rights,NASDAQ,True,False
HCMAW,HCM III Acquisition Corp. Warrants,NASDAQ,True,False
DUKR,DUKE Robotics Corp. Common Stock,NASDAQ,True,False
CMII,Columbus Circle Capital Corp II Class A Ordinary Shares,NASDAQ,True,False
BENF,Beneficient Class A Common Stock,NASDAQ,True,False
CCIXU,Churchill Capital Corp IX Unit,NASDAQ,True,False
BPYPP,Brookfield Property Partners L.P. 6.50% Class A Cumulative Redeemable Perpetual Preferred Units,NASDAQ,True,False
AMAN,Amanat Acquisition Corp Class A Ordinary Shares,NASDAQ,True,False
TCRX,"TScan Therapeutics, Inc. Common Stock",NASDAQ,True,False
ESP,Espey Mfg. & Electronics Corp,AMEX,True,False
EVAC.U,"EQV Ventures Acquisition Corp. II Units, each unit consists of one Class A ordinary share and one-third of one redeemable warrant",NYSE,True,False
FLUX,"Flux Power Holdings, Inc. Common Stock",NASDAQ,True,False
EVGN,Evogene Ltd Ordinary Shares,NASDAQ,True,False
FFAIW,Faraday Future Intelligent Electric Inc. Warrant,NASDAQ,True,False
TDACW,Translational Development Acquisition Corp. Warrants,NASDAQ,True,False
CCNEP,"CNB Financial Corporation Depositary Shares, each representing a 1/40th ownership interest in a share of 7.125% Series A Fixed-Rate Non-Cumulative Perpetual Preferred Stock",NASDAQ,True,False
GCBC,"Greene County Bancorp, Inc. Common Stock",NASDAQ,True,False
WFF,WF Holding Limited Ordinary Shares,NASDAQ,True,False
NICM,Nicola Mining Inc. American Depositary Shares,NASDAQ,True,False
MDAIW,"Spectral AI, Inc. Warrants",NASDAQ,True,False
GNL.PRE,"Global Net Lease, Inc. 7.375% Series E Cumulative Redeemable Perpetual Preferred Stock",NYSE,True,False
MBRX,"Moleculin Biotech, Inc. Common Stock",NASDAQ,True,False
MBIO,"Mustang Bio, Inc. Common Stock",NASDAQ,True,False
OBAWW,Oxley Bridge Acquisition Limited Warrants,NASDAQ,True,False
LPA,Logistic Properties of the Americas,AMEX,True,False
UBND,Victory Portfolios II VictoryShares Core Plus Bond ETF,NASDAQ,True,False
TDAX,TDAQ Lift ETF,BATS,True,False
LNKS,Linkers Industries Limited Class A Ordinary Shares,NASDAQ,True,False
FCRS.WS,"FutureCrest Acquisition Corp. Redeemable warrants, each whole warrant exercisable for one Class A ordinary share at an exercise price of $11.50",NYSE,True,False
KVAC,Keen Vision Acquisition Corporation Ordinary Shares,NASDAQ,True,False
KIDZW,"Classover Holdings, Inc. Warrants",NASDAQ,True,False
BSAAU,BEST SPAC I Acquisition Corp. Unit,NASDAQ,True,False
AUMI,Themes ETF Trust Themes Gold Miners ETF,NASDAQ,True,False
BSAA,BEST SPAC I Acquisition Corp. Class A Ordinary Shares,NASDAQ,True,False
ITHAW,ITHAX Acquisition Corp III Warrants,NASDAQ,True,False
INDO,Indonesia Energy Corporation Limited,AMEX,True,False
HUBCW,Hub Cyber Security Ltd. Warrant 2/27/28,NASDAQ,True,False
AISPW,"Airship AI Holdings, Inc. Warrants",NASDAQ,True,False
AISP,"Airship AI Holdings, Inc. Class A Common Stock",NASDAQ,True,False
INACU,Indigo Acquisition Corp. Unit,NASDAQ,True,False
GPMT.PRA,Granite Point Mortgage Trust Inc. 7.00% Series A Fixed-to-Floating Rate Cumulative Redeemable Preferred Stock,NYSE,True,False
ARQQW,Arqit Quantum Inc. Warrants,NASDAQ,True,False
ADAML,"Adamas Trust, Inc. 6.875% Series F Fixed-to-Floating Rate Cumulative Redeemable Preferred Stock, $0.01 par value per share",NASDAQ,True,False
DCOY,Decoy Therapeutics Inc. Common Stock,NASDAQ,True,False
CPLB,NYLI MacKay Core Plus Bond ETF,ARCA,True,False
TSI,"TCW Strategic Income Fund, Inc.",NYSE,True,False
ADACW,American Drive Acquisition Company Warrant,NASDAQ,True,False
ADACU,American Drive Acquisition Company Units,NASDAQ,True,False
KYIVW,Kyivstar Group Ltd. Warrant,NASDAQ,True,False
DBCAU,D. Boral Acquisition I Corp. Unit,NASDAQ,True,False
RILYZ,"BRC Group Holdings, Inc. 5.25% Senior Notes due 2028",NASDAQ,True,False
LOKV,Live Oak Acquisition Corp. V Class A Ordinary Shares,NASDAQ,True,False
ILLUW,Illumination Acquisition Corp I Warrant,NASDAQ,True,False
TDEC,FT Vest Emerging Markets Buffer ETF - December,BATS,True,False
IPCXR,Inflection Point Acquisition Corp. III Rights,NASDAQ,True,False
ILLUU,Illumination Acquisition Corp I Units,NASDAQ,True,False
ECCU,Eagle Point Credit Company Inc. 7.75% Notes due 2030,NYSE,True,False
HBNB,Hotel101 Global Holdings Corp. Class A Ordinary Shares,NASDAQ,True,False
ILLU,Illumination Acquisition Corp I Class A Ordinary Shares,NASDAQ,True,False
HBRD,Invesco U.S. Hybrid Bond ETF,ARCA,True,False
IBGA,iShares Trust iShares iBonds Dec 2044 Term Treasury ETF,NASDAQ,True,False
HCACR,Hall Chadwick Acquisition Corp Rights,NASDAQ,True,False
SNYR,Synergy CHC Corp. Common Stock,NASDAQ,True,False
RZLVW,Rezolve AI PLC Warrants,NASDAQ,True,False
WALDW,Waldencast plc Warrant,NASDAQ,True,False
RVP,"Retractable Technologies, Inc",AMEX,True,False
EROK,"EagleRock Land, LLC",NYSE,True,False
GIXXR,GigCapital9 Corp. Rights,NASDAQ,True,False
IMA,"ImageneBio, Inc. Common Stock",NASDAQ,True,False
SPKLW,Spark I Acquisition Corp. Warrant,NASDAQ,True,False
NOTV,"Inotiv, Inc. Common Stock",NASDAQ,True,False
NREF.PRA,"NexPoint Real Estate Finance, Inc. 8.50% Series A Cumulative Redeemable Preferred Stock",NYSE,True,False
ORIQW,Origin Investment Corp I Warrant.,NASDAQ,True,False
NHICW,NewHold Investment Corp III Warrants,NASDAQ,True,False
NHICU,NewHold Investment Corp III Units,NASDAQ,True,False
DIT,AMCON Distributing Co.,AMEX,True,False
CBIO,"Crescent Biopharma, Inc. Common Stock",NASDAQ,True,False
BRK.A,Berkshire Hathaway Inc.,NYSE,True,False
TLYS,Tilly's Inc.,NYSE,True,False
NEXRW,Nexera Technologies Ltd Warrant,NASDAQ,True,False
BYSI,BeyondSpring Inc. Ordinary Shares,NASDAQ,True,False
GIXXU,GigCapital9 Corp. Units,NASDAQ,True,False
TVAIR,Thayer Ventures Acquisition Corporation II Rights,NASDAQ,True,False
UDI,USCF Dividend Income Fund,ARCA,True,False
KTUP,T-REX 2X Long KTOS Daily Target ETF,BATS,True,False
SOUL,Soulpower Acquisition Corporation,NYSE,True,False
NATH,"Nathan's Famous, Inc. Common Stock",NASDAQ,True,False
CEPO,"Cantor Equity Partners I, Inc. Class A Ordinary Shares",NASDAQ,True,False
LRGE,Legg Mason ETF Investment Trust ClearBridge Large Cap Growth Select ETF,NASDAQ,True,False
SIMA,SIM Acquisition Corp. I Class A Ordinary Shares,NASDAQ,True,False
PTORU,Praetorian Acquisition Corp. Units,NASDAQ,True,False
ABTS,Abits Group Inc Ordinary Shares,NASDAQ,True,False
AACOW,Abony Acquisition Corp. I Warrants,NASDAQ,True,False
POLEU,Andretti Acquisition Corp. II Unit,NASDAQ,True,False
ZNB,Zeta Network Group Class A Ordinary Shares,NASDAQ,True,False
MKTAY,Makita Corp. American Depositary Shares,OTC,True,False
REXC,Sprott Funds Trust Sprott Rare Earths Ex-China ETF,NASDAQ,True,False
ALISU,Calisa Acquisition Corp Units,NASDAQ,True,False
NTWOU,Newbury Street II Acquisition Corp Unit,NASDAQ,True,False
PBMWW,Psyence Biomedical Ltd. Warrant,NASDAQ,True,False
BACCR,Blue Acquisition Corp. Right,NASDAQ,True,False
ZCMD,Zhongchao Inc. Class A Ordinary Shares,NASDAQ,True,False
TOPP,Toppoint Holdings Inc.,AMEX,True,False
BATL,Battalion Oil Corporation,AMEX,True,False
BEATW,"Heartbeam, Inc. Warrant",NASDAQ,True,False
CJMB,Callan JMB Inc. Common Stock,NASDAQ,True,False
HSQVY,Husqvarna AB Sponsored ADR representing 2 Class B shares (Sweden),OTC,True,False
VECA.U,"Vernal Capital Acquisition Corp. Units, each consisting of one Ordinary Share and one Right",NYSE,True,False
CMRE.PRD,"Costamare Inc.  8.75% Series D Cumulative Redeemable Perpetual Preferred Stock, $0.0001 par",NYSE,True,False
CLDT.PRA,Chatham Lodging Trust 6.625% Series A Cumulative Redeemable Preferred Shares of Beneficial Interest,NYSE,True,False
MAMK,MaxsMaking Inc. Class A Ordinary Shares,NASDAQ,True,False
CMDY,iShares Bloomberg Roll Select Commodity Strategy ETF,ARCA,True,False
CING,Cingulate Inc. Common Stock,NASDAQ,True,False
DYORW,Insight Digital Partners II Warrants,NASDAQ,True,False
XEML,Xtrackers Europe Market Leaders ETF,BATS,True,False
SPPL,SIMPPLE LTD. Ordinary Shares,NASDAQ,True,False
OABIW,"OmniAb, Inc. Warrant",NASDAQ,True,False
QLC,FlexShares US Quality Large Cap Index Fund,BATS,True,False
CDR.PRC,"Cedar Realty Trust, Inc. 6.50% Series C Cumulative Redeemable Preferred Stock",NYSE,True,False
XSLLU,Xsolla SPAC 1 Units,NASDAQ,True,False
SDSTW,Stardust Power Inc. Warrant,NASDAQ,True,False
CATO,CATO CORP,NYSE,True,False
ZSB,USCF Sustainable Battery Metals Strategy Fund,ARCA,True,False
CV,"CapsoVision, Inc. Common Stock",NASDAQ,True,False
ZSQR,Z Squared Inc. Common Stock,NASDAQ,True,False
ZTAX,X-Square Municipal Income ETF,ARCA,True,False
ZTEK,Zentek Ltd. Common Stock,NASDAQ,True,False
XCBE,X3 Acquisition Corp. Ltd. Class A Ordinary Shares,NASDAQ,True,False
SBXD,SilverBox Corp IV,NYSE,True,False
HUMAW,"Humacyte, Inc. Warrant",NASDAQ,True,False
XBP,"XBP Global Holdings, Inc. Common Stock",NASDAQ,True,False
APYX,Apyx Medical Corporation Common Stock,NASDAQ,True,False
MACIW,Melar Acquisition Corp. I Warrant,NASDAQ,True,False
OGCP,"Empire State Realty OP, L.P. Series 60",ARCA,True,False
XBIO,"Xenetic Biosciences, Inc. Common Stock",NASDAQ,True,False
BCDA,"BioCardia, Inc. Common Stock",NASDAQ,True,False
SOAR,"Volato Group, Inc.",AMEX,True,False
WRB.PRG,W.R. Berkley Corporation 4.25% Subordinated Debentures due 2060,NYSE,True,False
APLM,Apollomics Inc. Class A Ordinary Shares,NASDAQ,True,False
WRB.PRF,W.R. Berkley Corporation 5.10% Subordinated Debentures due 2059,NYSE,True,False
CPSJ,Calamos S&P 500 Structured Alt Protection ETF - July,ARCA,True,False
CPSL,Calamos Laddered S&P 500 Structured Alt Protection ETF,BATS,True,False
DRLL,Strive U.S. Energy ETF,NYSE,True,False
EVO,Evotec SE American Depositary Shares,NASDAQ,True,False
BMGL,Basel Medical Group Ltd Ordinary Shares,NASDAQ,True,False
GRAF.U,"Graf Global Corp. Units, each consisting of one Class A ordinary share and one-half of one redeemable warrant",AMEX,True,False
GURE,"Gulf Resources, Inc. (NV) Common Stock",NASDAQ,True,False
IMRN,Immuron Limited American Depositary Shares,NASDAQ,True,False
IMST,Bitwise MSTR Option Income Strategy ETF,ARCA,True,False
WPAC,White Pearl Acquisition Corp.,NYSE,True,False
JMUB,JPMorgan Municipal ETF,ARCA,True,False
JPME,JPMorgan Diversified Return US Mid Cap Equity ETF,ARCA,True,False
JPO,YieldMax JP Option Income Strategy ETF,ARCA,True,False
MS.PRI,"MORGAN STANLEY Depositary Shares, each representing 1/1,000th of a share of Fixed-to-Floating Rate Non-Cumulative Preferred Stock, Series I",NYSE,True,False
WNW,Meiwu Technology Company Limited Ordinary Shares,NASDAQ,True,False
WLKP,WESTLAKE CHEMICAL PARTNERS LP,NYSE,True,False
MRNO,Murano Global Investments PLC Ordinary Shares,NASDAQ,True,False
MYPSW,"PLAYSTUDIOS, Inc. Warrant",NASDAQ,True,False
WFC.PRZ,"Wells Fargo & Company Depositary Shares, each representing a 1/1,000th interest in a share of Non-Cumulative Perpetual Class A Preferred Stock, Series Z",NYSE,True,False
VVOS,"Vivos Therapeutics, Inc. Common Stock",NASDAQ,True,False
LNOK,Defiance Daily Target 2X Long NOK ETF,BATS,True,False
NVDO,Leverage Shares 2x Capped Accelerated NVDA Monthly ETF,BATS,True,False
NVII,REX NVDA Growth & Income ETF,BATS,True,False
OSRH,"OSR Holdings, Inc. Common Stock",NASDAQ,True,False
OSCG,Themes ETF Trust Leverage Shares 2X Long OSCR Daily ETF,NASDAQ,True,False
PFXNZ,PhenixFIN Corporation 5.25% Notes due 2028,NASDAQ,True,False
PLTS,Platinum Analytics Cayman Limited Class A Ordinary Shares,NASDAQ,True,False
PLTU,Direxion Shares ETF Trust Direxion Daily PLTR Bull 2X ETF,NASDAQ,True,False
RC.PRC,Ready Capital Corporation 6.25% Series C Cumulative Convertible Preferred Stock,NYSE,True,False
QALT,SEI Exchange Traded Funds SEI DBi Multi-Strategy Alternative ETF,NASDAQ,True,False
PCAP,ProCap Acquisition Corp Class A Ordinary Shares,NASDAQ,True,False
IACQU,Irenic Acquisition Corp. Unit,NASDAQ,True,False
QARP,Xtrackers Russell 1000 US Quality at a Reasonable Price ETF,ARCA,True,False
IMCC,IM Cannabis Corp. Common Shares,NASDAQ,True,False
RNTY,YieldMax Target 12 Real Estate Option Income ETF,ARCA,True,False
SSK,REX-Osprey SOL + Staking ETF,BATS,True,False
CRIS,"Curis, Inc. Common Stock",NASDAQ,True,False
TAXF,American Century Diversified Municipal Bond ETF,ARCA,True,False
TRIB,Trinity Biotech plc American Depositary Shares,NASDAQ,True,False
AUC,ATIF Holdings Limited Ordinary Shares,NASDAQ,True,False
TVAIU,Thayer Ventures Acquisition Corporation II Unit,NASDAQ,True,False
VSDB,Vanguard Short Duration Bond ETF,BATS,True,False
WTG,Wintergreen Acquisition Corp. Ordinary Shares,NASDAQ,True,False
TRGSU,TRG Latin America Acquisitions Corp. Units,NASDAQ,True,False
TRGSR,TRG Latin America Acquisitions Corp. Rights,NASDAQ,True,False
AUST,Austin Gold Corp.,AMEX,True,False
TNMG,TNL Mediagene Ordinary Shares,NASDAQ,True,False
XRPNW,Armada Acquisition Corp. II Warrant,NASDAQ,True,False
ELUT,Elutia Inc. Class A Common Stock,NASDAQ,True,False
VMAX,Hartford US Value ETF,BATS,True,False
TMUSZ,"T-Mobile US, Inc. 5.500% Senior Notes due March 2070",NASDAQ,True,False
COOTW,Australian Oilseeds Holdings Limited Warrant,NASDAQ,True,False
SPME,"Sound Point Meridian Capital, Inc. 7.875% Series B Preferred Shares due 2030",NYSE,True,False
NAMMW,Namib Minerals Warrants,NASDAQ,True,False
KNO,AXS Knowledge Leaders ETF,ARCA,True,False
TMUSL,"T-Mobile US, Inc. 6.250% Senior Notes due 2069",NASDAQ,True,False
NUSB,NuShares ETF Trust Nuveen Ultra Short Income ETF,NASDAQ,True,False
SER,"Serina Therapeutics, Inc.",AMEX,True,False
BCAB,"BioAtla, Inc. Common Stock",NASDAQ,True,False
KTH,"Structured Products CorTS PECO Energy Cap Trust III, 8% Cert.",NYSE,True,False
TMTSW,Spartacus Acquisition Corp. II Warrants,NASDAQ,True,False
CHEC,Chenghe Acquisition III Co. Class A Ordinary Share,NASDAQ,True,False
HSPTR,Horizon Space Acquisition II Corp. Right,NASDAQ,True,False
MTR,Mesa Royalty Trust,NYSE,True,False
SPG.PRJ,"Simon Property Group, Inc. 8 3/8% Series J",NYSE,True,False
ELLO,Ellomay Capital LTD,AMEX,True,False
CCIIU,Cohen Circle Acquisition Corp. II Unit,NASDAQ,True,False
LALT,First Trust Multi-Strategy Alternative ETF,ARCA,True,False
LQDI,iShares Inflation Hedged Corporate Bond ETF,BATS,True,False
SFTBY,Softbank Group American Depositary Receipts - Unsponsored,OTC,True,False
SPEGR,Silver Pegasus Acquisition Corp Rights.,NASDAQ,True,False
SPE.PRC,"Special Opportunities Fund, Inc. 2.75% Convertible Preferred Stock, Series C",NYSE,True,False
SNAL,"Snail, Inc. Class A Common Stock",NASDAQ,True,False
STRNY,Severn Trent Plc Sponsored ADR (UK),OTC,True,False
SCAGW,Scage Future Warrants,NASDAQ,True,False
SB.PRD,"Safe Bulkers, Inc. 8.00% Series D",NYSE,True,False
QRED,QuasarEdge Acquisition Corporation,NYSE,True,False
QLEP.U,"Quantum Leap Acquisition Corp Units, each consisting of one Class A ordinary share and one redeemable warrant",NYSE,True,False
JAPAY,Japan Tobacco Unsponsored American Depository Receipt ( Japan),OTC,True,False
BTTC,Black Titan Corporation Ordinary Shares,NASDAQ,True,False
POLE,Andretti Acquisition Corp. II Class A Ordinary Shares,NASDAQ,True,False
BTT,BlackRock Municipal 2030 Target Term Trust,NYSE,True,False
FISK,"Empire State Realty OP, L.P. Series 250",ARCA,True,False
SIMAU,SIM Acquisition Corp. I Unit,NASDAQ,True,False
POLA,"Polar Power, Inc. Common Stock",NASDAQ,True,False
PMTW,PennyMac Mortgage Investment Trust 9.00% Senior Notes due 2030,NYSE,True,False
PMN,ProMIS Neurosciences Inc. Common Shares (ON),NASDAQ,True,False
PMCB,"PharmaCyte Biotech, Inc. Common Stock",NASDAQ,True,False
MKKGY,"Merck KGaA, Darmstadt, Germany American Depositary Receipts - Sponsored",OTC,True,False
PMAX,Powell Max Limited Class A Ordinary Shares,NASDAQ,True,False
GMVHY,ENTAIN PLC American Depositary Receipts - Unsponsored,OTC,True,False
PLUT,Plutus Financial Group Limited Ordinary Shares,NASDAQ,True,False
PBM,Psyence Biomedical Ltd. Common Shares,NASDAQ,True,False
MVSTW,"Microvast Holdings, Inc. Warrants",NASDAQ,True,False
PARK,"Park Dental Partners, Inc. Common Stock",NASDAQ,True,False
PAPL,Pineapple Financial Inc.,AMEX,True,False
TROT,Invesco MSCI Treasury Duration Rotation ETF,ARCA,True,False
SIM,"Groupo Simec, S.A.B de C.V.",AMEX,True,False
BRBS,"Blue Ridge Bankshares, Inc.",AMEX,True,False
DBO,Invesco DB Oil Fund,ARCA,True,False
XLO,"Xilio Therapeutics, Inc. Common Stock",NASDAQ,True,False
OIM,OneIM Acquisition Corp. Class A Ordinary Shares,NASDAQ,True,False
AWRE,"Aware, Inc. Common Stock",NASDAQ,True,False
GBF,iShares Government/Credit Bond ETF,ARCA,True,False
APC,ARKO Petroleum Corp. Class A Common Stock,NASDAQ,True,False
RCMT,"RCM Technologies, Inc. Common Stock",NASDAQ,True,False
GS.PRA,"Goldman Sachs Group, Inc. (The) Depositary shares",NYSE,True,False
CLPHY,CLP Holdings Ltd Sponsored ADR,OTC,True,False
CRK,"Comstock Resources, Inc.",NYSE,True,True
FANUY,Fanuc Corporation Unsponsored ADR (Japan),OTC,True,False
OFSSO,OFS Capital Corporation 7.50% Notes due 2028,NASDAQ,True,False
SGAPY,Singapore Telecommunications Limited Sponsored ADR New 2006 (Singapore),OTC,True,False
CAAA,First Trust AAA CMBS ETF,ARCA,True,False
OFSSH,OFS Capital Corporation 4.95% Notes due 2028,NASDAQ,True,False
THKLY,T H K Co Ltd Unsponsored ADR (Japan),OTC,True,False
UBSFY,Ubi Soft Entertainment Sa Unsponsored ADR (France),OTC,True,False
OFAL,OFA Group Class A Ordinary Shares,NASDAQ,True,False
ODYS,Odysight.ai Inc. Common Stock,NASDAQ,True,False
AIB,"BlockchAIn Digital Infrastructure, Inc",AMEX,True,False
ODVWZ,Osisko Development Corp. Warrant expiring 5/27/2027,NASDAQ,True,False
ODTX,"Odyssey Therapeutics, Inc. Common Stock",NASDAQ,True,False
EFZ,ProShares Trust Short MSCI EAFE,ARCA,True,False
NWGL,CL Workshop Group Limited American Depositary Shares,NASDAQ,True,False
NWAX.WS,"New America Acquisition I Corp. Warrants, each whole warrant is exercisable to purchase one share of Class A common stock",NYSE,True,False
NWAX,New America Acquisition I Corp.,NYSE,True,False
DY,"Dycom Industries, Inc.",NYSE,True,True
CFND,C1 Fund Inc.,NYSE,True,False
TSYY,GraniteShares ETF Trust GraniteShares YieldBOOST TSLA ETF,NASDAQ,True,False
LAFAR,LaFayette Acquisition Corp. Rights,NASDAQ,True,False
STTSY,Straits Trading Company Limited (The) Unsponsored ADR (Singapore),OTC,True,False
NVVE,Nuvve Holding Corp. Common Stock,NASDAQ,True,False
XRPZ,Franklin XRP ETF,ARCA,True,False
KHPI,Kensington Hedged Premium Income ETF,BATS,True,False
NVNIW,Nvni Group Limited Warrants,NASDAQ,True,False
NUTR,Nusatrip Incorporated Common Stock,NASDAQ,True,False
NUCLW,Eagle Nuclear Energy Corp. Warrants,NASDAQ,True,False
NUCL,Eagle Nuclear Energy Corp. Common stock,NASDAQ,True,False
NTWO,Newbury Street II Acquisition Corp Class A Ordinary Shares,NASDAQ,True,False
NTRSO,"Northern Trust Corporation Depositary Shares Each Representing a 1/1,000th Interest in a Share of Series E Non-Cumulative Perpetual Preferred Stock",NASDAQ,True,False
KJUN,Innovator U.S. Small Cap Power Buffer ETF - June,BATS,True,False
NTRBW,Nutriband Inc. Warrant,NASDAQ,True,False
NRSN,NeuroSense Therapeutics Ltd. Ordinary Shares,NASDAQ,True,False
KTEC,KraneShares Hang Seng TECH Index ETF,ARCA,True,False
MTB.PRH,"M&T Bank Corporation Perpetual Fixed-to-Floating Rate Non- Cumulative Preferred Stock, Series H",NYSE,True,False
MTAL.WS,"Metals Acquisition Corp. II Warrants, each whole warrant exercisable for one Class A ordinary share at an exercise price of $11.50 per share",NYSE,True,False
MNY,MoneyHero Limited Class A Ordinary Shares,NASDAQ,True,False
MNSBP,"MainStreet Bancshares, Inc. Depositary Shares",NASDAQ,True,False
ZKPU,Lafayette Digital Acquisition Corp. I Unit,NASDAQ,True,False
ZCBA,Global X Zero Coupon Bond 2030 ETF,ARCA,True,False
QBIEY,QBE INSURANCE GROUP LTD SPONSORED ADR (Australia),OTC,True,False
MHNC,"MAIDEN HOLDINGS NORTH AMERICA, LTD",NYSE,True,False
MGRT,Mega Fortune Company Limited Ordinary Shares,NASDAQ,True,False
MGRE,"Affiliated Managers Group, Inc. 6.750% Junior Subordinated Notes due 2064",NYSE,True,False
RYKKY,Ryohin Keikaku Co Ltd (Jpn) Unsponsored ADR (Japan),OTC,True,False
WFAFY,Wesfarmers Ltd American Depositary Receipts - Unsponsored,OTC,True,False
MGRD,"Affiliated Managers Group, Inc. 4.200% Junior Subordinated Notes due 2061",NYSE,True,False
MGR,"Affiliated Managers Group, Inc. 5.875% Junior Subordinated Notes due 2059",NYSE,True,False
MFICL,MidCap Financial Investment Corporation 8.00% Notes due 2028,NASDAQ,True,False
DKILY,Daikin Inds Ltd Unsponsored ADR (Japan),OTC,True,False
KMPB,Kemper Corporation 5.875% Fixed-Rate Reset Junior Subordinated Debentures due 2062,NYSE,True,False
QTEX,QTREX Quantum Ltd. Ordinary Shares,NASDAQ,True,False
JLHL,Julong Holding Limited Class A Ordinary Shares,NASDAQ,True,False
ELUXY,AB Electrolux Class B American Depositary Receipts,OTC,True,False
MSOO,Leverage Shares 2x Capped Accelerated MSTR Monthly ETF,BATS,True,False
IGAC,Invest Green Acquisition Corporation Class A Ordinary Shares,NASDAQ,True,False
GRO,Brazil Potash Corp.,AMEX,True,False
FTRK,FAST TRACK GROUP Ordinary shares,NASDAQ,True,False
STEW,"SRH Total Return Fund, Inc.",NYSE,True,False
DFDVW,DeFi Development Corp. Warrant,NASDAQ,True,False
DETX,"Liberty Defense Holdings, Ltd. Common Shares",NASDAQ,True,False
SHZHY,SHENZHOU INTL GROUP HLDGS LTD American Depositary Receipts - Unsponsored,OTC,True,False
BIO.B,"Bio-Rad Laboratories, Inc. Class B",NYSE,True,False
CMWAY,Commonwealth Bank Of Australia Sponsored ADR (Australia),OTC,True,False
BMRRY,B&M EUROPEAN VALUE RETAIL PLC ADR - Unsponsored (Jersey),OTC,True,False
BIII.WS,"Black Spade Acquisition III Co Redeemable warrants, each whole warrant exercisable for one Class A ordinary share at an exercise price of $11.50",NYSE,True,False
BIII.U,"Black Spade Acquisition III Co Units, each consisting of one Class A ordinary share and one-third of one redeemable warrant",NYSE,True,False
BIII,Black Spade Acquisition III Co,NYSE,True,False
AIRE,reAlpha Tech Corp. Common Stock,NASDAQ,True,False
AVAZ,2x Avalanche ETF,BATS,True,False
BURBY,Burberry Group Plc Sponsored ADR,OTC,True,False
SSMXY,Sysmex Corporation Unsponsored ADR (Japan),OTC,True,False
CCOR,Core Alternative Capital,ARCA,True,False
CGVV,Capital Group U.S. Large Value ETF,ARCA,True,False
BHFAN,"Brighthouse Financial, Inc. Depositary shares, each representing a 1/1,000th interest in a share of 5.375% Non-Cumulative Preferred Stock, Series C",NASDAQ,True,False
CRDD,Cardano ETF,BATS,True,False
ILLR,Triller Group Inc. Common Stock,NASDAQ,True,False
IOPP,Simplify Tara India Opportunities ETF,ARCA,True,False
DGIN,VanEck Digital India ETF,ARCA,True,False
BHFAM,"Brighthouse Financial, Inc. Depositary shares each representing a 1/1,000th Interest in a Share of 4.625% Non-Cumulative Preferred Stock, Series D",NASDAQ,True,False
CXAI,CXApp Inc. Class A Common Stock,NASDAQ,True,False
CRHKY,China Resources Beer Holdings Company Limited American Depositary Receipts - Sponsored,OTC,True,False
FGBIP,"First Guaranty Bancshares, Inc. 6.75% Series A Fixed-Rate Non-Cumulative Perpetual Preferred Stock",NASDAQ,True,False
KVACW,Keen Vision Acquisition Corporation Warrant,NASDAQ,True,False
BENFW,Beneficient Warrant,NASDAQ,True,False
CXH,MFS Investment Grade Municipal Trust,NYSE,True,False
HACQ,HCM IV Acquisition Corp. Class A Ordinary Share,NASDAQ,True,False
EBKDY,Erste Group Bank AG Sponsored ADR (Austria),OTC,True,False
BPHLY,Bank of the Philippine Islands BPI Unsponsored ADR (Philippines),OTC,True,False
BUDA,"Buda Juice, Inc.",AMEX,True,False
SPKLU,Spark I Acquisition Corp. Unit,NASDAQ,True,False
IPFXU,Inflection Point Acquisition Corp. VI Units,NASDAQ,True,False
BZAIW,"Blaize Holdings, Inc. Warrants",NASDAQ,True,False
SOBR,"SOBR Safe, Inc. Common Stock",NASDAQ,True,False
AZTR,Azitra Inc,AMEX,True,False
SCMWY,Swisscom AG Common Stock,OTC,True,False
AZI,Autozi Internet Technology (Global) Ltd. Class A Ordinary Shares,NASDAQ,True,False
MVO,MV Oil Trust,NYSE,True,False
ESSC,Eventide Small Cap ETF,ARCA,True,False
GIWWR,GigCapital8 Corp. Rights,NASDAQ,True,False
DNMXW,Dynamix Corporation III Warrants,NASDAQ,True,False
CXRN,Teucrium 2x Daily Corn ETF,ARCA,True,False
CITR,CitroTech Inc.,AMEX,True,False
PRT,PermRock Royalty Trust Trust Unit,NYSE,True,False
KRAQ,KRAKacquisition Corp Class A Ordinary Shares,NASDAQ,True,False
F.PRB,"Ford Motor Company 6.20% Notes due June 1, 2059",NYSE,True,False
DGOC,FT Vest U.S. Equity Buffer & Digital Return  ETF - October,BATS,True,False
GLDN,Nicholas Gold Income ETF,ARCA,True,False
AGM.PRG,"Federal Agricultural Mortgage Corporation 4.875% Non-Cumulative Preferred Stock, Series G",NYSE,True,False
VERS,ProShares Metaverse ETF,ARCA,True,False
NDEKY,NITTO DENKO CORP American Depositary Receipts - Unsponsored (Japan),OTC,True,False
AGM.PRE,"Federal Agricultural Mortgage Corporation 5.750% Non-Cumulative Preferred Stock, Series E",NYSE,True,False
AGM.PRD,"Federal Agricultural Mortgage Corporation 5.700% Non-Cumulative Preferred Stock, Series D",NYSE,True,False
ETS,Elite Express Holding Inc. Class A Common Stock,NASDAQ,True,False
HENKY,HENKEL AG & CO KGAA SPONSORED ADR REPSTG ORD SHS (Germany),OTC,True,False
LIVE,Live Ventures Incorporated Common Stock,NASDAQ,True,False
DFNSW,T3 Defense Inc. Warrants,NASDAQ,True,False
TRNR,Interactive Strength Inc. Common Stock,NASDAQ,True,False
ANGHW,Anghami Inc. Warrants,NASDAQ,True,False
SMERY,Siemens Energy AG American Depositary Receipts - Sponsored (Germany),OTC,True,False
TOMZ,"TOMI Environmental Solutions, Inc. Common Stock",NASDAQ,True,False
TELNY,TELENOR ASA SPONSORED ADR (Norway),OTC,True,False
TOIIW,"The Oncology Institute, Inc. Warrant",NASDAQ,True,False
SKHHY,Sonic Healthcare Ltd American Depositary Receipts - Sponsored,OTC,True,False
SGRP,"SPAR Group, Inc. Common Stock",NASDAQ,True,False
SGP,"SpyGlass Pharma, Inc. Common Stock",NASDAQ,True,False
SGLY,Singularity Future Technology Ltd. Common Stock,NASDAQ,True,False
SENEB,Seneca Foods Corp. Class B Common Stock,NASDAQ,True,False
NEWTP,"NewtekOne, Inc. Depositary Shares, Non-Cumulative Perpetual Preferred Stock, Series B",NASDAQ,True,False
ESLA,"Estrella Immunopharma, Inc. Common Stock",NASDAQ,True,False
GEVX,Tradr 2X Long GEV Daily ETF,BATS,True,False
FBGL,FBS Global Limited Ordinary Shares,NASDAQ,True,False
SAXPY,SAMPO OYJ ADR - Unsponsored (Finland),OTC,True,False
DXST,Decent Holding Inc Class A Ordinary Shares,NASDAQ,True,False
ORKLY,ORKLA A S SPONSORED ADR (Norway),OTC,True,False
GEW,EA Series Trust Cambria Global EW ETF,NASDAQ,True,False
ALL.PRB,The Allstate Corporation 5.100%  Fixed-To-Floating Rate Subordinated Debentures due 2053,NYSE,True,False
GFAI,"Guardforce AI Co., Limited Ordinary Shares",NASDAQ,True,False
SRI,"Stoneridge, Inc",NYSE,True,False
EMEM,EA Series Trust Sophus Capital Emerging Market ETF,NASDAQ,True,False
DAT,ProShares Big Data Refiners ETF,ARCA,True,False
GKAT,Advisors Series Trust Scharf Global Opportunity ETF,NASDAQ,True,False
LFEQ,VanEck Long/Flat Trend ETF,ARCA,True,False
OGEN,Oragenics Inc.,AMEX,True,False
MESHW,Meshflow Acquisition Corp. Warrants,NASDAQ,True,False
NDIA,Global X India Active ETF,ARCA,True,False
PLAG,Planet Green Holdings Corp.,AMEX,True,False
NTZ,"Natuzzi, S.p.A",NYSE,True,False
STYL,Corgi Lifestyle Brands ETF,BATS,True,False
VTGN,"VistaGen Therapeutics, Inc. Common Stock",NASDAQ,True,False
DAUG,FT Vest U.S. Equity Deep Buffer ETF - August,BATS,True,False
JG,Aurora Mobile Limited American Depositary Shares,NASDAQ,True,False
FCRS,FutureCrest Acquisition Corp.,NYSE,True,False
DKL,"DELEK LOGISTICS PARTNERS, LP",NYSE,True,False
LUCD,Lucid Diagnostics Inc. Common Stock,NASDAQ,True,False
SOCAW,Solarius Capital Acquisition Corp. Warrant,NASDAQ,True,False
MBINL,"Merchants Bancorp Depositary Shares, Each Representing a 1/40thInterest in a Share of 7.25% Fixed Rate Series E Non-CumulativePerpetual Preferred Stock, without par value",NASDAQ,True,False
MEDI,Harbor Health Care ETF,ARCA,True,False
SOEZ,Franklin Solana ETF,ARCA,True,False
BDOUY,BDO Unibank Inc Sponsored ADR (Phillippines),OTC,True,False
VYNE,VYNE Therapeutics Inc. Common Stock,NASDAQ,True,False
NBH,Neuberger Municipal Fund Inc.,AMEX,True,False
DBE,Invesco DB Energy Fund,ARCA,True,False
VECA,Vernal Capital Acquisition Corp.,NYSE,True,False
UG,"United-Guardian, Inc. Common Stock",NASDAQ,True,False
SVAC,Spring Valley Acquisition Corp. III Class A Ordinary Shares,NASDAQ,True,False
VGAS,"Verde Clean Fuels, Inc. Class A Common Stock",NASDAQ,True,False
SILO,"Silo Pharma, Inc. Common Stock",NASDAQ,True,False
SEGG,Sports Entertainment Gaming Global Corporation Common Stock,NASDAQ,True,False
PW,Power REIT,AMEX,True,False
SCE.PRN,SCE Trust VIII 6.95% Trust Preference Securities,NYSE,True,False
SBFM,Sunshine Biopharma Inc. Common Stock,NASDAQ,True,False
RNGTU,Range Capital Acquisition Corp II Units,NASDAQ,True,False
GGRP,"The Glimpse Group, Inc. Common Stock",NASDAQ,True,False
PRIF.PRK,"Priority Income Fund, Inc. 7.000% Series K Cumulative Preferred Stock",NYSE,True,False
KITT,"Nauticus Robotics, Inc. Common stock",NASDAQ,True,False
NTTYY,"NTT, Inc. American Depositary Shares - Sponsored",OTC,True,False
SCKT,"Socket Mobile, Inc. Common Stock",NASDAQ,True,False
GS.PRD,"Goldman Sachs Group, Inc. (Each representing 1/1000th Interest in a Share of Floating Rate Non-cumulative Preferred Stock Series D, $1.01 par value",NYSE,True,False
GS.PRC,"Goldman Sachs Group Dep. Shares (1/1000 Int. of Floating Rate Non-Cum. Prfrd. Stk., Ser. C)",NYSE,True,False
GLOP.PRC,GasLog Partners LP 8.500% Series C Cumulative Redeemable Perpetual Fixed to Floating Rate Preference Units,NYSE,True,False
GRAF.WS,"Graf Global Corp. Warrants, each whole warrant exercisable for one Class A ordinary share at an exercise price of $11.50 per share",AMEX,True,False
EVAC.WS,"EQV Ventures Acquisition Corp. II Redeemable Warrants, each whole warrant exercisable for one Class A ordinary share at an exercise price of $11.50 per share",NYSE,True,False
BZLFY,BUNZL PLC SPONSORED ADR NEW (United Kingdom),OTC,True,False
CRMLW,Critical Metals Corp. Warrants,NASDAQ,True,False
CRANR,Crane Harbor Acquisition Corp. II Rights,NASDAQ,True,False
METCI,"Ramaco Resources, Inc. 8.250% Senior Notes due 2030",NASDAQ,True,False
METCZ,"Ramaco Resources, Inc. 8.375% Senior Notes due 2029",NASDAQ,True,False
GRML,Greenland Mines Ltd. Common Stock,NASDAQ,True,False
CRAN,Crane Harbor Acquisition Corp. II Class A Ordinary Shares,NASDAQ,True,False
CRD.B,Crawford & Company Class B,NYSE,True,False
YARIY,YARA INTL ASA SPONSORED ADR (Norway),OTC,True,False
CRACW,Crown Reserve Acquisition Corp. I Warrant,NASDAQ,True,False
BEPJ,Brookfield BRP Holdings (Canada) Inc. 7.250% Perpetual Subordinated Notes,NYSE,True,False
EP.PRC,El Paso Energy Capital Trust I,NYSE,True,False
KNOP,KNOT OFFSHORE PARTNERS LP,NYSE,True,False
EONR.WS,"EON Resources Inc. Warrants, each whole warrant exercisable for three quarters of one share of Class A Common Stock at an exercise price of $11.50 per whole share",AMEX,True,False
FRGT,"Freight Technologies, Inc. Ordinary Shares",NASDAQ,True,False
KKOYY,KESKO OYJ ADR - Unsponsored (Finland),OTC,True,False
AIIR,Air Global PLC Ordinary Shares,NASDAQ,True,False
TPET,Trio Petroleum Corp.,AMEX,True,False
ETHV,VanEck Ethereum ETF,BATS,True,False
LVIG,The RBB Fund Trust Longview Advantage Fixed Income ETF,NASDAQ,True,False
FNUC,Frontier Nuclear and Minerals Inc. Common Shares,NASDAQ,True,False
MIDU,Direxion Daily Mid Cap Bull 3X ETF,ARCA,True,False
HFBL,"Home Federal Bancorp, Inc. of Louisiana Common StocK",NASDAQ,True,False
MILK,Pacer US Cash Cows Bond ETF,BATS,True,False
BK.PRK,"The Bank of New York Mellon Corporation Depositary Shares, each representing a 1/4,000th interest in a share of Series K Noncumulative Perpetual Preferred Stock",NYSE,True,False
BFRGW,"Bullfrog AI Holdings, Inc. Warrants",NASDAQ,True,False
FFTY,CapForce IBD 50 ETF,ARCA,True,False
HLXC,Helix Acquisition Corp. III Class A Ordinary Shares,NASDAQ,True,False
MUNX,AMG GW&K Muni Income ETF,ARCA,True,False
XOS,"Xos, Inc. Common Stock",NASDAQ,True,False
CCGWW,Cheche Group Inc. Warrant,NASDAQ,True,False
SKIL,Skillsoft Corp.,NYSE,True,False
NBJP,Neuberger Japan Equity ETF,ARCA,True,False
ASBA,Associated Banc-Corp 6.625% Fixed-Rate Reset Subordinated Notes due 2033,NYSE,True,False
HYDR,Global X Funds Global X Hydrogen ETF,NASDAQ,True,False
RCG,RENN Fund Inc.,AMEX,True,False
SCLXW,Scilex Holding Company Warrant,NASDAQ,True,False
MBAVW,M3-Brigade Acquisition V Corp. Warrant,NASDAQ,True,False
NYNY,Corgi NYC Based ETF,BATS,True,False
VINP,Vinci Compass Investments Ltd. Class A Common Shares,NASDAQ,True,False
MS.PRA,Morgan Stanley Floating Rate non-cumulative Preferred Series A,NYSE,True,False
LWAC,LightWave Acquisition Corp. Class A Ordinary Shares,NASDAQ,True,False
SDVKY,Sandvik A B Sponsored ADR (Sweden),OTC,True,False
BTAI,"BioXcel Therapeutics, Inc. Common Stock",NASDAQ,True,False
NLY.PRI,"Annaly Capital Management, Inc. 6.750% Series I Fixed-to-Floating Rate Cumulative Redeemable Preferred Stock",NYSE,True,False
BAYAU,Bayview Acquisition Corp Unit,NASDAQ,True,False
FUPBY,FUCHS SE American Depositary Receipts - Unsponsored,OTC,True,False
PIFMY,PT Indofood Sukses Makmur TBK Unsponsored ADR (Indonesia),OTC,True,False
DBND,DoubleLine Opportunistic Core Bond ETF,ARCA,True,False
MOBX,"Mobix Labs, Inc. Class A Common Stock",NASDAQ,True,False
KBONU,Karbon Capital Partners Corp. Units,NASDAQ,True,False
ROSC,Hartford Multifactor Small Cap ETF,ARCA,True,False
QVMT,Invesco S&P 500 Concentrated QVM ETF,ARCA,True,False
JBK,Lehman ABS Corp 3.50 Adj Corp Backed Tr Cert Goldman Cap I,NYSE,True,False
HQ,Horizon Quantum Holdings Ltd. Class A Ordinary Shares,NASDAQ,True,False
CELUW,Celularity Inc. Warrant,NASDAQ,True,False
LPBB,Launch Two Acquisition Corp. Class A Ordinary Shares,NASDAQ,True,False
LOTWW,Lotus Technology Inc. Warrants,NASDAQ,True,False
ECO,Okeanis Eco Tankers Corp.,NYSE,True,False
AMST,Amesite Inc. Common Stock,NASDAQ,True,False
AWX,Avalon Holdings Corp.,AMEX,True,False
WBX,Wallbox N.V.,NYSE,True,False
REFR,Research Frontiers Incorporated Common Stock,NASDAQ,True,False
QTEXW,QTREX Quantum Ltd. Warrant,NASDAQ,True,False
APT,"Alpha Pro Tech, Ltd.",AMEX,True,False
BGI,Birks Group Inc,AMEX,True,False
BAYAR,Bayview Acquisition Corp Right,NASDAQ,True,False
MSN,Emerson Radio Corp.,AMEX,True,False
EXYNW,"Exyn Technologies, Inc. Warrant",NASDAQ,True,False
QUCY,Quantum Cyber N.V. Ordinary Shares,NASDAQ,True,False
GXYYY,Galaxy Entmt Group Ltd ADR Unsponsored (Hong Kong),OTC,True,False
KRSP,Rice Acquisition Corporation 3,NYSE,True,False
CNO.PRA,"CNO Financial Group, Inc. 5.125% Subordinated Debentures due 2060",NYSE,True,False
LEDS,SemiLEDS Corporation Common Stock,NASDAQ,True,False
NVZMY,NOVONESIS (NOVOZYMES) B American Depositary Receipts - Unsponsored (Denmark),OTC,True,False
SPDF,Defender Risk Adaptive 500 ETF,BATS,True,False
SPWRW,SunPower Inc. Warrants,NASDAQ,True,False
KBCSY,KBC Group NV Unsponsored ADR (Belgium),OTC,True,False
CRACU,Crown Reserve Acquisition Corp. I Unit,NASDAQ,True,False
KRAQU,KRAKacquisition Corp Unit,NASDAQ,True,False
GWH,"ESS Tech, Inc.",NYSE,True,False
CGCTU,Cartesian Growth Corporation III Unit,NASDAQ,True,False
GITS,"Global Interactive Technologies, Inc. Common Stock",NASDAQ,True,False
WSTNR,Westin Acquisition Corp Right,NASDAQ,True,False
SXYAY,SIKA AG American Depositary Share (Switzerland),OTC,True,False
BEAGR,Bold Eagle Acquisition Corp. Right,NASDAQ,True,False
OTH,Off The Hook YS Inc.,AMEX,True,False
RIBBR,Ribbon Acquisition Corp Rights,NASDAQ,True,False
DSNKY,DAIICHI SANKYO CO LTD SPONSORED ADR (Japan),OTC,True,False
SHO.PRH,"Sunstone Hotel Investors, Inc. 6.125% Series H Cumulative Redeemable Preferred Stock",NYSE,True,False
QSEA,Quartzsea Acquisition Corporation Ordinary Shares,NASDAQ,True,False
RTACU,Renatus Tactical Acquisition Corp I Unit,NASDAQ,True,False
NCI,Neo-Concept International Group Holdings Limited Class A Ordinary Shares,NASDAQ,True,False
HEINY,Heineken Nv Sponsored ADR (Netherlands),OTC,True,False
MACIU,Melar Acquisition Corp. I Unit,NASDAQ,True,False
POAHY,Porsche Automobile Holding SE Unsponsored ADR (Germany),OTC,True,False
LSRCY,LASERTEC CORP ADR - Unsponsored (Japan),OTC,True,False
EZGO,EZGO Technologies Ltd. Ordinary Shares,NASDAQ,True,False
ZSL,ProShares UltraShort Silver,ARCA,True,False
FSSL,FS Specialty Lending Fund,NYSE,True,False
ADXN,Addex Therapeutics Ltd American Depositary Shares,NASDAQ,True,False
TOPS,TOP Ships Inc.,AMEX,True,False
NSTS,"NSTS Bancorp, Inc. Common Stock",NASDAQ,True,False
WENNW,Wen Acquisition Corp Warrant,NASDAQ,True,False
AOMN,"Angel Oak Mortgage REIT, Inc. 9.500% Senior Notes due 2029",NYSE,True,False
NGLOY,Anglo American plc American Depositary Receipts - Sponsored,OTC,True,False
MOTG,VanEck Morningstar Global Wide Moat ETF,BATS,True,False
UYSCU,UY Scuti Acquisition Corp. Units,NASDAQ,True,False
MPWX,Tradr 2X Long MPWR Daily ETF,BATS,True,False
TRUG,"TruGolf Holdings, Inc. Class A Common Stock",NASDAQ,True,False
DNKEY,DANSKE BK A/S SPONSORED ADR (Denmark),OTC,True,False
PSTV,"PLUS THERAPEUTICS, Inc. Common Stock",NASDAQ,True,False
DLAKY,Deutsche Lufthansa A G Sponsored ADR (Germany),OTC,True,False
BPACR,Blueport Acquisition Ltd Rights,NASDAQ,True,False
TGE.WS,"The Generation Essentials Group Warrants, each whole warrant exercisable for one Class A Ordinary Share",AMEX,True,False
STRRP,"Star Equity Holdings, Inc. 10% Series A Cumulative Perpetual Preferred Stock",NASDAQ,True,False
CTTAY,Contl Ag Ord American Depositary Shares,OTC,True,False
SRL,Scully Royalty Ltd. Common Shares,NYSE,True,False
SDST,Stardust Power Inc. Common Stock,NASDAQ,True,False
SRHBY,Starhub Ltd Unsponsored ADR (Singapore),OTC,True,False
AXINR,Axiom Intelligence Acquisition Corp 1 Right,NASDAQ,True,False
AXIL,"AXIL Brands, Inc.",AMEX,True,False
BLIN,"Bridgeline Digital, Inc. Common Stock",NASDAQ,True,False
RDIB,Reading International Inc Class B Common Stock,NASDAQ,True,False
QNCX,"Quince Therapeutics, Inc. Common Stock",NASDAQ,True,False
BLLN,"BillionToOne, Inc. Class A Common Stock",NASDAQ,True,False
INDFY,Indofood Agri Resources Ltd Unsponsored ADR (Singapore),OTC,True,False
SNOA,"Sonoma Pharmaceuticals, Inc. Common Stock",NASDAQ,True,False
SPEGU,Silver Pegasus Acquisition Corp Unit,NASDAQ,True,False
KBON,Karbon Capital Partners Corp. Class A Ordinary Shares,NASDAQ,True,False
VTAK,"Catheter Precision, Inc.",AMEX,True,False
ROKT,State Street SPDR S&P Kensho Final Frontiers ETF,ARCA,True,False
MRPLY,MR PRICE GROUP LTD Sponsored ADR (South Africa),OTC,True,False
KYOCY,Kyocera Corp American Depositary Receipts - Sponsored (Japan),OTC,True,False
ACKAY,Arcelik A S Unsponsored ADR (Turkey),OTC,True,False
SOPH,SOPHiA GENETICS SA Ordinary Shares,NASDAQ,True,False
SOR,Source Capital,NYSE,True,False
SOUN,"SoundHound AI, Inc Class A Common Stock",NASDAQ,True,False
TCAN,Listed Funds Trust 21Shares Canton Network ETF,NASDAQ,True,False
VBND,Vident U.S. Bond Strategy ETF,ARCA,True,False
CTA.PRA,"EIDP, Inc. Preferred Stock $3.50 Series",NYSE,True,False
KRYAY,Kerry Group Plc Sponsored ADR (Ireland),OTC,True,False
CCIX,Churchill Capital Corp IX Ordinary Shares,NASDAQ,True,False
BGDE,"Big Digital Energy, Inc. Common Stock",NASDAQ,True,False
BTBDW,"BT Brands, Inc. Warrant",NASDAQ,True,False
BAYA,Bayview Acquisition Corp Ordinary Shares,NASDAQ,True,False
BOH.PRB,"Bank of Hawaii Corporation Depositary Shares, Each Representing a 1/40th Interest in a Share of 8.000% Fixed Rate Non-Cumulative Perpetual Preferred Stock, Series B",NYSE,True,False
BNBX,BNB Plus Corp. Common Stock,NASDAQ,True,False
AGPU,Axe Compute Inc. Common Stock,NASDAQ,True,False
YYAI,AiRWA Inc. Common Stock,NASDAQ,True,False
HSCSW,HeartSciences Inc. Warrant,NASDAQ,True,False
CRGOW,Freightos Limited Warrants,NASDAQ,True,False
ESIM,Eventide International ETF,ARCA,True,False
LFAC,Leapfrog Acquisition Corporation Class A Ordinary Shares,NASDAQ,True,False
WEEK,Roundhill Weekly T-Bill ETF,BATS,True,False
WTBN,WisdomTree Trust WisdomTree Bianco Total Return Fund,NASDAQ,True,False
SCIIU,SC II Acquisition Corp. Units,NASDAQ,True,False
ALUB,Alussa Energy Acquisition Corp. II,NYSE,True,False
FGMCU,FG Merger II Corp. Unit,NASDAQ,True,False
BKAYY,BANK OF AYUDHYA PUB CO LTD ADR -Unsponsored (Thailand),OTC,True,False
JAGU,Jaguar Uranium Corp.,AMEX,True,False
BEAT,"Heartbeam, Inc. Common Stock",NASDAQ,True,False
FNRN,First Northern Community Bancorp Common Stock,NASDAQ,True,False
NEN,New England Realty Associates Limited Partnership,AMEX,True,False
JMG,JM Group Limited,AMEX,True,False
UOVEY,United Overseas Bk Singapore American Depositary Shares,OTC,True,False
ACCS,ACCESS Newswire Inc.,AMEX,True,False
CYCUW,"Cycurion, Inc. Warrant",NASDAQ,True,False
BH.A,Biglari Holdings Inc. Class A Common Stock,NYSE,True,False
GV,Visionary Holdings Inc. Common Shares,NASDAQ,True,False
COLA,Columbus Acquisition Corp Ordinary Shares,NASDAQ,True,False
SELX,Semilux International Ltd. Ordinary Shares,NASDAQ,True,False
OCCIM,"OFS Credit Company, Inc. 7.875% Series F Term Preferred Stock",NASDAQ,True,False
NSA.PRB,National Storage Affiliates Trust 6.000% Series B Cumulative Redeemable Preferred Shares of Beneficial Interest,NYSE,True,False
BNDY,Horizon Core Bond ETF,BATS,True,False
SAEF,Schwab Ariel Opportunities ETF,ARCA,True,False
LGOV,First Trust Long Duration Opportunities ETF,ARCA,True,False
NTIP,"Network-1 Technologies, Inc.",AMEX,True,False
NUMI,Nuveen Municipal Income ETF,ARCA,True,False
MNTSW,Momentus Inc. Warrant,NASDAQ,True,False
KUST,"Kustom Entertainment, Inc. Common Stock",NASDAQ,True,False
MB,MasterBeef Group Ordinary Shares,NASDAQ,True,False
GLDW,Roundhill Gold WeeklyPay ETF,BATS,True,False
JDIV,JPMorgan Dividend Leaders ETF,ARCA,True,False
ORIS,Oriental Rise Holdings Limited Ordinary Shares,NASDAQ,True,False
DAICW,"CID HoldCo, Inc. Warrants",NASDAQ,True,False
CLBR.WS,"Colombier Acquisition Corp. III Warrants, each whole warrant exercisable for one Class A ordinary share at an exercise price of $11.50 per share",NYSE,True,False
ZDAI,"DirectBooking Technology Co., Ltd. Class A Ordinary Shares",NASDAQ,True,False
SPVM,Invesco S&P 500 Value with Momentum ETF,ARCA,True,False
CBNA,"Chain Bridge Bancorp, Inc.",NYSE,True,False
UCOP,ProShares Ultra Copper K-1 Free ETF,ARCA,True,False
AMIGY,"Admiral Group plc, Cardiff Unsponsored ADR (UK)",OTC,True,False
SPAM,Themes ETF Trust Themes Cybersecurity ETF,NASDAQ,True,False
GGROW,Gogoro Inc. Warrant,NASDAQ,True,False
CVIE,Calvert International Responsible Index ETF,ARCA,True,False
BTM,Bitcoin Depot Inc. Class A Common Stock,NASDAQ,True,False
YDKG,Yueda Digital Holding Class A Ordinary Share,NASDAQ,True,False
RICOY,"Ricoh Company, Ltd. Sponsored American Depositary Receipt",OTC,True,False
YDESW,YD Bio Limited Warrants,NASDAQ,True,False
KGFHY,Kingfisher plc Sponsored American Depositary Receipt,OTC,True,False
BTVCY,Britvic plc Sponsored ADR (United Kingdom),OTC,True,False
YDDL,One and One Green Technologies. Inc Class A Ordinary Shares,NASDAQ,True,False
XTLB,XTL Biopharmaceuticals Ltd. American Depositary Shares,NASDAQ,True,False
XRTX,XORTX Therapeutics Inc. Common Shares,NASDAQ,True,False
WVVI,"Willamette Valley Vineyards, Inc. Common Stock",NASDAQ,True,False
JBAXY,Julius Baer Group Ltd Unsponsored ADR (Switzerland),OTC,True,False
VIASP,"Via Renewables, Inc. 8.75% Series A Fixed-to-Floating Rate Cumulative Redeemable Perpetual Preferred Stock",NASDAQ,True,False
TGOPY,3i Group Plc Unsponsored ADR (UK),OTC,True,False
MGDDY,Michelin Compagnie Generale des Etablissements Michelin Unsponsored ADR representing Nom Shares (France),OTC,True,False
GROZ,Zacks Focus Growth ETF,BATS,True,False
BVNRY,Bavarian Nordic A/S Sponsored ADR (Denmark),OTC,True,False
IAUX.WS,"i-80 Gold Corp. Warrants, each warrant exercisable for one Common Share at an exercise price of $0.70",AMEX,True,False
HVT.A,"Haverty Furniture Companies, Inc. Class A",NYSE,True,False
HVMCW,Highview Merger Corp. Warrants,NASDAQ,True,False
HVMCU,Highview Merger Corp. Units,NASDAQ,True,False
MBRFY,Marfrig Global Foods SA Sponsored ADR (Brazil),OTC,True,False
KPCPY,KASIKORNBANK PUB CO LTD ADR - Unsponsored (Thailand),OTC,True,False
HVMC,Highview Merger Corp. Class A Ordinary Share,NASDAQ,True,False
RNECY,Renesas Electronics Corp Unsponsored ADR (Japan),OTC,True,False
HVIIU,Hennessy Capital Investment Corp. VII Unit,NASDAQ,True,False
AMZP,Kurv Yield Premium Strategy Amazon (AMZN) ETF,BATS,True,False
AMZW,Roundhill AMZN WeeklyPay ETF,BATS,True,False
HVIIR,Hennessy Capital Investment Corp. VII Rights,NASDAQ,True,False
AMZY,YieldMax AMZN Option Income Strategy ETF,ARCA,True,False
HVII,Hennessy Capital Investment Corp. VII Ordinary Shares,NASDAQ,True,False
ANEL,Tidal Trust II Defiance Daily Target 2x Long ANET ETF,NASDAQ,True,False
HSCS,HeartSciences Inc. Common Stock,NASDAQ,True,False
BBEU,JPMorgan BetaBuilders Europe ETF,BATS,True,False
CMBS,iShares CMBS ETF,ARCA,True,False
GSRF,GSR IV Acquisition Corp. Class  A ordinary share,NASDAQ,True,False
GSL.PRB,"GLOBAL SHIP LEASE, INC. 8.75%  SER B",NYSE,True,False
GSHR,Gesher Acquisition Corp. II Class A Ordinary Shares,NASDAQ,True,False
GROW,"U.S. Global Investors, Inc. Class A Common Stock",NASDAQ,True,False
FRGN,Horizon International Equity ETF,ARCA,True,False
GROV,"Grove Collaborative Holdings, Inc.",NYSE,True,False
FRIZ,Franklin Dividend Growth ETF,ARCA,True,False
IALT,BlackRock ETF Trust iShares Systematic Alternatives Active ETF,NASDAQ,True,False
GREEL,Greenidge Generation Holdings Inc. 8.50% Senior Notes due 2026,NASDAQ,True,False
IAT,iShares U.S. Regional Banks ETF,ARCA,True,False
GRBK.PRA,"Green Brick Partners, Inc. Depositary Shares (each representing a 1/1000th fractional interest in a share of 5.75% Series A Cumulative Perpetual Preferred Stock)",NYSE,True,False
FCRS.U,"FutureCrest Acquisition Corp. Units, each consisting of one Class A ordinary share and one-quarter of one redeemable warrant",NYSE,True,False
DAAQW,Digital Asset Acquisition Corp. Warrant,NASDAQ,True,False
GIW,GigCapital8 Corp. Class A Ordinary Shares,NASDAQ,True,False
GIPRW,Generation Income Properties Inc Warrant,NASDAQ,True,False
GIPR,Generation Income Properties Inc. Common Stock,NASDAQ,True,False
GELS,Gelteq Limited Ordinary Shares,NASDAQ,True,False
GEGGL,"Great Elm Group, Inc. 7.25% Notes due 2027",NASDAQ,True,False
MBGYY,Mercedes-Benz Group AG American Depositary Receipts - Unsponsored,OTC,True,False
GECCI,Great Elm Capital Corp. 8.50% NOTES DUE 2029,NASDAQ,True,False
GECCG,Great Elm Capital Corp. 7.75% Notes Due 2030,NASDAQ,True,False
EUDA,EUDA Health Holdings Limited Ordinary Shares,NASDAQ,True,False
FBRT.PRE,"Franklin BSP Realty Trust, Inc. 7.50% Series E Cumulative Redeemable Preferred Stock",NYSE,True,False
EPR.PRE,EPR Properties 9.00% Series E Cumulative Convertible Preferred Shares,NYSE,True,False
EPR.PRC,EPR Properties 5.75% Series C Cumulative Convertible Preferred Shares,NYSE,True,False
ELTK,Eltek Ltd. Ordinary Shares,NASDAQ,True,False
ELPW,Elong Power Holding Limited Class A Ordinary Shares,NASDAQ,True,False
ELOG,Eastern International Ltd. Ordinary Shares,NASDAQ,True,False
EGHA,EGH Acquisition Corp. Class A Ordinary Shares,NASDAQ,True,False
CCID,Carlyle Credit Income Fund 7.375% Series D Term Preferred Shares due 2028,NYSE,True,False
LGPS,LogProstyle Inc.,AMEX,True,False
ESALY,Eisai Co Ltd American Depositary Shares,OTC,True,False
CJPRY,Central Japan Railway Co Unsponsored ADR (Japan),OTC,True,False
ALP,Alpha Compute Corp Common Stock,NASDAQ,True,False
MATH,Metalpha Technology Holding Limited Ordinary Shares,NASDAQ,True,False
MARU,AllianzIM U.S. Equity Buffer15 Uncapped Mar ETF,BATS,True,False
LVWR.WS,"LiveWire Group, Inc. Warrants, each exercisable for one share of Common Stock at an exercise price of $11.50 per share",NYSE,True,False
LVLU,"Lulu's Fashion Lounge Holdings, Inc. Common Stock",NASDAQ,True,False
NVX,NOVONIX Limited American Depository Shares,NASDAQ,True,False
ALUB.U,"Alussa Energy Acquisition Corp. II Units, each consisting of one Class A ordinary share and one-third of one redeemable warrant",NYSE,True,False
SBXE.U,"SilverBox Corp V. Units, each consisting of one Class A Ordinary Share and one-third of one redeemable warrant",NYSE,True,False
INTZ,Intrusion Inc. Common Stock,NASDAQ,True,False
LTRN,Lantern Pharma Inc. Common Stock,NASDAQ,True,False
ICR.PRA,"InPoint Commercial Real Estate Income, Inc. 6.75% Series A Cumulative Redeemable Preferred Stock",NYSE,True,False
LRE,"Lead Real Estate Co., Ltd American Depositary Shares",NASDAQ,True,False
LPCVW,Launchpad Cadenza Acquisition Corp I Warrant,NASDAQ,True,False
IONQ.WS,"IonQ, Inc. Redeemable warrants, each whole warrant exercisable for one share of Common Stock, each at an exercise price of $11.50 per share",NYSE,True,False
LPCVU,Launchpad Cadenza Acquisition Corp I Unit,NASDAQ,True,False
LPCV,Launchpad Cadenza Acquisition Corp I Class A Ordinary Share,NASDAQ,True,False
IPCXU,Inflection Point Acquisition Corp. III Units,NASDAQ,True,False
LPBBW,Launch Two Acquisition Corp. Warrant,NASDAQ,True,False
LPBBU,Launch Two Acquisition Corp. Unit,NASDAQ,True,False
KIGRY,KION GROUP AG Unsponsored ADR (Germany),OTC,True,False
LPAAU,Launch One Acquisition Corp. Unit,NASDAQ,True,False
ZKP,Lafayette Digital Acquisition Corp. I Class A Ordinary Shares,NASDAQ,True,False
LPAA,Launch One Acquisition Corp. Class A Ordinary shares,NASDAQ,True,False
LOCL,Local Bounti Corporation,NYSE,True,False
LOB.PRA,"Live Oak Bancshares, Inc. Depositary Shares, Each Representing a 1/40th Interest in a Share of 8.375% Fixed Rate Series A Non-Cumulative Perpetual Preferred Stock",NYSE,True,False
AACO,Abony Acquisition Corp. I Class A Ordinary Share,NASDAQ,True,False
AACPU,Apogee Acquisition Corp Units,NASDAQ,True,False
XELB,"Xcel Brands, Inc. Common Stock",NASDAQ,True,False
XCBEU,X3 Acquisition Corp. Ltd. Unit,NASDAQ,True,False
TNONW,"Tenon Medical, Inc. Warrant",NASDAQ,True,False
CMS.PRC,"CMS Energy Corporation Depositary Shares, each representing a 1/1, 000th interest in a share of 4.200% Cumulative Redeemable Perpetual Preferred Stock, Series C",NYSE,True,False
MYO,Myomo Inc.,AMEX,True,False
VNRX,VolitionRx Limited,AMEX,True,False
GSRFR,GSR IV Acquisition Corp. Rights,NASDAQ,True,False
SPCE,"Virgin Galactic Holdings, Inc.",NYSE,True,False
VNO.PRO,"Vornado Realty Trust 4.45% Series O Cumulative Redeemable Preferred Shares, Liquidation Preference $25.00 Per Share",NYSE,True,False
CIX,Comp X International Inc.,AMEX,True,False
BML.PRL,"Bank of America Depositary Shares(Each representing 1/1200th interest in a share of Bank of America Corporation Floating Rate Non-Comulative Preferred Stock, Series5)",NYSE,True,False
USEA,United Maritime Corporation Common Stock,NASDAQ,True,False
RHTX,RH Tactical Outlook ETF,ARCA,True,False
CFG.PRI,"Citizens Financial Group, Inc. Depositary Shares, Each Representing a 1/40th Interest in a Share of 6.500% Fixed-Rate Reset Non-Cumulative Perpetual Preferred Stock, Series I",NYSE,True,False
BDCIU,BTC Development Corp. Unit,NASDAQ,True,False
BDCI,BTC Development Corp. Class A Ordinary Shares,NASDAQ,True,False
DAAQ,Digital Asset Acquisition Corp. Class A Ordinary shares,NASDAQ,True,False
XBI,State Street SPDR S&P Biotech ETF,ARCA,True,False
RWEOY,Rwe Ag Ord Bearer Dm5 American Depository Receipt,OTC,True,False
PSA.PRJ,"Public Storage Depositary Shares Each Representing 1/1,000 of a 4.700% Cumulative Preferred Share of Beneficial Interest, Series J",NYSE,True,False
LVWR,"LiveWire Group, Inc.",NYSE,True,False
HBANM,Huntington Bancshares Incorporated Depositary Shares each representing a 1/1000th interest in a share of Huntington Series I Preferred Stock,NASDAQ,True,False
VICE,AdvisorShares Vice ETF,ARCA,True,False
ACON,"Aclarion, Inc. Common Stock",NASDAQ,True,False
ACHR.WS,"Archer Aviation Inc. Redeemable Warrants, each whole warrant exercisable for one Class A common stock at an exercise price of $11.50",NYSE,True,False
CRPJY,China Resources Power Holdings Co Ltd Unsponsored ADR (Hong Kong),OTC,True,False
TRTN.PRC,Triton International Limited 7.375% Series C Cumulative Redeemable Perpetual Preference Shares,NYSE,True,False
DNPLY,Dai Nippon Printing Limited Japan Sponsored ADR,OTC,True,False
TMDE,TMD Energy Limited,AMEX,True,False
MTPOY,Metropolitan Bank & Trust Co MBTC Unsponsored ADR (Philippines),OTC,True,False
EMPG,Empro Group Inc. Ordinary shares,NASDAQ,True,False
COVTY,Covestro AG ADR - Sponsored (Germany),OTC,True,False
EDBL,Edible Garden AG Incorporated Common Stock,NASDAQ,True,False
CNEY,CN Energy Group Inc. Class A Ordinary Shares,NASDAQ,True,False
CIM.PRD,Chimera Investment Corporation 8.00% Series D Fixed-to-Floating Rate Cumulative Redeemable Preferred Stock,NYSE,True,False
MESHU,Meshflow Acquisition Corp. Units,NASDAQ,True,False
MESH,Meshflow Acquisition Corp. Class A Ordinary Shares,NASDAQ,True,False
SVNDY,SEVEN & I HLDGS CO LTD ADR - Unsponsored (Japan),OTC,True,False
NHIC,NewHold Investment Corp III Class A Ordinary shares,NASDAQ,True,False
QTTB,Q32 Bio Inc. Common Stock,NASDAQ,True,False
OXLCG,Oxford Lane Capital Corp. 7.95% Notes due 2032,NASDAQ,True,False
KAPA,"Kairos Pharma, Ltd.",AMEX,True,False
TRAD,APEX Tech Acquisition Inc.,NYSE,True,False
CZWI,"Citizens Community Bancorp, Inc. Common Stock",NASDAQ,True,False
ADAMG,"Adamas Trust, Inc. 9.125% Senior Notes Due 2030",NASDAQ,True,False
DYNCW,Dynamix Corporation Warrant,NASDAQ,True,False
MARUY,Marubeni Corp Ord American Depositary Shares,OTC,True,False
ATLKY,Atlas Copco Ab Sponsored ADR repstg Class A,OTC,True,False
ALDF,Aldel Financial II Inc. Class A Ordinary Shares,NASDAQ,True,False
MMTXW,Miluna Acquisition Corp Warrant,NASDAQ,True,False
LAWR,"Robot Consulting Co., Ltd. ADS",NASDAQ,True,False
DBEM,Xtrackers MSCI Emerging Markets Hedged Equity ETF,ARCA,True,False
BCSS,Bain Capital GSS Investment Corp.,NYSE,True,False
SPYA,Twin Oak Endure ETF,BATS,True,False
SCHYY,Sands China Ltd Unsponsored ADR (Cayman Islands),OTC,True,False
TMUSI,"T-Mobile US, Inc. 5.500% Senior Notes due June 2070",NASDAQ,True,False
TMTSU,Spartacus Acquisition Corp. II Unit,NASDAQ,True,False
DIG,ProShares Ultra Energy,ARCA,True,False
PIM,Putnam Master Intermediate Income Trust,NYSE,True,False
DSDVY,DSV A/S ADR - Unsponsored (Denmark),OTC,True,False
IHS,IHS Holding Limited,NYSE,True,True
AHG,Akso Health Group ADS,NASDAQ,True,False
DBEU,Xtrackers MSCI Europe Hedged Equity ETF,ARCA,True,False
FLCA,Franklin FTSE Canada ETF,ARCA,True,False
GPJA,"Georgia Power Company Series 2017A 5.00 Percent Junior Subordinated Notes due October 1, 2077",NYSE,True,False
PXS,Pyxis Tankers Inc. Common Stock,NASDAQ,True,False
GNPX,"Genprex, Inc. Common Stock",NASDAQ,True,False
STBFY,Suntory Beverage & Food Ltd American Depositary Shares (Unsponsored)(Japan),OTC,True,False
NCZ.PRA,Virtus Convertible & Income Fund II 5.50% Series A Cumulative Preferred Shares,NYSE,True,False
SMNNY,SHIMANO INC  American Depositary Receipts - Unsponsored (Japan),OTC,True,False
MAKSY,Marks and Spencer Group plc American Depositary Shares,OTC,True,False
NCV.PRA,Virtus Convertible & Income Fund 5.625% Series A Cumulative Preferred Shares,NYSE,True,False
MUZEU,Muzero Acquisition Corp Unit,NASDAQ,True,False
DCMT,DoubleLine Commodity Strategy ETF,ARCA,True,False
UUU,"Universal Safety Products, Inc.",AMEX,True,False
UPLD,"Upland Software, Inc. Common Stock",NASDAQ,True,False
TAP.A,Molson Coors Beverage Company Class A,NYSE,True,False
STFS,Star Fashion Culture Holdings Limited Class A Ordinary Shares,NASDAQ,True,False
STAK,STAK Inc. Class A Ordinary Shares,NASDAQ,True,False
DOG,ProShares Short Dow30,ARCA,True,False
KFIIR,K&F Growth Acquisition Corp. II Rights,NASDAQ,True,False
IBACR,IB Acquisition Corp. Right,NASDAQ,True,False
PAACU,Proem Acquisition Corp I Units,NASDAQ,True,False
TATYY,Tate & Lyle Plc  25 P Ord American Depositary Receipts - Sponsored,OTC,True,False
BUUU,BUUU Group Limited Class A Ordinary Share,NASDAQ,True,False
BHAVU,BHAV Acquisition Corp Units,NASDAQ,True,False
ARCI,Archimedes Tech SPAC Partners III Co. Ordinary Share,NASDAQ,True,False
JBFCY,JOLLIBEE FOODS CORP ADR - Unsponsored (Philippines),OTC,True,False
ALTG.PRA,Alta Equipment Group Inc. Depositary Shares (each representing 1/1000th in a share of 10% Series A Cumulative Perpetual Preferred Stock),NYSE,True,False
ADGM,"Adagio Medical Holdings, Inc Common Stock",NASDAQ,True,False
WRB.PRE,W.R. Berkley Corporation 5.70% Subordinated Debentures due 2058,NYSE,True,False
CRWS,Crown Crafts Inc Common Stock,NASDAQ,True,False
WHLRP,"Wheeler Real Estate Investment Trust, Inc. Class B Preferred Stock",NASDAQ,True,False
WENN,Wen Acquisition Corp Class A Ordinary Shares,NASDAQ,True,False
WENC.RT,"West Enclave Merger Corp. Rights, each Right to acquire one-tenth (1/10) of one Ordinary Share",NYSE,True,False
VLVLY,VOLVO AB ADR - Unsponsored (Sweden),OTC,True,False
VRTS,"Virtus Investment Partners, Inc.",NYSE,True,True
CLPBY,Coloplast AS American Depositary Receipts - Sponsored,OTC,True,False
WENC,West Enclave Merger Corp.,NYSE,True,False
KDKRW,"Kodiak AI, Inc. Warrants",NASDAQ,True,False
VWAV,"VisionWave Holdings, Inc. Common Stock",NASDAQ,True,False
RUM,Rumble Inc. Class A Common Stock,NASDAQ,True,False
VOYA.PRB,"Voya Financial, Inc. Depositary Shares, each representing a 1/40th interest in a share of 5.35% Fixed-Rate Reset Non-Cumulative Preferred Stock, Series B",NYSE,True,False
TRFK,Pacer Data and Digital Revolution ETF,ARCA,True,False
EJPRY,East Japan Railway Co Unsponsored ADR (Japan),OTC,True,False
VNO.PRN,"Vornado Realty Trust 5.25% Series N Cumulative Redeemable Preferred Shares of Beneficial Interest, liquidation preference $25.00 per share",NYSE,True,False
VMAR,Vision Marine Technologies Inc. Common Shares,NASDAQ,True,False
VIVO,VivoPower PLC Ordinary Shares,NASDAQ,True,False
NCNA,NuCana plc American Depositary Share,NASDAQ,True,False
SLSN,"Solesence, Inc. Common Stock",NASDAQ,True,False
VWAVW,"VisionWave Holdings, Inc. Warrant",NASDAQ,True,False
VFSWW,VinFast Auto Ltd. Warrant,NASDAQ,True,False
TRVG,trivago N.V. American Depositary Shares,NASDAQ,True,False
MDAA,Myriad Dynamic Asset Allocation ETF,ARCA,True,False
MEM,Matthews Emerging Markets Equity Active ETF,ARCA,True,False
MENS,Jyong Biotech Ltd. Ordinary Shares,NASDAQ,True,False
TCI,"Transcontinental Realty Investors, Inc.",NYSE,True,False
SPHL,Springview Holdings Ltd Class A Ordinary Shares,NASDAQ,True,False
SCNI,Scinai Immunotherapeutics Ltd. American Depositary Shares,NASDAQ,True,False
SAC.WS,"Safeguard Acquisition Corp. Warrants, each whole warrant exercisable for one Class A ordinary share at an exercise price of $11.50 per share",NYSE,True,False
RNR.PRF,"RenaissanceRe Holdings Ltd. Depositary Shares, each Representing a 1/1,000th Interest in a 5.750% Series F Preference Share",NYSE,True,False
MSS,Maison Solutions Inc. Class A Common Stock,NASDAQ,True,False
MAYS,"J. W. Mays, Inc. Common Stock",NASDAQ,True,False
RECT,Rectitude Holdings Ltd Ordinary Shares,NASDAQ,True,False
PTNM,Pitanium Limited Class A Ordinary shares,NASDAQ,True,False
NHS,Neuberger High Yield Strategies Fund Inc.,AMEX,True,False
PTN,"Palatin Technologies, Inc.",AMEX,True,False
PSA.PRN,"Public Storage Depositary Shares Each Representing 1/1,000 of a 3.875% Cumulative Preferred Share of Beneficial Interest, Series N",NYSE,True,False
FRCOY,FAST RETAILING CO LTD ADR - Unsponsored (Japan),OTC,True,False
UPMMY,UPM KYMMENE CORP ADR -Unsponsored (Finland),OTC,True,False
PINE.PRA,"Alpine Income Property Trust, Inc. 8.00% Series A Cumulative Redeemable Preferred Stock",NYSE,True,False
NCMGY,Newcrest Mining Ltd Sponsored American Depositary Shares,OTC,True,False
OTGAW,OTG Acquisition Corp. I Warrants,NASDAQ,True,False
ADDYY,adidas AG Sponsored ADR (Germany),OTC,True,False
OIMAW,OneIM Acquisition Corp. Warrant,NASDAQ,True,False
BOLD,"Boundless Bio, Inc. Common Stock",NASDAQ,True,False
MNILY,Minor International Public Co Ltd Unsponsored ADR (Thailand),OTC,True,False
BAOS,Baosheng Media Group Holdings Limited Ordinary shares,NASDAQ,True,False
SMQ,Tradr 1X Short Innovation 100 Monthly ETF,BATS,True,False
ANTA,Antalpha Platform Holding Company Class A Ordinary Shares,NASDAQ,True,False
EXOZ,eXoZymes Inc. Common Stock,NASDAQ,True,False
ACGLO,"Arch Capital Group Ltd. Depositary Shares Each Representing 1/1,000th Interest in a Share of 5.45% Non-Cumulative Preferred Shares, Series F",NASDAQ,True,False
PIII,P3 Health Partners Inc. Class A Common Stock,NASDAQ,True,False
TBH,"Brag House Holdings, Inc. Common Stock",NASDAQ,True,False
LNZAW,"LanzaTech Global, Inc. Warrant",NASDAQ,True,False
ITHA,ITHAX Acquisition Corp III Class A Ordinary Shares,NASDAQ,True,False
UP,Wheels Up Experience Inc.,NYSE,True,False
GGM,GGM Macro Alignment ETF,ARCA,True,False
SMMNY,SIEMENS HEALTHINEERS AG ADR - Unsponsored (Germany),OTC,True,False
TBLAW,Taboola.com Ltd. Warrant,NASDAQ,True,False
AUID,authID Inc. Common Stock,NASDAQ,True,False
MTAL,Metals Acquisition Corp. II,NYSE,True,False
KUBTY,Kubota Corporation,OTC,True,False
SMTK,"SmartKem, Inc. Common Stock",NASDAQ,True,False
EMISR,Emmis Acquisition Corp. Rights,NASDAQ,True,False
CXIIU,Churchill Capital Corp XII Units,NASDAQ,True,False
SNTI,"Senti Biosciences Holdings, Inc. Common Stock",NASDAQ,True,False
BESF,Bastion Energy ETF,BATS,True,False
VSTD,Vestand Inc. Class A Common Stock,NASDAQ,True,False
TVAI,Thayer Ventures Acquisition Corporation II Class A Ordinary Shares,NASDAQ,True,False
TVACW,Texas Ventures Acquisition III Corp Warrants,NASDAQ,True,False
SQFTW,"Presidio Property Trust, Inc. Series A Common Stock Purchase Warrants",NASDAQ,True,False
BBLU,EA Bridgeway Blue Chip ETF,ARCA,True,False
CRWL,GraniteShares ETF Trust GraniteShares 2x Long CRWD Daily ETF,NASDAQ,True,False
SPAI,Safe Pro Group Inc. Common Stock,NASDAQ,True,False
EQTY,Kovitz Core Equity ETF,ARCA,True,False
AFRI,Forafric Global PLC Ordinary Shares,NASDAQ,True,False
PTACU,Patriot Acquisition Corp. Units,NASDAQ,True,False
NOEMR,CO2 Energy Transition Corp. Right,NASDAQ,True,False
XTJA,Innovator U.S. Equity Accelerated Plus ETF - January,BATS,True,False
RVSN,Rail Vision Ltd. Ordinary Share,NASDAQ,True,False
PNFP.PRA,"Pinnacle Financial Partners, Inc. Fixed-to-Floating Rate Non-Cumulative Perpetual Preferred Stock, Series A",NYSE,True,False
PN,Skycorp Solar Group Limited Class A Ordinary Shares,NASDAQ,True,False
AGBK,AGI Inc,NYSE,True,False
IBTL,iShares Trust iShares iBonds Dec 2031 Term Treasury ETF,NASDAQ,True,False
PEB.PRH,Pebblebrook Hotel Trust 5.700% Series H Cumulative Redeemable Preferred Shares of Beneficial Interest,NYSE,True,False
IBTM,iShares Trust iShares iBonds Dec 2032 Term Treasury ETF,NASDAQ,True,False
IBUF,Innovator International Developed 10 Buffer ETF - Quarterly,ARCA,True,False
PRIV,State Street IG Public & Private Credit ETF,ARCA,True,False
PCSC,Perceptive Capital Solutions Corp Class A Ordinary Shares,NASDAQ,True,False
PCSA,"Processa Pharmaceuticals, Inc. Common Stock",NASDAQ,True,False
PC,Premium Catering (Holdings) Limited Ordinary Shares,NASDAQ,True,False
NCTY,The9 Limited American Depository Shares,NASDAQ,True,False
NCT,Intercont (Cayman) Limited Class A Ordinary shares,NASDAQ,True,False
MLECW,Moolec Science SA Warrant,NASDAQ,True,False
SHTDY,Sinopharm Group Co. Ltd Unsponsored ADR (China),OTC,True,False
DIME,Valkyrie ETF Trust II CoinShares Altcoins ETF,NASDAQ,True,False
DINE,Simplify Exchange Traded Funds Simplify Tax Aware Diversified Income Strategy ETF,NASDAQ,True,False
DIVD,EA Series Trust Altrius Global Dividend ETF,NASDAQ,True,False
DIVG,Invesco S&P 500 High Dividend Growers ETF,ARCA,True,False
DIVI,Franklin International Core Dividend Tilt Index ETF,ARCA,True,False
DJAN,FT Vest U.S. Equity Deep Buffer ETF - January,BATS,True,False
DJTU,T-REX 2X Long DJT Daily Target ETF,BATS,True,False
DJUN,FT Vest U.S. Equity Deep Buffer ETF - June,BATS,True,False
SBXD.U,"SilverBox Corp IV Units, each consisting of one Class A ordinary share and one-third of one redeemable warrant",NYSE,True,False
DYAI,"Dyadic International, Inc. Common Stock",NASDAQ,True,False
DYOR,Insight Digital Partners II Class A Ordinary Shares,NASDAQ,True,False
DYORU,Insight Digital Partners II Units,NASDAQ,True,False
ETCG,Grayscale Ethereum Classic Trust (ETC) Common Stock,OTC,True,False
DKNX,Tidal Trust II Defiance Daily Target 2X Long DKNG ETF,NASDAQ,True,False
DLAG,FT Vest U.S. Equity Dual Directional Buffer ETF - August,BATS,True,False
DLFE,FT Vest U.S. Equity Dual Directional Buffer ETF - February,BATS,True,False
DLMY,FT Vest U.S. Equity Dual Directional Buffer ETF - May,BATS,True,False
DLNV,FT Vest U.S. Equity Dual Directional Buffer ETF - November,BATS,True,False
DMAR,FT Vest U.S. Equity Deep Buffer ETF - March,BATS,True,False
DMAX,iShares Large Cap Max Buffer Dec ETF,BATS,True,False
DMAY,FT Vest U.S. Equity Deep Buffer ETF - May,BATS,True,False
DMB,"BNY Mellon Municipal Bond Infrastructure Fund, Inc.",NYSE,True,False
DGCB,Dimensional ETF Trust Dimensional Global Credit ETF,NASDAQ,True,False
DMII,Drugs Made In America Acquisition II Corp. Ordinary Shares,NASDAQ,True,False
DMA,Destra Multi-Alternative Fund,NYSE,True,False
DMO,Western Asset Mortgage Opportunity Fund Inc.,NYSE,True,False
DMRA,"Damora Therapeutics, Inc. Common Stock",NASDAQ,True,False
DMXF,iShares Trust iShares ESG Advanced MSCI EAFE ETF,NASDAQ,True,False
DNNG,Themes ETF Trust Leverage Shares 2x Long DNN Daily ETF,NASDAQ,True,False
ET.PRI,Energy Transfer LP Series I Fixed Rate Perpetual Preferred Units,NYSE,True,False
ETSS.U,"Energy Transition Special Opportunities Units, each consisting of one Class A ordinary share and one-half of one redeemable warrant",NYSE,True,False
EUDAW,EUDA Health Holdings Limited Warrant,NASDAQ,True,False
DPRO,Draganfly Inc. Common Shares,NASDAQ,True,False
FEAM,"5E Advanced Materials, Inc. Common Stock",NASDAQ,True,False
FEED,"ENvue Medical, Inc. Common Stock",NASDAQ,True,False
FENG,Phoenix New Media Limited American Depositary Shares (each representing forty-eight (48) Class A Ordinary Shares),NYSE,True,False
DNOV,FT Vest U.S. Equity Deep Buffer ETF - November,BATS,True,False
DOJE,REX-Osprey DOGE ETF,BATS,True,False
DOL,WisdomTree True Developed International Fund,ARCA,True,False
DPRE,Virtus Duff & Phelps Real Estate Income ETF,ARCA,True,False
DRAY,YieldMax DKNG Option Income Strategy ETF,ARCA,True,False
DRIP,Direxion Daily S&P Oil & Gas Exp. & Prod. Bear 2X ETF,ARCA,True,False
DRKY,VistaShares Target 15 DRUKMacro Distribution ETF,ARCA,True,False
DRN,Direxion Daily Real Estate Bull 3X ETF,ARCA,True,False
DRNL,Defiance 2X Daily Long Pure Drone and Aerial Automation ETF,BATS,True,False
DRTS,Alpha Tau Medical Ltd. Ordinary Shares,NASDAQ,True,False
DRUP,GraniteShares Nasdaq Select Disruptors ETF,ARCA,True,False
DRAI,Draco Evolution AI ETF,ARCA,True,False
DRV,Direxion Daily Real Estate Bear 3X ETF,ARCA,True,False
SDHIR,Siddhi Acquisition Corp Right,NASDAQ,True,False
SDOT,Sadot Group Inc. Common Stock,NASDAQ,True,False
FLYX.WS,"flyExclusive, Inc. Redeemable warrants, each whole warrant exercisable for one Class A common stock at an exercise price of $11.50 per share",AMEX,True,False
DHDG,FT Vest U.S. Equity Quarterly 2.5 to 15 Buffer ETF,BATS,True,False
FRMM,"Forum Markets, Incorporated Common Stock",NASDAQ,True,False
FSEA,"First Seacoast Bancorp, Inc. Common Stock",NASDAQ,True,False
FSHPR,Flag Ship Acquisition Corp. Right,NASDAQ,True,False
DSCO,DoubleLine Securitized Credit ETF,ARCA,True,False
DSMC,Distillate Small/Mid Cash Flow ETF,NYSE,True,False
DSPY,Tema S&P 500 Historical Weight ETF Strategy,ARCA,True,False
DSTX,Distillate International Fundamental Stability & Value ETF,NYSE,True,False
DTAN,Sparkline International Intangible Value ETF,ARCA,True,False
DTD,WisdomTree U.S. Total Dividend Fund,ARCA,True,False
DTRE,First Trust Alerian Disruptive Technology Real Estate ETF,ARCA,True,False
DUBS,Aptus Large Cap Enhanced Yield ETF,BATS,True,False
DUKH,Northern Lights Fund Trust Ocean Park High Income ETF,NASDAQ,True,False
DUSG,DFA Investment Dimensions Group Inc. U.S. Small Cap Growth Portfolio: ETF Class Shares,NASDAQ,True,False
DUSL,Direxion Daily Industrials Bull 3X ETF,ARCA,True,False
DUST,Direxion Daily Gold Miners Index Bear 2X ETF,ARCA,True,False
DVAL,Franklin Templeton ETF Trust BrandywineGLOBAL - Dynamic US Large Cap Value ETF,NASDAQ,True,False
DVGR,EA Series Trust DAC 3D Dividend Growth ETF,NASDAQ,True,False
FTW,Presidio Production Company,NYSE,True,False
FTW.WS,"Presidio Production Company Warrants, each whole warrant exercisable for one share of Class A common stock at an exercise price of $11.50 per share",NYSE,True,False
AEAQU,Activate Energy Acquisition Corp. Unit,NASDAQ,True,False
AGMH,AGM Group Holdings Inc. Class A Ordinary Shares,NASDAQ,True,False
DVIN,WEBs ETF Trust WEBs Industrials XLI Defined Volatility ETF,NASDAQ,True,False
DVLT,Datavault AI Inc. Common Stock,NASDAQ,True,False
DVOL,First Trust Exchange-Traded Fund VI First Trust Dorsey Wright Momentum & Low Volatility ETF,NASDAQ,True,False
DVQQ,WEBs ETF Trust WEBs QQQ Defined Volatility ETF,NASDAQ,True,False
DVRE,WEBs ETF Trust WEBs Real Estate XLRE Defined Volatility ETF,NASDAQ,True,False
DVSP,WEBs ETF Trust WEBs SPY Defined Volatility ETF,NASDAQ,True,False
DVUT,WEBs ETF Trust WEBs Utilities XLU Defined Volatility ETF,NASDAQ,True,False
DVXB,WEBs ETF Trust WEBs Materials XLB Defined Volatility ETF,NASDAQ,True,False
DVXC,WEBs ETF Trust WEBs Communication Services XLC Defined Volatility ETF,NASDAQ,True,False
DVXE,WEBs ETF Trust WEBs Energy XLE Defined Volatility ETF,NASDAQ,True,False
DVXF,WEBs ETF Trust WEBs Financial XLF Defined Volatility ETF,NASDAQ,True,False
DVXK,WEBs ETF Trust WEBs Technology XLK Defined Volatility ETF,NASDAQ,True,False
DVXP,WEBs ETF Trust WEBs Consumer Staples XLP Defined Volatility ETF,NASDAQ,True,False
DVXV,WEBs ETF Trust WEBs Health Care XLV Defined Volatility ETF,NASDAQ,True,False
DVXY,WEBs ETF Trust WEBs Consumer Discretionary XLY Defined Volatility ETF,NASDAQ,True,False
IPEX,Inflection Point Acquisition Corp. V Class A Ordinary Shares,NASDAQ,True,False
IPEXR,Inflection Point Acquisition Corp. V Rights,NASDAQ,True,False
IPEXU,Inflection Point Acquisition Corp. V Units,NASDAQ,True,False
IRAB,Iris Acquisition Corp II,NYSE,True,False
DWAS,Invesco Exchange-Traded Fund Trust II Invesco Dorsey Wright SmallCap Momentum ETF,NASDAQ,True,False
DWAW,AdvisorShares Trust AdvisorShares Dorsey Wright FSM All Cap World ETF,NASDAQ,True,False
DWSH,AdvisorShares Trust AdvisorShares Dorsey Wright Short ETF,NASDAQ,True,False
DWUS,AdvisorShares Trust AdvisorShares Dorsey Wright FSM US Core ETF,NASDAQ,True,False
DWX,State Street SPDR S&P International Dividend ETF,ARCA,True,False
DXD,ProShares UltraShort Dow 30,ARCA,True,False
DXIV,Dimensional International Vector Equity ETF,ARCA,True,False
DXLG,"Destination XL Group, Inc. Common Stock",NASDAQ,True,False
DYFI,ETF Opportunities Trust IDX Dynamic Fixed Income ETF,NASDAQ,True,False
DYLG,Global X Dow 30 Covered Call & Growth ETF,ARCA,True,False
DYNB,Hartford Funds Exchange-Traded Trust Hartford Dynamic Bond ETF,NASDAQ,True,False
DYTA,"The RBB Fund, Inc. SGI Dynamic Tactical ETF",NASDAQ,True,False
DZZ,"DB Gold Double Short ETN due February 15, 2038",ARCA,True,False
EAOA,iShares ESG Aware 80/20 Aggressive Allocation ETF,BATS,True,False
EAOK,iShares ESG Aware 30/70 Conservative Allocation ETF,BATS,True,False
EAOM,iShares ESG Aware 40/60 Moderate Allocation ETF,BATS,True,False
EAPR,Innovator Emerging Markets Power Buffer ETF - April,ARCA,True,False
BHFAO,"Brighthouse Financial, Inc. Depositary Shares 6.75% Non-Cumulative Preferred Stock, Series B",NASDAQ,True,False
BLNE,"Beeline Holdings, Inc. Common Stock",NASDAQ,True,False
KBSX,FST Corp. Ordinary Shares,NASDAQ,True,False
KCHV,Kochav Defense Acquisition Corp. Class A Ordinary Shares,NASDAQ,True,False
KCHVU,Kochav Defense Acquisition Corp. Units,NASDAQ,True,False
SHMDW,SCHMID Group N.V. Warrants,NASDAQ,True,False
HTCR,"Heartcore Enterprises, Inc. Common Stock",NASDAQ,True,False
LANDO,Gladstone Land Corporation 6.00% Series B Cumulative Redeemable Preferred Stock,NASDAQ,True,False
LANDP,Gladstone Land Corporation 6.00% Series C Cumulative Redeemable Preferred Stock,NASDAQ,True,False
EART,Global X Funds Global X Rare Earth & Critical Materials ETF,NASDAQ,True,False
EASG,Xtrackers MSCI EAFE Selection Equity ETF,ARCA,True,False
EASY,Two Roads Shared Trust Liberty One Defensive Dividend Growth ETF,NASDAQ,True,False
EBIZ,Global X Funds Global X E-commerce ETF,NASDAQ,True,False
EBUF,Innovator Emerging Markets 10 Buffer ETF - Quarterly,ARCA,True,False
ECC,EAGLE POINT CREDIT COMPANY INC.,NYSE,True,False
ECON,Columbia Research Enhanced Emerging Economies ETF,ARCA,True,False
ECOW,Pacer Funds Pacer Emerging Markets Cash Cows 100 ETF,NASDAQ,True,False
ECX,ECARX Holdings Inc. Class A Ordinary shares,NASDAQ,True,False
EDC,Direxion Daily MSCI Emerging Markets Bull 3X ETF,ARCA,True,False
EDEN,iShares MSCI Denmark ETF,BATS,True,False
EDGE,MRBL Enhanced Equity ETF,BATS,True,False
LBRDP,Liberty Broadband Corporation Series A Cumulative Redeemable Preferred Stock,NASDAQ,True,False
LCCCR,Lakeshore Acquisition III Corp. Rights,NASDAQ,True,False
LFVN,Lifevantage Corporation Common Stock (Delaware),NASDAQ,True,False
LFWD,Lifeward Ltd. Ordinary Shares,NASDAQ,True,False
LGCL,Lucas GC Limited Ordinary Shares,NASDAQ,True,False
LGHL,Lion Group Holding Ltd. American Depositary Share,NASDAQ,True,False
EDGF,3EDGE Dynamic Fixed Income ETF,ARCA,True,False
EDGH,3EDGE Dynamic Hard Assets ETF,ARCA,True,False
EDGI,3EDGE Dynamic International Equity ETF,ARCA,True,False
EDIV,State Street SPDR S&P Emerging Markets Dividend ETF,ARCA,True,False
EDOG,ALPS Emerging Sector Dividend Dogs ETF,ARCA,True,False
EELV,Invesco S&P Emerging Markets Low Volatility ETF,ARCA,True,False
EEMO,Invesco S&P Emerging Markets Momentum ETF,ARCA,True,False
EEMS,iShares MSCI Emerging Markets Small-Cap ETF,ARCA,True,False
EEMX,State Street SPDR MSCI Emerging Markets Fossil Fuel Reserves Free ETF,ARCA,True,False
EET,ProShares Ultra MSCI Emerging Markets,ARCA,True,False
EEV,ProShares Trust UltraShort MSCI Emerging Markets,ARCA,True,False
EFAA,Invesco MSCI EAFE Income Advantage ETF,ARCA,True,False
EFNL,iShares MSCI Finland ETF,BATS,True,False
EFRA,iShares Trust iShares Environmental Infrastructure and Industrials ETF,NASDAQ,True,False
EGGQ,Tidal Trust III NestYield Visionary ETF,NASDAQ,True,False
EHCC,Global X Ethereum Covered Call ETF,BATS,True,False
MTB.PRK,"M&T Bank Corporation Depositary Shares each representing a 1/400th interest in a share of Perpetual 6.350% Non-Cumulative Preferred Stock, Series K",NYSE,True,False
MTEN,Mingteng International Corporation Inc. Class A Ordinary Shares,NASDAQ,True,False
NA,Nano Labs Ltd Class A Ordinary Shares,NASDAQ,True,False
NAAS,NaaS Technology Inc. American Depositary Shares,NASDAQ,True,False
NEOV,NeoVolta Inc. Common Stock,NASDAQ,True,False
NERV,"Minerva Neurosciences, Inc Common Stock",NASDAQ,True,False
EHI,"Western Asset Global High Income Fund, Inc",NYSE,True,False
EHLS,Tidal Trust II Even Herd Long Short ETF,NASDAQ,True,False
EHY,Amplify Ethereum Max Income Covered Call ETF,BATS,True,False
ELE,Elemental Royalty Corporation Common Stock,NASDAQ,True,False
ELFY,ALPS ETF Trust ALPS Electrification Infrastructure ETF,NASDAQ,True,False
EMDM,First Trust Bloomberg Emerging Market Democracies ETF,ARCA,True,False
EMDV,ProShares MSCI Emerging Markets Dividend Growers ETF,BATS,True,False
EMEQ,Nomura ETF Trust Nomura Focused Emerging Markets Equity ETF,NASDAQ,True,False
EMET,VanEck Copper and Green Metals ETF,ARCA,True,False
EMF,Templeton Emerging Markets Fund,NYSE,True,False
EMFI,Pictet Emerging Markets Debt ETF,ARCA,True,False
EMHC,State Street SPDR Bloomberg Emerging Markets USD Bond ETF,ARCA,True,False
EMIF,iShares Emerging Markets Infrastructure ETF,NASDAQ,True,False
EMKT,Lazard Emerging Markets Opportunities ETF,ARCA,True,False
EMM,Global X Emerging Markets ex-China ETF,ARCA,True,False
NIOBW,NioCorp Developments Ltd. Warrant,NASDAQ,True,False
EMMY,Corgi Emerging Markets Equities 15% Structured Buffer ETF - May Series,BATS,True,False
EMNT,PIMCO Enhanced Short Maturity Active ESG ETF,ARCA,True,False
EMO,ClearBridge Energy Midstream Opportunity Fund Inc.,NYSE,True,False
EVT,Eaton Vance Tax-Advantaged Dividend Income Fund,NYSE,True,False
EMTL,State Street DoubleLine Emerging Markets Fixed Income ETF,BATS,True,False
ENGN,enGene Therapeutics Inc. Common Stock,NASDAQ,True,False
ENHU,BlackRock ETF Trust iShares Enhanced Large Cap Core Active ETF,NASDAQ,True,False
ENZL,iShares Trust iShares MSCI New Zealand ETF,NASDAQ,True,False
EOS,Eaton Vance Enhance Equity Income Fund II,NYSE,True,False
EOSU,T-REX 2X Long EOSE Daily Target ETF,BATS,True,False
EOT,EATON VANCE NATIONAL MUNICIPAL OPPORTUNITIES TRUST,NYSE,True,False
EPRF,Innovator S&P Investment Grade Preferred ETF,BATS,True,False
EPRX,Eupraxia Pharmaceuticals Inc. Common Stock,NASDAQ,True,False
EQAL,Invesco Russell 1000 Equal Weight ETF,ARCA,True,False
EQIN,Columbia U.S. Equity Income ETF,ARCA,True,False
ERTH,Invesco MSCI Sustainable Future ETF,ARCA,True,False
ESN,Northern Lights Fund Trust II Essential 40 Stock ETF,NASDAQ,True,False
ESPO,VanEck Video Gaming and eSports ETF,NASDAQ,True,False
ETCO,Grayscale Ethereum Covered Call ETF,ARCA,True,False
ETG,Eaton Vance Tax-Advantaged Global Dividend Income Fund,NYSE,True,False
ETHB,iShares Staked Ethereum Trust ETF Shares of Fractional Undivided Beneficial Interest,NASDAQ,True,False
ETHO,Amplify Etho Climate Leadership U.S. ETF,ARCA,True,False
ETNG,Leverage Shares 2X Long ETN Daily ETF,BATS,True,False
ETU,T-Rex 2X Long Ether Daily Target ETF,BATS,True,False
ETV,Eaton Vance Tax-Managed Buy-Write Opportunities Fund,NYSE,True,False
ETX,EATON VANCE MUNICIPAL INCOME 2028 TERM TRUST,NYSE,True,False
EUDG,WisdomTree Europe Quality Dividend Growth Fund,ARCA,True,False
EUHY,iShares Euro High Yield Corporate Bond USD Hedged ETF,BATS,True,False
EUM,ProShares Trust Short MSCI Emerging Markets,ARCA,True,False
EUV,Corgi Lithography & Semiconductor Photonics ETF,BATS,True,False
EVMT,Invesco Actively Managed Exchange-Traded Commodity Fund Trust Invesco Electric Vehicle Metals Commodity Strategy No K-1 ETF,NASDAQ,True,False
EWU,iShares MSCI United Kingdom ETF,ARCA,True,False
EXG,Eaton Vance Tax-Managed Global Diversified Equity Income Fund,NYSE,True,False
EZMO,Listed Funds Trust AlphaDroid Broad Markets Momentum ETF,NASDAQ,True,False
EZPZ,Franklin Crypto Index ETF,BATS,True,False
EZRO,Listed Funds Trust AlphaDroid Defensive Sector Rotation ETF,NASDAQ,True,False
FAAA,Fidelity Merrimack Street Trust Fidelity AAA CLO ETF,NASDAQ,True,False
FAB,First Trust Multi Cap Value AlphaDEX Fund,NASDAQ,True,False
FARX,Frontier Asset Absolute Return ETF,ARCA,True,False
FBCV,Fidelity Blue Chip Value ETF,BATS,True,False
FBOT,Fidelity Covington Trust Fidelity Disruptive Automation ETF,NASDAQ,True,False
FBT,First Trust NYSE Arca Biotechnology Index Fund,ARCA,True,False
FBYD,"Falcon's Beyond Global, Inc. Class A Common Stock",NASDAQ,True,False
FCEF,First Trust Exchange-Traded Fund VIII First Trust Income Opportunities ETF,NASDAQ,True,False
FCFY,First Trust S&P 500 Diversified Free Cash Flow ETF,ARCA,True,False
FCPI,Fidelity Stocks for Inflation ETF,BATS,True,False
FCSH,Federated Hermes Short Duration Corporate ETF,ARCA,True,False
FCTE,ETF Opportunities Trust SMI 3Fourteen Full-Cycle Trend ETF,NASDAQ,True,False
FCVT,First Trust Exchange-Traded Fund IV First Trust SSI Strategic Convertible Securities ETF,NASDAQ,True,False
FCXG,Themes ETF Trust Leverage Shares 2x Long FCX Daily ETF,NASDAQ,True,False
FDCF,Fidelity Covington Trust Fidelity Disruptive Communications ETF,NASDAQ,True,False
FDG,American Century Focused Dynamic Growth ETF,ARCA,True,False
FDHY,Fidelity Enhanced High Yield ETF,ARCA,True,False
FDNI,First Trust Exchange-Traded Fund II First Trust Dow Jones International Internet ETF,NASDAQ,True,False
FDRV,Fidelity Electric Vehicles and Future Transportation ETF,BATS,True,False
FDV,Federated Hermes U.S. Strategic Dividend ETF,ARCA,True,False
FEAC,Fidelity Enhanced U.S. All-Cap Equity ETF,ARCA,True,False
FEAT,Tidal Trust II YieldMax Dorsey Wright Featured 5 Income ETF,NASDAQ,True,False
FEBM,FT Vest U.S. Equity Max Buffer ETF - February,BATS,True,False
FEBP,PGIM S&P 500 Buffer 12 ETF - February,BATS,True,False
FEBT,AllianzIM U.S. Equity Buffer10 Feb ETF,BATS,True,False
FEBU,AllianzIM U.S. Equity Buffer15 Uncapped Feb ETF,BATS,True,False
QETAR,Quetta Acquisition Corporation Right,NASDAQ,True,False
FEBW,AllianzIM U.S. Equity Buffer20 Feb ETF,BATS,True,False
FEBZ,TrueShares Structured Outcome (February) ETF,BATS,True,False
FEDM,FlexShares ESG & Climate Developed Markets ex-US Core Index Fund,ARCA,True,False
FEIG,FlexShares ESG & Climate Investment Grade Corporate Core Index Fund,ARCA,True,False
FELV,Fidelity Enhanced Large Cap Value ETF,ARCA,True,False
FEM,First Trust Emerging Markets AlphaDEX Fund,NASDAQ,True,False
FEMB,First Trust Exchange-Traded Fund III First Trust Emerging Markets Local Currency Bond ETF,NASDAQ,True,False
FEMD,First Eagle Mid Cap Equity ETF,ARCA,True,False
FENY,Fidelity MSCI Energy Index ETF,ARCA,True,False
FEUS,FlexShares ESG & Climate US Large Cap Core Index Fund,ARCA,True,False
FFGX,Fidelity Fundamental Global ex-U.S. ETF,BATS,True,False
FFIU,UVA Unconstrained Medium-Term Fixed Income ETF,ARCA,True,False
FFLC,Fidelity Fundamental Large Cap Core ETF,BATS,True,False
FFLS,The Future Fund Long/Short ETF,ARCA,True,False
FFLV,Fidelity Fundamental Large Cap Value ETF,BATS,True,False
FFUT,Fidelity Greenwood Street Trust Fidelity Managed Futures ETF,NASDAQ,True,False
FGM,First Trust Germany AlphaDex Fund,NASDAQ,True,False
FGRU,T-REX 2X Long FIGR Daily Target ETF,BATS,True,False
FGSM,Frontier Asset Global Small Cap Equity ETF,ARCA,True,False
FHDG,FT Vest U.S. Equity Quarterly Dynamic Buffer ETF,BATS,True,False
FHEQ,Fidelity Hedged Equity ETF,BATS,True,False
FIDU,Fidelity MSCI Industrials Index ETF,ARCA,True,False
FIGB,Fidelity Investment Grade Bond ETF,ARCA,True,False
FIGG,Themes ETF Trust Leverage Shares 2x Long FIG Daily ETF,NASDAQ,True,False
FIIG,First Trust Intermediate Duration Investment Grade Corporate ETF,ARCA,True,False
FJP,First Trust Japan AlphaDEX Fund,NASDAQ,True,False
FKU,First Trust United Kingdom AlphaDex Fund,NASDAQ,True,False
FLAG,Global X S&P 500 U.S. Market Leaders Top 50 ETF,ARCA,True,False
FLAO,AllianzIM U.S. Equity 6 Month Floor5 Apr/Oct ETF,BATS,True,False
FLAX,Franklin FTSE Asia ex Japan ETF,ARCA,True,False
FLD,"Fold Holdings, Inc. Class A Common Stock",NASDAQ,True,False
FLDB,Fidelity Merrimack Street Trust Fidelity Low Duration Bond ETF,NASDAQ,True,False
FLDR,Fidelity Low Duration Bond Factor ETF,BATS,True,False
FLDZ,RiverNorth Patriot ETF,BATS,True,False
FMAY,FT Vest U.S. Equity Buffer ETF - May,BATS,True,False
FMB,First Trust Exchange-Traded Fund III First Trust Managed Municipal ETF,NASDAQ,True,False
FMDE,Fidelity Enhanced Mid Cap Core ETF,ARCA,True,False
FMET,Fidelity Covington Trust Fidelity Metaverse ETF,NASDAQ,True,False
FMF,First Trust Managed Futures Strategy Fund,ARCA,True,False
FMN,Federated Hermes Premier Municipal Income Fund,NYSE,True,False
FMQQ,FMQQ The Next Frontier Internet ETF,ARCA,True,False
FMS,Fresenius Medical Care AG,NYSE,True,False
FMTL,First Trust Indxx Critical Metals ETF,ARCA,True,False
SDHIU,Siddhi Acquisition Corp Unit,NASDAQ,True,False
FMTM,EA Series Trust MarketDesk Focused U.S. Momentum ETF,NASDAQ,True,False
FNDB,Schwab Fundamental U.S. Broad Market ETF,ARCA,True,False
FNGD,"MicroSectors FANG+ Index -3X Inverse Leveraged ETNs due January 8, 2038",ARCA,True,False
FNGO,"MicroSectors FANG+ Index 2X Leveraged ETNs due January 8, 2038",ARCA,True,False
FNGR,"FingerMotion, Inc. Common Stock",NASDAQ,True,False
FNGU,"MicroSectors FANG+ 3x Leveraged ETNs due February 17, 2045",ARCA,True,False
FNX,First Trust Mid Cap Core AlphaDEX Fund,NASDAQ,True,False
FNY,First Trust Mid Cap Growth AlphaDEX Fund,NASDAQ,True,False
FOFO,"Hang Feng Technology Innovation Co., Ltd. Ordinary Shares",NASDAQ,True,False
FOPC,Frontier Asset Opportunistic Credit ETF,ARCA,True,False
FPEI,First Trust Institutional Preferred Securities and Income ETF,ARCA,True,False
FPFD,Fidelity Preferred Securities & Income ETF,BATS,True,False
FPWR,First Trust EIP Power Solutions ETF,ARCA,True,False
FRWD,Nomura ETF Trust Nomura Transformational Technologies ETF,NASDAQ,True,False
FSCC,Federated Hermes MDT Small Cap Core ETF,ARCA,True,False
FSGS,First Trust Exchange-Traded Fund VI First Trust SMID Growth Strength ETF,NASDAQ,True,False
FSMB,First Trust Short Duration Managed Municipal ETF,ARCA,True,False
FSMD,Fidelity Small-Mid Multifactor ETF,ARCA,True,False
FSP,Franklin Street Properties Corp,AMEX,True,False
FTAG,First Trust Exchange-Traded Fund II First Trust Indxx Global Agriculture ETF,NASDAQ,True,False
FTBI,First Trust Balanced Income ETF,ARCA,True,False
FTCA,Franklin California Municipal Income ETF,ARCA,True,False
FTCB,First Trust Core Investment Grade ETF,ARCA,True,False
AMKL,Defiance Daily Target 2X Long AMKR ETF,BATS,True,False
FTCE,First Trust New Constructs Core Earnings Leaders ETF,ARCA,True,False
FTDS,First Trust Dividend Strength ETF,NASDAQ,True,False
FTF,Franklin Limited Duration Income Trust Common Shrs. of Beneficial Interest,AMEX,True,False
FTGC,First Trust Exchange-Traded Fund VII First Trust Global Tactical Commodity Strategy Fund,NASDAQ,True,False
FTGS,First Trust Exchange-Traded Fund First Trust Growth Strength ETF,NASDAQ,True,False
FTMN,Franklin Minnesota Municipal Income ETF,ARCA,True,False
FTMU,Franklin Municipal Income ETF,ARCA,True,False
FTOH,Franklin Ohio Municipal Income ETF,ARCA,True,False
FTQI,First Trust Exchange-Traded Fund VI First Trust Nasdaq BuyWrite Income ETF,NASDAQ,True,False
FTSL,First Trust Exchange-Traded Fund IV First Trust Senior Loan Fund ETF,NASDAQ,True,False
FTWO,Strive Natural Resources and Security ETF,NYSE,True,False
FTXG,First Trust Exchange-Traded Fund VI First Trust Nasdaq Food & Beverage ETF,NASDAQ,True,False
FTXH,First Trust Exchange-Traded Fund VI First Trust Nasdaq Pharmaceuticals ETF,NASDAQ,True,False
FTXL,First Trust Exchange-Traded Fund VI First Trust Nasdaq Semiconductor ETF,NASDAQ,True,False
FUMB,First Trust Ultra Short Duration Municipal ETF,ARCA,True,False
FXB,Invesco CurrencyShares British Pound Sterling Trust,ARCA,True,False
TACH,Titan Acquisition Corp. Class A Ordinary Shares,NASDAQ,True,False
FXD,First Trust Consumer Discretionary AlphaDEX Fund,ARCA,True,False
FXN,First Trust Energy AlphaDEX Fund,ARCA,True,False
FXP,ProShares UltraShort FTSE China 50 of ProShares Trust,ARCA,True,False
FXR,First Trust Industrials/Producer Durables AlphaDEX Fund,ARCA,True,False
FYC,First Trust Small Cap Growth AlphaDEX Fund,NASDAQ,True,False
FTMH,Franklin Municipal High Yield ETF,ARCA,True,False
FYEE,Fidelity Yield Enhanced Equity ETF,BATS,True,False
FYT,First Trust Small Cap Value AlphaDEX Fund,NASDAQ,True,False
FYX,First Trust Small Cap Core AlphaDEX Fund,NASDAQ,True,False
GAA,Cambria Global Asset Allocation ETF,BATS,True,False
GALT,Galectin Therapeutics Inc. Common Stock,NASDAQ,True,False
GAPR,FT Vest U.S. Equity Moderate Buffer ETF - April,BATS,True,False
GARA,Guinness Atkinson Real Assets Income ETF,ARCA,True,False
GARY,The Advisors Inner Circle Fund II Mango Growth ETF,NASDAQ,True,False
GASZ,Corgi Natural Gas Power & Turbines ETF,BATS,True,False
GAUD,Guinness Atkinson US Dividend Builder ETF,ARCA,True,False
GAUG,FT Vest U.S. Equity Moderate Buffer ETF - August,BATS,True,False
GAVA,Grayscale Avalanche Staking ETF Common Units of Fractional Undivided Beneficial Interest,NASDAQ,True,False
GBDC,"Golub Capital BDC, Inc. Common Stock",NASDAQ,True,False
GBHI,Gabelli High Income ETF,ARCA,True,False
GBIL,Goldman Sachs Access Treasury 0-1 Year ETF,ARCA,True,False
GBND,Goldman Sachs Core Bond ETF,ARCA,True,False
GCC,WisdomTree Enhanced Commodity Strategy Fund,ARCA,True,False
GCL,GCL Global Holdings Ltd Ordinary Shares,NASDAQ,True,False
GCOR,Goldman Sachs Access U.S. Aggregate Bond ETF,ARCA,True,False
ASMH,ASML Holding NV ADRhedged,ARCA,True,False
GCV,"The Gabelli Convertible and Income Securities Fund, Inc.",NYSE,True,False
GDIV,Harbor Dividend Growth Leaders ETF,NYSE,True,False
GDMA,Gadsden Dynamic Multi-Asset ETF,BATS,True,False
GDOC,Goldman Sachs Future Health Care Equity ETF,ARCA,True,False
GDOG,Grayscale Dogecoin Trust ETF,ARCA,True,False
GDT,WisdomTree Efficient TIPS Plus Gold Fund,BATS,True,False
GDXW,Roundhill Gold Miners WeeklyPay ETF,BATS,True,False
GDXY,YieldMax Gold Miners Option Income Strategy ETF,ARCA,True,False
GENT,Genter Capital Taxable Quality Intermediate ETF,ARCA,True,False
GETY,"Getty Images Holdings, Inc.",NYSE,True,False
GEVG,Themes ETF Trust Leverage Shares 2X Long GEV Daily ETF,NASDAQ,True,False
GGTL,Gabelli Global Technology Leaders ETF,ARCA,True,False
GGUS,Goldman Sachs MarketBeta Russell 1000 Growth Equity ETF,ARCA,True,False
GGZ,The Gabelli Global Small and Mid Cap Value Trust,NYSE,True,False
GHY,"PGIM Global High Yield Fund, Inc.",NYSE,True,False
GHYB,Goldman Sachs Access High Yield Corporate Bond ETF,ARCA,True,False
GHYG,iShares US & Intl High Yield Corp Bond ETF,BATS,True,False
GIF,REX Growth & Income Universe ETF,BATS,True,False
GIGB,Goldman Sachs Access Investment Grade Corporate Bond ETF,ARCA,True,False
GINX,"The RBB Fund, Inc. SGI Enhanced Global Income ETF",NASDAQ,True,False
GJAN,FT Vest U.S. Equity Moderate Buffer ETF - January,BATS,True,False
GJUL,FT Vest U.S. Equity Moderate Buffer ETF - July,BATS,True,False
GLAM,"Corgi Beauty, Skincare & Aesthetics ETF",BATS,True,False
GLDI,"UBS AG ETRACS Gold Shares Covered Call ETNs due February 2, 2033",NASDAQ,True,False
GLDY,Tidal Trust II Defiance Gold Enhanced Options Income ETF,NASDAQ,True,False
GLGG,Themes ETF Trust Leverage Shares 2X Long GLXY Daily ETF,NASDAQ,True,False
GLU,The Gabelli Utility & Income Trust,AMEX,True,False
GLWG,Themes ETF Trust Leverage Shares 2X Long GLW Daily ETF,NASDAQ,True,False
GLXU,T-REX 2X Long GLXY Daily Target ETF,BATS,True,False
GMAY,FT Vest U.S. Equity Moderate Buffer ETF - May,BATS,True,False
GMEU,T-REX 2X Long GME Daily Target ETF,BATS,True,False
GMEY,YieldMax GME Option Income Strategy ETF,ARCA,True,False
GMMA,GammaRoad Market Navigation ETF,ARCA,True,False
GMMF,iShares Government Money Market ETF,NYSE,True,False
GRPZ,Invesco S&P SmallCap 600 GARP ETF,ARCA,True,False
GRW,TCW ETF Trust TCW Durable Growth ETF,NASDAQ,True,False
GSIB,Themes ETF Trust Themes Global Systemically Important Banks ETF,NASDAQ,True,False
GSID,Goldman Sachs MarketBeta International Equity ETF,BATS,True,False
GSIG,Goldman Sachs Access Investment Grade Corporate 1-5 Year Bond ETF,ARCA,True,False
GSJY,Goldman Sachs ActiveBeta Japan Equity ETF,ARCA,True,False
DGZ,"DB Gold Short ETN due February 15, 2038",ARCA,True,False
MLEC,Moolec Science SA Ordinary Shares,NASDAQ,True,False
GSKH,GSK plc ADRhedged,ARCA,True,False
GSSC,GS ActiveBeta U.S. Small Cap Equity ETF,ARCA,True,False
GSUI,Grayscale Sui Staking ETF,ARCA,True,False
GTEK,Goldman Sachs Future Tech Leaders Equity ETF,ARCA,True,False
GTOH,Invesco Short Duration High Yield ETF,BATS,True,False
GURU,Global X Guru Index ETF,ARCA,True,False
AGGS,Harbor Disciplined Bond ETF,ARCA,True,False
CUT,Invesco MSCI Global Timber ETF,ARCA,True,False
FUBO,FuboTV Inc.,NYSE,True,False
GK,AdvisorShares Gerber Kawasaki ETF,ARCA,True,False
DJIA,Global X Dow 30 Covered Call ETF,ARCA,True,False
DBVT,DBV Technologies S.A. American Depositary Shares,NASDAQ,True,False
BTQ,BTQ Technologies Corp. Common Stock,NASDAQ,True,False
ARLI,AllianzIM International Equity Buffer15 Uncapped Apr ETF,BATS,True,False
ATLN,Atlantic International Corp. Common Stock,NASDAQ,True,False
BPH,BP p.l.c. ADRhedged,ARCA,True,False
DMRC,"Digimarc Parent, Inc. Common Stock",NASDAQ,True,False
BSMS,Invesco Exchange-Traded Self-Indexed Fund Trust Invesco BulletShares 2028 Municipal Bond ETF,NASDAQ,True,False
EMTY,ProShares Decline of the Retail Store ETF,ARCA,True,False
AGEM,abrdn Funds abrdn Emerging Markets Dividend Active ETF,NASDAQ,True,False
ASMU,Direxion Shares ETF Trust Direxion Daily ASML Bull 2X ETF,NASDAQ,True,False
BSVO,EA Series Trust EA Bridgeway Omni Small-Cap Value ETF,NASDAQ,True,False
BTAL,AGF U.S. Market Neutral Anti-Beta Fund,ARCA,True,False
CBUS,"Cibus, Inc. Class A Common Stock",NASDAQ,True,False
CIEG,Leverage Shares 2X Long CIEN Daily ETF,BATS,True,False
CIFG,Themes ETF Trust Leverage Shares 2X Long CIFR Daily ETF,NASDAQ,True,False
CIFU,T-REX 2X Long CIFR Daily Target ETF,BATS,True,False
GNMX,Corgi Genomics & Precision Medicine ETF,BATS,True,False
DUTY,U.S. Defense ETF,ARCA,True,False
ARLU,AllianzIM U.S. Equity Buffer15 Uncapped Apr ETF,BATS,True,False
BYRE,Principal Real Estate Active Opportunities ETF,ARCA,True,False
CGNG,Capital Group New Geography Equity ETF,ARCA,True,False
CVY,Invesco Zacks Multi-Asset Income ETF,ARCA,True,False
GVUS,Goldman Sachs MarketBeta Russell 1000 Value Equity ETF,ARCA,True,False
CLSZ,Tradr 2X Short CLSK Daily ETF,BATS,True,False
DVYA,iShares Asia/Pacific Dividend ETF,ARCA,True,False
FMCX,FM Focus Equity ETF,ARCA,True,False
CVSM,CresAlta Small and Mid-Cap ETF,ARCA,True,False
GUSH,Direxion Daily S&P Oil & Gas Exp. & Prod. Bull 2X ETF,ARCA,True,False
FXZ,First Trust Materials AlphaDEX Fund,ARCA,True,False
DEEP,Acquirers Small and Micro Deep Value ETF,ARCA,True,False
AIVI,WisdomTree International AI Enhanced Value Fund,ARCA,True,False
FRI,First Trust S&P REIT Index Fund,ARCA,True,False
MITT.PRC,"TPG Mortgage Investment Trust, Inc. 8.00% Series C Fixed-to-Floating Rate Cumulative Redeemable Preferred Stock, $0.01 par value per share",NYSE,True,False
DECO,SSGA Active Trust State Street Galaxy Digital Asset Ecosystem ETF,NASDAQ,True,False
EMES,Harbor Emerging Markets Select ETF,ARCA,True,False
BABO,YieldMax BABA Option Income Strategy ETF,ARCA,True,False
BDVL,BlackRock ETF Trust iShares Disciplined Volatility Equity Active ETF,NASDAQ,True,False
FDMO,Fidelity Momentum Factor ETF,ARCA,True,False
BITC,Bitwise Trendwise Bitcoin and Treasuries Rotation Strategy ETF,ARCA,True,False
BITI,ProShares Short Bitcoin ETF,ARCA,True,False
BITK,Tuttle Capital Bitcoin 0DTE Covered Call ETF,BATS,True,False
BKDV,BNY Mellon Dynamic Value ETF,ARCA,True,False
BLTD,Bluemonte Long Term Bond ETF,ARCA,True,False
FSIG,First Trust Limited Duration Investment Grade Corporate ETF,ARCA,True,False
CCFE,EA Series Trust Concourse Capital Focused Equity ETF,NASDAQ,True,False
CRMX,Tradr 2X Long CRML Daily ETF,BATS,True,False
CRSH,YieldMax Short TSLA Option Income Strategy ETF,ARCA,True,False
CSAN,Cosan S.A. American Depositary Shares (each representing four Common Shares),NYSE,True,False
CSCL,Direxion Shares ETF Trust Direxion Daily CSCO Bull 2X ETF,NASDAQ,True,False
EFFE,Harbor Osmosis Emerging Markets Resource Efficient ETF,ARCA,True,False
EPMB,Harbor Mid Cap Core ETF,ARCA,True,False
EPP,iShares MSCI Pacific ex Japan ETF,ARCA,True,False
ERX,Direxion Daily Energy Bull 2X ETF,ARCA,True,False
ERY,Direxion Daily Energy Bear 2X ETF,ARCA,True,False
JEM,707 Cayman Holdings Limited Ordinary Shares,NASDAQ,True,False
JYD,Jayud Global Logistics Limited Class A Ordinary Shares,NASDAQ,True,False
ESBG,"First Trust Enhanced Stocks, Bonds & Gold ETF",ARCA,True,False
ESG,FlexShares STOXX US ESG Select Index Fund,BATS,True,False
ESLG,Eventide Large Cap Growth ETF,ARCA,True,False
EVLN,Eaton Vance Floating-Rate ETF,ARCA,True,False
EWG,iShares MSCI Germany ETF,ARCA,True,False
EWH,iShares MSCI Hong Kong ETF,ARCA,True,False
EXEQ,Wedbush ReturnOnLeadership U.S. Large-Cap ETF,ARCA,True,False
EZET,Franklin Ethereum ETF,BATS,True,False
FDN,First Trust Dow Jones Internet Index Fund ETF,ARCA,True,False
ACLO,TCW AAA CLO ETF,NYSE,True,False
FESM,Fidelity Enhanced Small Cap Core ETF,ARCA,True,False
FFAI,Faraday Future Intelligent Electric Inc. Class A Common Stock,NASDAQ,True,False
FFC,Flaherty & Crumrine Preferred and Income Securities Fund Incorporated,NYSE,True,False
FIAX,Nicholas Fixed Income Alternative ETF,ARCA,True,False
FINS,Angel Oak Financial Strategies Income Term Trust,NYSE,True,False
FLHY,Franklin High Yield Corporate ETF,BATS,True,False
FLIA,Franklin International Aggregate Bond ETF,BATS,True,False
FLJH,Franklin FTSE Japan Hedged ETF,ARCA,True,False
FLSA,Franklin FTSE Saudi Arabia ETF,ARCA,True,False
FLTB,Fidelity Limited Term Bond ETF,ARCA,True,False
FLV,American Century Focused Large Cap Value ETF,ARCA,True,False
FLYD,MicroSectors Travel -3x Inverse Leveraged ETN,ARCA,True,False
FLYT,Tradr 2X Long FLY Daily ETF,BATS,True,False
FRVO,Fervo Energy Company Class A common stock,NASDAQ,True,False
FTPA,Franklin Pennsylvania Municipal Income ETF,ARCA,True,False
FTRI,First Trust Exchange-Traded Fund II First Trust Indxx Global Natural Resources Income ETF,NASDAQ,True,False
FTXN,First Trust Exchange-Traded Fund VI First Trust Nasdaq Oil & Gas ETF,NASDAQ,True,False
FTXR,First Trust Exchange-Traded Fund VI First Trust Nasdaq Transportation ETF,NASDAQ,True,False
FVC,First Trust Exchange-Traded Fund VI First Trust Dorsey Wright Dynamic Focus 5 ETF,NASDAQ,True,False
GFEB,FT Vest U.S. Equity Moderate Buffer ETF - February,BATS,True,False
GFGF,EA Series Trust Guru Favorite Stocks ETF,NASDAQ,True,False
GFLW,Victory Portfolios II VictoryShares Free Cash Flow Growth ETF,NASDAQ,True,False
GGLL,Direxion Shares ETF Trust Direxion Daily GOOGL Bull 2X ETF,NASDAQ,True,False
GGLS,Direxion Shares ETF Trust Direxion Daily GOOGL Bear 1X ETF,NASDAQ,True,False
GLOW,Victory Portfolios II VictoryShares WestEnd Global Equity ETF,NASDAQ,True,False
GNOM,Global X Funds Global X Genomics & Biotechnology ETF,NASDAQ,True,False
GNOV,FT Vest U.S. Equity Moderate Buffer ETF - November,BATS,True,False
GOLS,Gabelli Opportunities in Live and Sports ETF,ARCA,True,False
GRAG,Themes ETF Trust Leverage Shares 2X Long GRAB Daily ETF,NASDAQ,True,False
GSEP,FT Vest U.S. Equity Moderate Buffer ETF - September,BATS,True,False
GTIP,Goldman Sachs Access Inflation Protected USD Bond ETF,BATS,True,False
DGT,State Street SPDR Global Dow ETF,ARCA,True,False
AJAN,Innovator Equity Defined Protection ETF - 2 Yr to January 2028,BATS,True,False
BUXX,Strive Enhanced Income Short Maturity ETF,NYSE,True,False
ESMV,iShares Trust iShares ESG Optimized MSCI USA Min Vol Factor ETF,NASDAQ,True,False
BBIN,JPMorgan BetaBuilders International Equity ETF,BATS,True,False
DLS,WisdomTree International SmallCap Dividend Fund,ARCA,True,False
AVMA,Avantis Moderate Allocation ETF,ARCA,True,False
AXTU,T-REX 2X Long AXTI Daily Target ETF,BATS,True,False
BCHP,Principal Focused Blue Chip ETF,BATS,True,False
BCI,abrdn Bloomberg All Commodity Strategy K-1 Free ETF,ARCA,True,False
DABS,DoubleLine Asset-Backed Securities ETF,ARCA,True,False
DDTM,Innovator Equity Dual Directional 10 Buffer ETF - March,BATS,True,False
DDTN,Innovator Equity Dual Directional 10 Buffer ETF - November,BATS,True,False
DGRE,WisdomTree Trust WisdomTree Emerging Markets Quality Dividend Growth Fund,NASDAQ,True,False
DIVS,Guinness Atkinson Dividend Builder ETF,ARCA,True,False
DIVZ,Polen Dividend Income ETF,ARCA,True,False
FDRX,Corgi ETF Trust I Founder-Led 2X Daily ETF,NASDAQ,True,False
FDT,First Trust Developed Markets ex-US AlphaDEX Fund,NASDAQ,True,False
FFEM,Fidelity Fundamental Emerging Markets ETF,BATS,True,False
GSC,Goldman Sachs Small Cap Equity ETF,ARCA,True,False
CPLS,"AB Active ETFs, Inc. AB Core Plus Bond ETF",NASDAQ,True,False
DXUV,Dimensional US Vector Equity ETF,ARCA,True,False
FAD,First Trust Multi Cap Growth AlphaDEX Fund,NASDAQ,True,False
CSHR,CoinShares PLC Ordinary Shares,NASDAQ,True,False
CSMD,Congress SMid Growth ETF,ARCA,True,False
DFNL,Davis Select Financial ETF,BATS,True,False
CVAR,Cultivar ETF,BATS,True,False
ETFT,Fundsmith Equity ETF,ARCA,True,False
ETO,Eaton Vance Tax-Advantaged Global Div Oppor. Fund,NYSE,True,False
ETRL,GraniteShares ETF Trust GraniteShares 2x Long ETOR Daily ETF,NASDAQ,True,False
FTIF,First Trust Bloomberg Inflation Sensitive Equity ETF,ARCA,True,False
FTMA,Franklin Massachusetts Municipal Income ETF,ARCA,True,False
FUSI,American Century Multisector Floating Income ETF,ARCA,True,False
GOLY,Strategy Shares Gold Enhanced Yield ETF,BATS,True,False
GOOP,Kurv Yield Premium Strategy Google (GOOGL) ETF,BATS,True,False
GOOX,T-Rex 2X Long Alphabet Daily Target ETF,BATS,True,False
GOOY,YieldMax GOOGL Option Income Strategy ETF,ARCA,True,False
GOP,Unusual Whales Subversive Republican Trading ETF,BATS,True,False
GOSS,"Gossamer Bio, Inc. Common Stock",NASDAQ,True,False
GOVM,iShares 1-10 Year Treasury Bond ETF,BATS,True,False
GPTY,YieldMax AI & Tech Portfolio Option Income ETF,ARCA,True,False
GPZ,VanEck Alternative Asset Manager ETF,ARCA,True,False
GRN,iPath Series B Carbon Exchange-Traded Notes,ARCA,True,False
GRNI,Fundstrat Granny Shots US Large Cap & Income ETF,ARCA,True,False
GVI,iShares Intermediate Government/Credit Bond ETF,BATS,True,False
GVIP,Goldman Sachs Hedge Industry VIP ETF,ARCA,True,False
GMOC,GMO Ultra-Short Income ETF,ARCA,True,False
GMOD,GMO Dynamic Allocation ETF,ARCA,True,False
GMOI,GMO International Value ETF,ARCA,True,False
GMOM,Cambria Global Momentum ETF,BATS,True,False
GNMA,iShares GNMA Bond ETF,NASDAQ,True,False
GQI,Natixis Gateway Quality Income ETF,ARCA,True,False
GRIN,Victory Portfolios II VictoryShares International Free Cash Flow Growth ETF,NASDAQ,True,False
DFTT,DF Tactical 30 ETF,ARCA,True,False
ACGR,American Century Large Cap Growth ETF,ARCA,True,False
CMGG,Themes ETF Trust Leverage Shares 2X Long CMG Daily ETF,NASDAQ,True,False
FOWF,Pacer Solactive Whitney Future of Warfare ETF,BATS,True,False
BEDY,BNY Mellon ETF Trust II BNY Mellon Enhanced Dividend and Income ETF,NASDAQ,True,False
BJUL,Innovator U.S. Equity Buffer ETF - July,BATS,True,False
BJUN,Innovator U.S. Equity Buffer ETF - June,BATS,True,False
BILD,Nomura Global Listed Infrastructure ETF,ARCA,True,False
AVRY,Avory Foundational ETF,BATS,True,False
GVLE,Goldman Sachs ETF Trust Goldman Sachs Value Opportunities ETF,NASDAQ,True,False
BINT,Bluemonte Global Equity ETF,ARCA,True,False
ABOT,Abacus FCF Innovation Leaders ETF,BATS,True,False
CCOM,Simplify Chinese Commodities Strategy No K-1 ETF,ARCA,True,False
BITY,Amplify Bitcoin 2% Monthly Option Income ETF,BATS,True,False
CPSO,Calamos S&P 500 Structured Alt Protection ETF - October,ARCA,True,False
CPSP,Calamos S&P 500 Structured Alt Protection ETF - April,ARCA,True,False
CRDU,Tradr 2X Long CRDO Daily ETF,BATS,True,False
CRGO,Freightos Limited Ordinary shares,NASDAQ,True,False
CRML,Critical Metals Corp. Ordinary Shares,NASDAQ,True,False
CRXP,Columbia Core Plus Bond ETF,ARCA,True,False
CRY,GraniteShares ETF Trust GraniteShares YieldBOOST CRCL ETF,NASDAQ,True,False
CSCS,Direxion Shares ETF Trust Direxion Daily CSCO Bear 1X ETF,NASDAQ,True,False
CSD,Invesco S&P Spin-Off ETF,ARCA,True,False
CURE,Direxion Daily Healthcare Bull 3X ETF,ARCA,True,False
DHLX,Diamond Hill Large Cap Concentrated ETF,ARCA,True,False
DIEM,Franklin Emerging Market Core Dividend Tilt Index ETF,ARCA,True,False
EFAD,ProShares MSCI EAFE Dividend Growers ETF,BATS,True,False
EFU,ProShares Trust UltraShort MSCI EAFE,ARCA,True,False
CPOP,"Pop Culture Group Co., Ltd Class A Ordinary Shares",NASDAQ,True,False
EIDO,iShares MSCI Indonesia ETF,ARCA,True,False
ELIL,Direxion Shares ETF Trust Direxion Daily LLY Bull 2X ETF,NASDAQ,True,False
EMAT,Evolution Metals & Technologies Corp. Common Stock,NASDAQ,True,False
EMBD,Global X Emerging Markets Bond ETF,ARCA,True,False
EMC,Global X Emerging Markets Great Consumer ETF,ARCA,True,False
EMCB,WisdomTree Trust WisdomTree Emerging Markets Corporate Bond Fund,NASDAQ,True,False
EMCR,Xtrackers Emerging Markets Carbon Reduction and Climate Improvers ETF,ARCA,True,False
EMCS,Xtrackers MSCI Emerging Markets Climate Selection ETF,ARCA,True,False
ERET,iShares Trust iShares Environmentally Aware Real Estate ETF,NASDAQ,True,False
ESGG,FlexShares STOXX Global ESG Select Index Fund,BATS,True,False
EUDV,ProShares MSCI Europe Dividend Growers ETF,BATS,True,False
EUSB,iShares ESG Advanced Universal USD Bond ETF,ARCA,True,False
EVMO,Eaton Vance Mortgage Opportunities ETF,ARCA,True,False
EVN,Eaton Vance Municipal Income Trust,NYSE,True,False
ERH,Allspring Utilities and High Income Fund,AMEX,True,False
EVPF,Morgan Stanley ETF Trust Eaton Vance Preferred Securities and Income ETF,NASDAQ,True,False
EVX,VanEck Environmental Services ETF,ARCA,True,False
EVYM,Morgan Stanley ETF Trust Eaton Vance High Income Municipal ETF,NASDAQ,True,False
EWK,iShares MSCI Belgium ETF,ARCA,True,False
EWQ,iShares MSCI France ETF,ARCA,True,False
EWUS,iShares MSCI United Kingdom Small-Cap ETF,BATS,True,False
FAAR,First Trust Exchange-Traded Fund VII First Trust Alternative Absolute Return Strategy ETF,NASDAQ,True,False
FAZ,Direxion Daily Financial Bear 3x ETF,ARCA,True,False
FB,ProShares S&P 500 Dynamic Buffer ETF,BATS,True,False
FCAL,First Trust Exchange-Traded Fund III First Trust California Municipal High Income ETF,NASDAQ,True,False
FDIQ,Invesco Exchange-Traded Fund Trust II Invesco Bloomberg Financial Data Providers ETF,NASDAQ,True,False
EVNT,AltShares Event-Driven ETF,ARCA,True,False
FDND,FT Vest Dow Jones Internet & Target Income ETF,BATS,True,False
FDRS,Corgi ETF Trust I Founder-Led ETF,NASDAQ,True,False
DGRS,WisdomTree Trust WisdomTree U.S. SmallCap Quality Dividend Growth Fund,NASDAQ,True,False
DGP,"DB Gold Double Long ETN due February 15, 2038",ARCA,True,False
HPP.PRC,"Hudson Pacific Properties, Inc. 4.750% Series C Cumulative Redeemable Preferred Stock",NYSE,True,False
DGLO,First Trust Exchange-Traded Fund VI First Trust RBA Deglobalization ETF,NASDAQ,True,False
NSRX,Nasus Pharma Ltd.,AMEX,True,False
DGJA,FT Vest U.S. Equity Buffer & Digital Return ETF - January,BATS,True,False
FGD,First Trust Dow Jones Global Select Dividend Index Fund,ARCA,True,False
FIAT,YieldMax Short COIN Option Income Strategy ETF,ARCA,True,False
FLMI,Franklin Dynamic Municipal Bond ETF,ARCA,True,False
FLMX,Franklin FTSE Mexico ETF,ARCA,True,False
FLN,First Trust Latin America AlphaDEX Fund,NASDAQ,True,False
FTHI,First Trust Exchange-Traded Fund VI First Trust BuyWrite Income ETF,NASDAQ,True,False
FTKI,First Trust Small Cap BuyWrite Income ETF,ARCA,True,False
FTNJ,Franklin New Jersey Municipal Income ETF,ARCA,True,False
FTNY,Franklin New York Municipal Income ETF,ARCA,True,False
GABF,Gabelli Financial Services Opportunities ETF,ARCA,True,False
GCAL,Goldman Sachs Dynamic California Municipal Income ETF,ARCA,True,False
GDEC,FT Vest U.S. Equity Moderate Buffer ETF - December,BATS,True,False
GDLC,Grayscale CoinDesk Crypto 5 ETF,ARCA,True,False
GLL,ProShares UltraShort Gold,ARCA,True,False
GLNK,Grayscale Chainlink Trust ETF,ARCA,True,False
GMUN,Goldman Sachs Access Municipal Bond ETF,ARCA,True,False
EXUS,Nomura ETF Trust Nomura Focused International Core ETF,NASDAQ,True,False
SWMR,"Swarmer, Inc Common Stock",NASDAQ,True,False
DGAP,FT Vest U.S. Equity Buffer & Digital Return ETF - April,BATS,True,False
MCGAU,Yorkville Acquisition Corp. Unit,NASDAQ,True,False
DFVX,Dimensional US Large Cap Vector ETF,ARCA,True,False
FGN,"F&G Annuities & Life, Inc. 7.950% Senior Notes due 2053",NYSE,True,False
GRX,The Gabelli Healthcare & Wellness Trust,NYSE,True,False
GSBD,"Goldman Sachs BDC, Inc.",NYSE,True,False
GTOC,Invesco Core Fixed Income ETF,BATS,True,False
GTOS,Invesco Short Duration Total Return Bond ETF,BATS,True,False
GTPE,Goldman Sachs ETF Trust Goldman Sachs MSCI World Private Equity Return Tracker ETF,NASDAQ,True,False
GTR,WisdomTree Trust WisdomTree Target Range Fund,NASDAQ,True,False
GUG,Guggenheim Active Allocation Fund,NYSE,True,False
GUMI,Goldman Sachs Ultra Short Municipal Income ETF,ARCA,True,False
GUSE,Goldman Sachs ETF Trust Goldman Sachs Enhanced U.S. Equity ETF,NASDAQ,True,False
FLQS,Franklin U.S. Small Cap Multifactor Index ETF,BATS,True,False
FMED,Fidelity Covington Trust Fidelity Disruptive Medicine ETF,NASDAQ,True,False
FPRO,Fidelity Real Estate Investment ETF,BATS,True,False
FTHF,First Trust Emerging Markets Human Flourishing ETF,ARCA,True,False
GUSA,Goldman Sachs MarketBeta U.S. 1000 Equity ETF,ARCA,True,False
DOCK,"Corgi Ports, Rail & Freight ETF",BATS,True,False
ACKY,VistaShares Target 15 ACKtivist Distribution ETF,ARCA,True,False
ACLC,American Century Large Cap Equity ETF,ARCA,True,False
ACSI,American Customer Satisfaction ETF,BATS,True,False
ADBG,Themes ETF Trust Leverage Shares 2X Long ADBE Daily ETF,NASDAQ,True,False
AGGA,EA Series Trust EA Astoria Dynamic Core US Fixed Income ETF,NASDAQ,True,False
AHYB,American Century Select High Yield ETF,ARCA,True,False
AGGH,Simplify Aggregate Bond ETF,ARCA,True,False
AIOO,AllianzIM U.S. Equity Buffer100 Protection ETF,BATS,True,False
ALOY,REalloys Inc. Common Stock,NASDAQ,True,False
ATC,GraniteShares ETF Trust GraniteShares Autocallable COIN ETF,NASDAQ,True,False
ATCH,"AtlasClear Holdings, Inc.",AMEX,True,False
BRNY,EA Series Trust Burney U.S. Factor Rotation ETF,NASDAQ,True,False
BSJR,Invesco BulletShares 2027 High Yield Corporate Bond ETF,NASDAQ,True,False
BTRN,Global X Bitcoin Trend Strategy ETF,ARCA,True,False
BUFS,FT Vest Laddered Small Cap Moderate Buffer ETF,BATS,True,False
DH,Definitive Healthcare Corp. Class A Common Stock,NASDAQ,True,False
EGLE,Global X S&P 500 U.S. Revenue Leaders ETF,ARCA,True,False
EKG,First Trust Exchange-Traded Fund II First Trust Nasdaq Lux Digital Health Solutions ETF,NASDAQ,True,False
EMOT,First Trust S&P 500 Economic Moat ETF,ARCA,True,False
GQQQ,EA Series Trust Astoria US Quality Growth Kings ETF,NASDAQ,True,False
EVLU,iShares MSCI Emerging Markets Value Factor ETF,BATS,True,False
AINP,Allspring Income Plus ETF,ARCA,True,False
EMOP,AB Emerging Markets Opportunities ETF,ARCA,True,False
GVAL,Cambria Global Value ETF,BATS,True,False
ENLT,Enlight Renewable Energy Ltd. Ordinary Shares,NASDAQ,True,False
CPXR,USCF Daily Target 2X Copper Index ETF,ARCA,True,False
FUND,"Sprott Focus Trust, Inc. Common Stock",NASDAQ,True,False
FXC,Invesco CurrencyShares Canadian Dollar Trust,ARCA,True,False
FGSI,First Trust Exchange-Traded Fund IV FT Vest Growth Strength & Target Income ETF,NASDAQ,True,False
AAUM,Tema Alternative Asset Managers ETF,BATS,True,False
AAUS,EA Series Trust Alpha Architect US Equity ETF,NASDAQ,True,False
ABUF,Aptus Laddered Buffer ETF,BATS,True,False
AVL,Direxion Shares ETF Trust Direxion Daily AVGO Bull 2X ETF,NASDAQ,True,False
BDBT,Bluemonte Core Bond ETF,ARCA,True,False
BFIX,Build Bond Innovation ETF,ARCA,True,False
BIZD,VanEck BDC Income ETF,ARCA,True,False
CAPE,DoubleLine Shiller CAPE U.S. Equities ETF,ARCA,True,False
CBOJ,Calamos Bitcoin Structured Alt Protection ETF - January,BATS,True,False
CBOL,Calamos Laddered Bitcoin Structured Alt Protection ETF,BATS,True,False
DDDD,YieldMax U.S. Stocks Target Double Distribution ETF,ARCA,True,False
DIVP,Cullen Enhanced Equity Income ETF,ARCA,True,False
DTF,DTF Tax-Free Income 2028 Term Fund Inc.,NYSE,True,False
DVVY,Invesco Diversified Dividend Opportunities ETF,BATS,True,False
EAGL,Eagle Capital Select Equity ETF,ARCA,True,False
EDZ,Direxion Daily MSCI Emerging Markets Bear 3X ETF,ARCA,True,False
EEE,CYBER HORNET Trust S&P 500 and Ethereum 75/25 Strategy ETF,NASDAQ,True,False
DCOM.PR,"Dime Community Bancshares, Inc. Preferred Stock, Series A",NYSE,True,False
FDTS,First Trust Developed Markets ex-US Small Cap AlphaDex Fund,NASDAQ,True,False
FEMV,Fidelity Enhanced Mid Cap Value ETF,ARCA,True,False
FFDI,Fidelity Fundamental Developed International ETF,BATS,True,False
FHYS,Federated Hermes Short Duration High Yield ETF,ARCA,True,False
FLCV,Federated Hermes MDT Large Cap Value ETF,ARCA,True,False
FLLA,Franklin FTSE Latin America,ARCA,True,False
FMUN,Fidelity Merrimack Street Trust Fidelity Systematic Municipal Bond Index ETF,NASDAQ,True,False
FMY,FIRST TRUST MORTGAGE INCOME FUND,NYSE,True,False
FPAG,FPA Global Equity ETF,BATS,True,False
FPE,First Trust Preferred Securities and Income ETF,ARCA,True,False
GPRF,Goldman Sachs ETF Trust Goldman Sachs Access U.S. Preferred Stock and Hybrid Securities ETF,NASDAQ,True,False
GTOP,Goldman Sachs ETF Trust Goldman Sachs Technology Opportunities ETF,NASDAQ,True,False
GTOQ,Invesco Actively Managed Exchange-Traded Fund Trust Invesco High Yield Systematic Bond ETF,NASDAQ,True,False
CRED,Columbia Research Enhanced Real Estate ETF,ARCA,True,False
GMRS,GMR Solutions Inc.,NYSE,True,False
EWI,iShares MSCI Italy ETF,ARCA,True,False
CLOX,Eldridge AAA CLO ETF,ARCA,True,False
FNK,First Trust Mid Cap Value AlphaDEX Fund,NASDAQ,True,False
DDTA,Innovator Equity Dual Directional 10 Buffer ETF - April,BATS,True,False
GHTA,Goose Hollow Tactical Allocation ETF,BATS,True,False
CNRG,State Street SPDR S&P Kensho Clean Power ETF,ARCA,True,False
LUCYW,"Innovative Eyewear, Inc. Series A Warrants 8/16/27",NASDAQ,True,False
EFAS,Global X Funds Global X MSCI SuperDividend EAFE ETF,NASDAQ,True,False
FUTG,Themes ETF Trust Leverage Shares 2x Long FUTU Daily ETF,NASDAQ,True,False
FCUS,Pinnacle Focused Opportunities ETF,ARCA,True,False
FOXY,Simplify Currency Strategy ETF,ARCA,True,False
CPNJ,Calamos Nasdaq-100 Structured Alt Protection ETF - June,ARCA,True,False
EMMF,WisdomTree Emerging Markets Multifactor Fund,ARCA,True,False
GQRE,FlexShares Global Quality Real Estate Index Fund,ARCA,True,False
AMZE,"Amaze Holdings, Inc.",AMEX,True,False
BFXU,FT Vest Laddered U.S. Equity Uncapped Accelerator ETF,BATS,True,False
BRES,EA Series Trust Burney U.S. Equity Select ETF,NASDAQ,True,False
AAON,"AAON, Inc. Common Stock",NASDAQ,True,True
BRF,VanEck Brazil Small-Cap ETF,ARCA,True,False
BU,Tidal Trust II Defiance Daily Target 2X Long BU ETF,NASDAQ,True,False
BUFY,FT Vest Laddered International Moderate Buffer ETF,BATS,True,False
BUFZ,FT Vest Laddered Moderate Buffer ETF,BATS,True,False
BUI,"BlackRock Utilities, Infrastructure & Power Opportunities Trust",NYSE,True,False
CPST,Calamos S&P 500 Structured Alt Protection ETF - September,ARCA,True,False
DEHP,Dimensional Emerging Markets High Profitability ETF,ARCA,True,False
ECML,Euclidean Fundamental Value ETF,ARCA,True,False
EFFI,Harbor Osmosis International Resource Efficient ETF,ARCA,True,False
GGRW,Gabelli Growth Innovators ETF,ARCA,True,False
EIKN,"Eikon Therapeutics, Inc. Common Stock",NASDAQ,True,False
EOCT,Innovator Emerging Markets Power Buffer ETF-October,ARCA,True,False
EUIG,iShares Euro Investment Grade Corporate Bond USD Hedged ETF,BATS,True,False
FLC,Flaherty & Crumrine Total Return Fund Incorporated,NYSE,True,False
FLCE,Frontier Asset U.S. Large Cap Equity ETF,ARCA,True,False
FLCG,Federated Hermes MDT Large Cap Growth ETF,ARCA,True,False
FMUB,Fidelity Merrimack Street Trust Fidelity Municipal Bond Opportunities ETF,NASDAQ,True,False
FPA,First Trust Asia Pacific ex-Japan AlphaDEX Fund,NASDAQ,True,False
FSEG,Fidelity Enhanced Small Cap Growth ETF,ARCA,True,False
BREM,BlackRock ETF Trust II iShares Emerging Markets Bond Active ETF,NASDAQ,True,False
FDFF,Fidelity Covington Trust Fidelity Disruptive Finance ETF,NASDAQ,True,False
EPHE,iShares MSCI Philippines ETF,ARCA,True,False
AAPY,Kurv Yield Premium Strategy Apple (AAPL) ETF,BATS,True,False
ABCL,AbCellera Biologics Inc. Common Shares,NASDAQ,True,False
ACIO,Aptus Collared Investment Opportunity ETF,BATS,True,False
AEG,Aegon Ltd.,NYSE,True,False
APPX,Investment Managers Series Trust II Tradr 2X Long APP Daily ETF,NASDAQ,True,False
AVGW,Roundhill AVGO WeeklyPay ETF,BATS,True,False
AWF,"ALLIANCEBERSTEIN GLOBAL HIGH INCOME FUND, INC.",NYSE,True,False
AYA,Aya Gold & Silver Inc. Common Shares,NASDAQ,True,False
CPSR,Calamos S&P 500 Structured Alt Protection ETF - March,ARCA,True,False
BCBP,"BCB Bancorp, Inc. (NJ) Common Stock",NASDAQ,True,False
BDJ,BlackRock Enhanced Equity Dividend Trust,NYSE,True,False
DBRG.PRJ,"DigitalBridge Group, Inc. 7.125% Series J Cumulative Redeemable Perpetual Preferred Stock",NYSE,True,False
BGT,BlackRock Floating Rate Income Trust,NYSE,True,False
BHR,Braemar Hotels & Resorts Inc. Common Stock,NYSE,True,False
BLZE,"Backblaze, Inc. Class A Common Stock",NASDAQ,True,False
BNO,"United States Brent Oil Fund, LP",ARCA,True,False
BRHY,BlackRock ETF Trust II iShares High Yield Active ETF,NASDAQ,True,False
BTCL,T-Rex 2X Long Bitcoin Daily Target ETF,BATS,True,False
BTZ,BlackRock Credit Allocation Income Trust,NYSE,True,False
BUFG,FT Vest Buffered Allocation Growth ETF,BATS,True,False
CBTO,Calamos Bitcoin 80 Series Structured Alt Protection ETF - October,BATS,True,False
CEFS,Saba Closed-End Funds ETF,BATS,True,False
CHAT,Roundhill Generative AI & Technology ETF,ARCA,True,False
CHW,Calamos Global Dynamic Income Fund Common Stock,NASDAQ,True,False
CLYM,"Climb Bio, Inc. Common Stock",NASDAQ,True,False
CMDB,Costamare Bulkers Holdings Limited,NYSE,True,False
CMT,"Core Molding Technologies, Inc.",AMEX,True,False
CNBS,Amplify Seymour Cannabis ETF,ARCA,True,False
CNCG,Themes ETF Trust Leverage Shares 2X Long CNC Daily ETF,NASDAQ,True,False
CRDL,Cardiol Therapeutics Inc. Class A Common Shares,NASDAQ,True,False
CSB,VictoryShares US Small Cap High Div Volatility Wtd ETF,NASDAQ,True,False
CZNC,Citizens & Northern Corp Common Stock,NASDAQ,True,False
DDFL,Innovator Equity Dual Directional 15 Buffer ETF - July,BATS,True,False
DEC,Diversified Energy Company,NYSE,True,False
PNFP.PRB,"Pinnacle Financial Partners, Inc. Fixed-Rate Reset Non-Cumulative Perpetual Preferred Stock, Series B",NYSE,True,False
RCD,Ready Capital Corporation 9.00% Senior Notes due 2029,NYSE,True,False
RMSGW,Real Messenger Corporation Warrants,NASDAQ,True,False
RSSS,"Research Solutions, Inc Common Stock",NASDAQ,True,False
DFP,FLAHERTY & CRUMRINE DYNAMIC PREFERRED AND INCOME FUND INCORPORATED,NYSE,True,False
DFSD,Dimensional Short-Duration Fixed Income ETF,ARCA,True,False
DFSE,Dimensional Emerging Markets Sustainability Core 1 ETF,ARCA,True,False
DHY,Credit Suisse High Yield Credit Fund,AMEX,True,False
DINT,Davis Select International ETF,BATS,True,False
DIV,Global X SuperDividend U.S. ETF,ARCA,True,False
DNL,WisdomTree Global ex-U.S. Quality Growth Fund,ARCA,True,False
DSM,"BNY Mellon Strategic Municipal Bond Fund, Inc.",NYSE,True,False
EFR,Eaton Vance Senior Floating-Rate Fund,NYSE,True,False
FBL,GraniteShares ETF Trust GraniteShares 2x Long META Daily ETF,NASDAQ,True,False
FDIF,Fidelity Covington Trust Fidelity Disruptors ETF,NASDAQ,True,False
FDIG,Fidelity Covington Trust Fidelity Crypto Industry and Digital Payments ETF,NASDAQ,True,False
FDRR,Fidelity Dividend ETF for Rising Rates,ARCA,True,False
FINX,Global X Funds Global X FinTech ETF,NASDAQ,True,False
GOEX,Global X Gold Explorers ETF (NEW),ARCA,True,False
FIXD,First Trust Exchange-Traded Fund VIII First Trust Smith Opportunistic Fixed Income ETF,NASDAQ,True,False
FJAN,FT Vest U.S. Equity Buffer ETF - January,BATS,True,False
SOJD,"The Southern Company Series 2020A 4.95% Junior Subordinated Notes due January 30, 2080",NYSE,True,False
SOJF,"The Southern Company Series 2025A 6.50% Junior Subordinated Notes due March 15, 2085",NYSE,True,False
SOPA,Society Pass Incorporated Common Stock,NASDAQ,True,False
SORA,AsiaStrategy Ordinary Shares,NASDAQ,True,False
DBRG.PRI,"DigitalBridge Group, Inc. 7.15% Series I Cumulative Redeemable Perpetual Preferred Stock",NYSE,True,False
DFSU,Dimensional US Sustainability Core 1 ETF,ARCA,True,False
DFSI,Dimensional International Sustainability Core 1 ETF,ARCA,True,False
DFSB,Dimensional Global Sustainability Fixed Income ETF,ARCA,True,False
DFMC,U.S. Micro Cap Portfolio ETF Class Shares,ARCA,True,False
FLCO,Franklin Investment Grade Corporate ETF,ARCA,True,False
FLTR,VanEck IG Floating Rate ETF,ARCA,True,False
FNLC,"First Bancorp, Inc  (ME) Common Stock",NASDAQ,True,False
FXE,Invesco CurrencyShares Euro Currency Trust,ARCA,True,False
FXY,Invesco CurrencyShares Japanese Yen Trust,ARCA,True,False
GGN,"GAMCO Global Gold, Natural Resources & Income Trust",AMEX,True,False
GLV,Clough Global Dividend and Income Fund,AMEX,True,False
GOAU,US Global GO Gold and Precious Metal Miners ETF,ARCA,True,False
CWI,State Street SPDR MSCI ACWI ex-US ETF,ARCA,True,False
BHM,"Bluerock Homes Trust, Inc.",AMEX,True,False
GAM,"General American Investors Company, Inc.",NYSE,True,False
ANIK,Anika Therapeutics Inc. Common Stock,NASDAQ,True,False
GOVI,Invesco Exchange-Traded Fund Trust II Invesco Equal Weight 0-30 Year Treasury ETF,NASDAQ,True,False
DFIP,Dimensional Inflation-Protected Securities ETF,ARCA,True,False
DFII,FT Vest Bitcoin Strategy & Target Income ETF,ARCA,True,False
DFGX,Dimensional ETF Trust Dimensional International Core Fixed Income ETF,NASDAQ,True,False
DFGP,Dimensional ETF Trust Dimensional Global Core Plus Fixed Income ETF,NASDAQ,True,False
DFEB,FT Vest U.S. Equity Deep Buffer ETF - February,BATS,True,False
DFE,WisdomTree Europe SmallCap Dividend Fund,ARCA,True,False
DFDV,DeFi Development Corp. Common Stock,NASDAQ,True,False
LCCCU,Lakeshore Acquisition III Corp. Unit,NASDAQ,True,False
DFCA,Dimensional California Municipal Bond ETF,ARCA,True,False
SRJN,Spire Inc. 6.375% Junior Subordinated Notes due 2086,NYSE,True,False
BWX,State Street SPDR Bloomberg International Treasury Bond ETF,ARCA,True,False
CRNT,Ceragon Networks Ltd. Ordinary Shares,NASDAQ,True,False
DBA,Invesco DB Agriculture Fund,ARCA,True,False
GSEW,Goldman Sachs Equal Weight U.S. Large Cap Equity ETF,BATS,True,False
GSG,iShares S&P  GSCI Commodity-Indexed Trust,ARCA,True,False
ABNY,YieldMax ABNB Option Income Strategy ETF,ARCA,True,False
AUTL,Autolus Therapeutics plc American Depositary Share,NASDAQ,True,False
FEMS,First Trust Developed Markets Small Cap AlphaDex Fund,NASDAQ,True,False
CMDT,PIMCO Commodity Strategy Active Exchange-Traded Fund,ARCA,True,False
FLCC,Federated Hermes MDT Large Cap Core ETF,ARCA,True,False
ALPS,ALPS Group Inc Ordinary Share,NASDAQ,True,False
DEXC,Dimensional Emerging Markets ex China Core Equity ETF,ARCA,True,False
DUG,ProShares UltraShort Energy,ARCA,True,False
AUSM,Allspring Ultra Short Municipal ETF,ARCA,True,False
GLCR,Listed Funds Trust GlacierShares Nasdaq Iceland ETF,NASDAQ,True,False
GOU,GraniteShares ETF Trust GraniteShares 2x Long GOOGL Daily ETF,NASDAQ,True,False
CAFX,Congress Intermediate Bond ETF,ARCA,True,False
EEA,"The European Equity Fund, Inc.",NYSE,True,False
AUGM,FT Vest U.S. Equity Max Buffer ETF - August,BATS,True,False
DIVL,Madison Dividend Value ETF,ARCA,True,False
GHG,"GreenTree Hospitality Group Ltd. American depositary shares, each representing one Class A ordinary share",NYSE,True,False
GIGL,Goldman Sachs Corporate Bond ETF,ARCA,True,False
GINN,Goldman Sachs Innovate Equity ETF,ARCA,True,False
CRCD,T-REX 2X Inverse CRCL Daily Target ETF,BATS,True,False
CRWU,T-REX 2X Long CRWV Daily Target ETF,BATS,True,False
CSPF,Cohen & Steers Preferred and Income Opportunities Active ETF,ARCA,True,False
ADFI,Anfield Dynamic Fixed Income ETF,BATS,True,False
ADIV,Guinness Atkinson Asia Pacific Dividend Builder ETF,ARCA,True,False
ADME,Aptus Behavioral Momentum ETF,BATS,True,False
APHU,T-REX 2X Long APH Daily Target ETF,BATS,True,False
APIE,ActivePassive International Equity ETF,ARCA,True,False
APLX,Tradr 2X Long APLD Daily ETF,BATS,True,False
AVSU,Avantis Responsible U.S. Equity ETF,ARCA,True,False
AVX,Avax One Technology Ltd. Common Shares,NASDAQ,True,False
SUJA,"Suja Life, Inc. Class A Common Stock",NASDAQ,True,False
SUMA,SUMA Acquisition Corporation Class A Ordinary Shares,NASDAQ,True,False
SUMAU,SUMA Acquisition Corporation Units,NASDAQ,True,False
SUPX,SuperX AI Technology Limited Ordinary Shares,NASDAQ,True,False
SWAG,"Stran & Company, Inc. Common Stock",NASDAQ,True,False
IFBD,"Infobird Co., Ltd Ordinary Shares",NASDAQ,True,False
AVXX,Tidal Trust II Defiance Daily Target 2x Long AVAV ETF,NASDAQ,True,False
BBIB,JPMorgan BetaBuilders U.S. Treasury Bond 3-10 Year ETF,BATS,True,False
BBLB,JPMorgan BetaBuilders U.S. Treasury Bond 20+ Year ETF,BATS,True,False
BCUS,Bancreek U.S. Large Cap ETF,ARCA,True,False
BDCX,"ETRACS Quarterly Pay 1.5x Leveraged MarketVector BDC Liquid Index ETN due June 10, 2050",ARCA,True,False
BDCZ,"ETRACS MarketVector Business Development Companies Liquid Index ETN due April 26, 2041",ARCA,True,False
BDEC,Innovator U.S. Equity Buffer ETF - December,BATS,True,False
BDGS,EA Series Trust Bridges Capital Tactical ETF,NASDAQ,True,False
BKMC,BNY Mellon US Mid Cap Core Equity ETF,ARCA,True,False
BKMI,BNY Mellon ETF Trust II BNY Mellon Municipal Intermediate ETF,NASDAQ,True,False
BKMS,BNY Mellon ETF Trust II BNY Mellon Municipal Short Duration ETF,NASDAQ,True,False
CANQ,Calamos ETF Trust Calamos Nasdaq Equity & Income ETF,NASDAQ,True,False
CARD,MAX Auto Industry -3x Inverse Leveraged ETN,ARCA,True,False
CARY,Angel Oak Funds Trust Angel Oak Income ETF,NASDAQ,True,False
CAS,Simplify China A Shares PLUS Income ETF,ARCA,True,False
EIC,Eagle Point Income Company Inc.,NYSE,True,False
DEW,WisdomTree Global High Dividend Fund,ARCA,True,False
DEMZ,The Advisors' Inner Circle Fund III Democratic Large Cap Core ETF,NASDAQ,True,False
HURC,"Hurco Companies, Inc. Common Stock",NASDAQ,True,False
DIVE,Dana Concentrated Dividend ETF,ARCA,True,False
CTAAR,ClearThink 1 Acquisition Corp. Rights,NASDAQ,True,False
CTAA,ClearThink 1 Acquisition Corp. Class A Ordinary Shares,NASDAQ,True,False
CTA.PRB,"EIDP, Inc. Preferred Stock $4.50 Series",NYSE,True,False
EIPX,FT Energy Income Partners Strategy ETF,ARCA,True,False
EJUL,Innovator Emerging Markets Power Buffer ETF - July,ARCA,True,False
ELBM,Electra Battery Materials Corporation Common Stock,NASDAQ,True,False
ELD,WisdomTree Emerging Markets Local Debt Fund,ARCA,True,False
FISR,State Street Fixed Income Sector Rotation ETF,ARCA,True,False
FITE,State Street SPDR S&P Kensho Future Security ETF,ARCA,True,False
FIXP,FolioBeyond Enhanced Fixed Income Premium ETF,ARCA,True,False
FLEU,Franklin FTSE Eurozone ETF,ARCA,True,False
FLSP,Franklin Systematic Style Premia ETF,ARCA,True,False
FLX,BingEx Limited American Depositary Shares,NASDAQ,True,False
FLXN,Horizon Flexible Income ETF,BATS,True,False
FLYU,MicroSectors Travel 3x Leveraged ETN,ARCA,True,False
FMAT,Fidelity MSCI Materials Index ETF,ARCA,True,False
FPXE,First Trust Exchange-Traded Fund II First Trust IPOX Europe Equity Opportunities ETF,NASDAQ,True,False
FPXI,First Trust Exchange-Traded Fund II First Trust International Equity Opportunities ETF,NASDAQ,True,False
FURY,Fury Gold Mines Limited,AMEX,True,False
GEF.B,"Greif, Inc. Class B",NYSE,True,False
GEME,The 2023 ETF Series Trust Pacific North of South EM Equity Active ETF,NASDAQ,True,False
GEMG,Themes ETF Trust Leverage Shares 2X Long GEMI Daily ETF,NASDAQ,True,False
GEMI,"Gemini Space Station, Inc. Class A Common Stock",NASDAQ,True,False
GENB,"Generate Biomedicines, Inc. Common Stock",NASDAQ,True,False
GEND,Genter Capital Dividend Income ETF,ARCA,True,False
GENM,Genter Capital Municipal Quality Intermediate ETF,ARCA,True,False
GEOA,WisdomTree GeoAlpha Opportunities Fund,ARCA,True,False
APUE,ActivePassive U.S. Equity ETF,ARCA,True,False
AXIA.PR,"AXIA Energia American Depositary Shares, each representing one Preferred Class B1 Share",NYSE,True,False
BBP,Virtus Biotech ETF,ARCA,True,False
EQLT,iShares MSCI Emerging Markets Quality Factor ETF,BATS,True,False
EQRR,ProShares Trust ProShares Equities for Rising Rates ETF,NASDAQ,True,False
FSZ,First Trust Switzerland AlphaDex Fund,NASDAQ,True,False
FTA,First Trust Large Cap Value AlphaDEX Fund,NASDAQ,True,False
BFEB,Innovator U.S. Equity Buffer ETF - February,BATS,True,False
FDIV,EA Series Trust MarketDesk Focused U.S. Dividend ETF,NASDAQ,True,False
FLOW,Global X U.S. Cash Flow Kings 100 ETF,ARCA,True,False
FLQL,Franklin U.S. Large Cap Multifactor Index ETF,BATS,True,False
FLRG,Fidelity U.S. Multifactor ETF,ARCA,True,False
FLUD,Franklin Ultra Short Bond ETF,ARCA,True,False
GAID,Guinness Atkinson International Dividend Builder ETF,ARCA,True,False
HOVNP,Hovnanian Enterprises Inc Dep Shr Srs A Pfd,NASDAQ,True,False
CORZZ,"Core Scientific, Inc. Tranche 2 Warrants",NASDAQ,True,False
CORZW,"Core Scientific, Inc. Tranche 1 Warrants",NASDAQ,True,False
DEFI,Hashdex Commodities Trust,ARCA,True,False
DEEF,Xtrackers FTSE Developed ex US Multifactor ETF,ARCA,True,False
GCAD,Gabelli Commercial Aerospace and Defense ETF,ARCA,True,False
ALVO,Alvotech Ordinary Shares,NASDAQ,True,False
DCGO,DocGo Inc. Common Stock,NASDAQ,True,False
AMDD,Direxion Shares ETF Trust Direxion Daily AMD Bear 1X ETF,NASDAQ,True,False
BUL,Pacer US Cash Cows Growth ETF,ARCA,True,False
DEFT,"Defi Technologies, Inc. Common Stock",NASDAQ,True,False
COII,REX COIN Covered Call ETF,BATS,True,False
FNGG,Direxion Daily NYSE FANG+ Bull 2X ETF,ARCA,True,False
EVSM,Eaton Vance Short Duration Municipal Income ETF,ARCA,True,False
DOCT,FT Vest U.S. Equity Deep Buffer ETF - October,BATS,True,False
FEMG,Fidelity Enhanced Mid Cap Growth ETF,ARCA,True,False
ACEP,EA Series Trust ARS Core Equity Portfolio ETF,NASDAQ,True,False
APRH,Innovator Premium Income 20 Barrier ETF - April,BATS,True,False
BAIG,Themes ETF Trust Leverage Shares 2X Long BBAI Daily ETF,NASDAQ,True,False
BRKU,Direxion Shares ETF Trust Direxion Daily BRKB Bull 2X ETF,NASDAQ,True,False
DSEP,FT Vest U.S. Equity Deep Buffer ETF - September,BATS,True,False
DUKX,Northern Lights Fund Trust Ocean Park International ETF,NASDAQ,True,False
DUKZ,Ocean Park Diversified Income ETF,ARCA,True,False
GGME,Invesco Next Gen Media and Gaming ETF,ARCA,True,False
GGOV,iShares Global Government Bond USD Hedged Active ETF,ARCA,True,False
AV,Corgi Aerospace & Commercial Aviation ETF,BATS,True,False
CBXO,Calamos Bitcoin 90 Series Structured Alt Protection ETF - October,BATS,True,False
FIDI,Fidelity International High Dividend ETF,ARCA,True,False
FSML,Franklin Small Cap Enhanced ETF,ARCA,True,False
ARMH,Arm Holdings PLC ADRhedged,ARCA,True,False
BSR,Beacon Selective Risk ETF,ARCA,True,False
CGGG,Capital Group U.S. Large Growth ETF,ARCA,True,False
DDXX,Defined Duration 20 ETF,BATS,True,False
EPSB,Harbor SMID Cap Core ETF,ARCA,True,False
EWO,iShares MSCI Austria ETF,ARCA,True,False
FCA,First Trust China AlphaDEX Fund,NASDAQ,True,False
BBRE,JPMorgan BetaBuilders MSCI U.S. REIT ETF,BATS,True,False
FRTY,Alger Mid Cap 40 ETF,ARCA,True,False
EWW,iShares MSCI Mexico ETF,ARCA,True,True
BAMV,Brookstone Value Stock ETF,BATS,True,False
BLES,Inspire Global Hope ETF,ARCA,True,False
CCRP,Columbia Corporate Bond ETF,ARCA,True,False
GQGU,GQG US Equity ETF,ARCA,True,False
FCOR,Fidelity Corporate Bond ETF,ARCA,True,False
ATEX,Anterix Inc. Common Stock,NASDAQ,True,True
CAN,Canaan Inc. American Depositary Shares,NASDAQ,True,False
FBND,Fidelity Total Bond ETF,ARCA,True,True
LFT.PRA,"Lument Finance Trust, Inc. 7.875% Series A Cumulative Redeemable Preferred Stock",NYSE,True,False
DEED,First Trust Securitized Plus ETF,ARCA,True,False
DECZ,TrueShares Structured Outcome (December) ETF,BATS,True,False
DECP,PGIM S&P 500 Buffer 12 ETF - December,BATS,True,False
ESUM,Eventide US Market ETF,ARCA,True,False
FAI,First Trust Bloomberg Artificial Intelligence ETF,ARCA,True,False
DCRE,DoubleLine Commercial Real Estate Debt ETF,ARCA,True,False
GLRY,Inspire Growth ETF,ARCA,True,False
CZAR,Themes ETF Trust Themes Natural Monopoly ETF,NASDAQ,True,False
AKAF,The Frontier Economic Fund,NYSE,True,False
CCG,Cheche Group Inc. Class A Ordinary Shares,NASDAQ,True,False
CZA,Invesco Zacks Mid-Cap ETF,ARCA,True,False
DUNK,Dana Unconstrained Equity ETF,ARCA,True,False
DWM,WisdomTree International Equity Fund,ARCA,True,False
FIXT,TCW Core Plus Bond ETF,NYSE,True,False
BFOR,Barron's 400 ETF,ARCA,True,False
BTR,Beacon Tactical Risk ETF,ARCA,True,False
BYLD,iShares Yield Optimized Bond ETF,ARCA,True,False
CBOT,Corgi Robots & Humanoids ETF,BATS,True,False
DDX,Defined Duration 10 ETF,BATS,True,False
EAD,Allspring Income Opportunities Fund,AMEX,True,False
FEGE,First Eagle Global Equity ETF,NYSE,True,False
ESK,REX-Osprey ETH + Staking ETF,BATS,True,False
EDF,Virtus Stone Harbor Emerging Markets Income Fund,NYSE,True,False
TDWDR,Tailwind 2.0 Acquisition Corp. Rights,NASDAQ,True,False
TDWDU,Tailwind 2.0 Acquisition Corp. Unit,NASDAQ,True,False
DECM,FT Vest U.S. Equity Max Buffer ETF - December,BATS,True,False
DDTY,Innovator Equity Dual Directional 10 Buffer ETF - May,BATS,True,False
DDTS,Innovator Equity Dual Directional 10 Buffer ETF - September,BATS,True,False
DDTO,Innovator Equity Dual Directional 10 Buffer ETF - October,BATS,True,False
CARK,CastleArk Large Growth ETF,ARCA,True,False
APOC,Innovator Equity Defined Protection ETF - 6mo Apr/Oct,BATS,True,False
BITS,Global X Funds Global X Blockchain & Bitcoin Strategy ETF,NASDAQ,True,False
CDX,Simplify High Yield ETF,ARCA,True,False
CGIE,Capital Group International Equity ETF,ARCA,True,False
CLNK,Bitwise Chainlink ETF,ARCA,True,False
DVND,Touchstone Dividend Select ETF,ARCA,True,False
EPV,ProShares UltraShort FTSE Europe,ARCA,True,False
EQ,"Equillium, Inc. Common Stock",NASDAQ,True,False
FCLO,Fidelity Covington Trust Fidelity CLO ETF,NASDAQ,True,False
FLAU,Franklin FTSE Australia ETF,ARCA,True,False
GAL,State Street Global Allocation ETF,ARCA,True,False
GSOL,Grayscale Solana Staking ETF Shares,ARCA,True,False
EPIN,Harbor International Equity ETF,ARCA,True,False
ARB,AltShares Merger Arbitrage ETF,ARCA,True,False
AINT,FINQ DOLLAR NEUTRAL U.S. Large Cap AI-Managed Equity ETF,ARCA,True,False
ACGLN,"Arch Capital Group Ltd. Depositary Shares, each Representing a 1/1,000th Interest in a 4.550% Non-Cumulative Preferred Share, Series G",NASDAQ,True,False
CBXY,Calamos Bitcoin 90 Series Structured Alt Protection ETF - July,BATS,True,False
BROS,Dutch Bros Inc.,NYSE,True,True
EPR,EPR Properties,NYSE,True,True
CIF,MFS Intermediate High Income Fund,NYSE,True,False
ATCL,REX Autocallable Income ETF,ARCA,True,False
COYY,GraniteShares ETF Trust GraniteShares YieldBOOST COIN ETF,NASDAQ,True,False
ACTS,FIS Tactical Equity ETF,ARCA,True,False
ABVE,Above Food Ingredients Inc. Common Stock,NASDAQ,True,False
BCGD,Baron Global Durable Advantage ETF,NYSE,True,False
BPRO,Bitwise Proficio Currency Debasement ETF,ARCA,True,False
BSEP,Innovator U.S. Equity Buffer ETF - September,BATS,True,False
BTCC,Grayscale Bitcoin Covered Call ETF,ARCA,True,False
ENOR,iShares MSCI Norway ETF,BATS,True,False
CGUS,Capital Group Core Equity ETF,ARCA,True,False
EXOD,"Exodus Movement, Inc.",AMEX,True,False
GLQ,Clough Global Equity Fund,AMEX,True,False
FELC,Fidelity Enhanced Large Cap Core ETF,ARCA,True,False
ATTR,Arin Tactical Tail Risk ETF,BATS,True,False
BCTK,Baron ETF Trust Baron Technology ETF,NASDAQ,True,False
EPEM,Harbor Emerging Markets Equity ETF,ARCA,True,False
GLOF,iShares Global Equity Factor ETF,ARCA,True,False
AMUB,"ETRACS Alerian MLP Index ETN Series B due July 18, 2042",ARCA,True,False
TFIN.PR,"Triumph Financial, Inc. Depositary Shares, Each Representing a 1/40th Interest in a Share of 7.125% Series C Fixed-Rate Non-Cumulative Perpetual Preferred Stock",NYSE,True,False
TPGXL,"TPG Operating Group II, L.P. 6.950% Fixed-Rate Junior Subordinated Notes due 2064",NASDAQ,True,False
GMNY,Goldman Sachs Dynamic New York Municipal Income ETF,ARCA,True,False
DARP,Grizzle Growth ETF,ARCA,True,False
EVUS,iShares ESG Aware MSCI USA Value ETF,BATS,True,False
GCTS,"GCT Semiconductor Holding, Inc.",NYSE,True,False
GSEE,Goldman Sachs MarketBeta Emerging Markets Equity ETF,BATS,True,False
AVLC,Avantis U.S. Large Cap Equity ETF,ARCA,True,False
FDTX,Fidelity Covington Trust Fidelity Disruptive Technology ETF,NASDAQ,True,False
FEMR,Fidelity Enhanced Emerging Markets ETF,ARCA,True,False
DUKQ,Ocean Park Domestic ETF,ARCA,True,False
AVPT,"AvePoint, Inc. Class A Common Stock",NASDAQ,True,True
CYH,"Community Health Systems, Inc.",NYSE,True,True
DFIC,Dimensional International Core Equity 2 ETF,BATS,True,True
EVTC,"EVERTEC, INC.",NYSE,True,True
BGX,Blackstone Long-Short Credit Income Fund,NYSE,True,True
AXG,Solowin Holdings Class A Ordinary Share,NASDAQ,True,False
FBY,YieldMax META Option Income Strategy ETF,ARCA,True,False
GLDB,ETF Opportunities Trust IDX Alternative FIAT ETF,NASDAQ,True,False
EVSB,Eaton Vance Ultra-Short Income ETF,ARCA,True,False
ALDB,Aptus Laddered Deep Buffer ETF,BATS,True,False
DBEZ,Xtrackers MSCI Eurozone Hedged Equity ETF,ARCA,True,False
TLSIW,"TriSalus Life Sciences, Inc. Warrant",NASDAQ,True,False
DDTJ,Innovator Equity Dual Directional 10 Buffer ETF - January,BATS,True,False
DDTD,Innovator Equity Dual Directional 10 Buffer ETF - December,BATS,True,False
MTEK,Maris-Tech Ltd. Ordinary Shares,NASDAQ,True,False
DDSQ,Innovator Equity Dual Directional 5 Buffer ETF - Quarterly,BATS,True,False
DDLS,WisdomTree Dynamic International SmallCap Equity Fund,BATS,True,False
DDIV,First Trust Exchange-Traded Fund VI First Trust Dorsey Wright Momentum & Dividend ETF,NASDAQ,True,False
DDFY,Innovator Equity Dual Directional 15 Buffer ETF - May,BATS,True,False
DBJP,Xtrackers MSCI Japan Hedged Equity ETF,ARCA,True,False
CXSE,WisdomTree Trust WisdomTree China ex-State-Owned Enterprises Fund,NASDAQ,True,False
EMQQ,EMQQ The Emerging Markets Internet ETF,ARCA,True,False
CNXT,VanEck ChiNext Innovators ETF,ARCA,True,False
DFVE,DoubleLine Fortune 500 Equal Weight ETF,ARCA,True,False
FAUG,FT Vest U.S. Equity Buffer ETF - August,BATS,True,False
FLTW,Franklin FTSE Taiwan ETF,ARCA,True,False
BUSA,Brandes U.S. Value ETF,BATS,True,False
DIPS,YieldMax Short NVDA Option Income Strategy ETF,ARCA,True,False
AMTM,"Amentum Holdings, Inc.",NYSE,True,True
DDD,3D Systems Corporation,NYSE,True,True
EVEX,"Eve Holding, Inc.",NYSE,True,True
FULT,Fulton Financial Corporation Common Stock,NASDAQ,True,True
GGAL,Grupo Financiero Galicia S.A. American Depositary Shares,NASDAQ,True,True
DDFS,Innovator Equity Dual Directional 15 Buffer ETF - September,BATS,True,False
GH,"Guardant Health, Inc. Common Stock",NASDAQ,True,True
GHRS,GH Research PLC Ordinary Shares,NASDAQ,True,True
GMF,State Street SPDR S&P Emerging Asia Pacific ETF,ARCA,True,True
GNR,State Street SPDR S&P Global Natural Resources ETF,ARCA,True,True
BRW,Saba Capital Income & Opportunities Fund,NYSE,True,True
GDRX,"GoodRx Holdings, Inc. Class A Common Stock",NASDAQ,True,True
FXH,First Trust Health Care AlphaDEX Fund,ARCA,True,True
ABSI,Absci Corporation Common Stock,NASDAQ,True,True
FELE,"Franklin Electric Co., Inc. Common Stock",NASDAQ,True,True
FIBK,"First Interstate BancSystem, Inc. Common Stock (DE)",NASDAQ,True,True
FIGR,"Figure Technology Solutions, Inc. Class A Common Stock",NASDAQ,True,True
AEP,"American Electric Power Company, Inc. Common Stock",NASDAQ,True,True
CCSI,"Consensus Cloud Solutions, Inc. Common Stock",NASDAQ,True,True
COGT,"Cogent Biosciences, Inc. Common Stock",NASDAQ,True,True
DUHP,Dimensional US High Profitability ETF,ARCA,True,True
ECPG,Encore Capital Group Inc Common Stock,NASDAQ,True,True
EPD,Enterprise Products Partners L.P.,NYSE,True,True
FLNA,"Filana Therapeutics, Inc. Common Stock",NASDAQ,True,True
FLNC,"Fluence Energy, Inc. Class A Common Stock",NASDAQ,True,True
FLNG,FLEX LNG Ltd. Ordinary Shares,NYSE,True,True
FLXR,TCW Flexible Income ETF,NYSE,True,True
GBTC,Grayscale Bitcoin Trust ETF,ARCA,True,True
GBTG,"Global Business Travel Group, Inc.",NYSE,True,True
GOOD,Gladstone Commercial Corporation Real Estate Investment Trust,NASDAQ,True,True
GOOG,Alphabet Inc. Class C Capital Stock,NASDAQ,True,True
GOOGL,Alphabet Inc. Class A Common Stock,NASDAQ,True,True
GPRE,Green Plains Inc. Common Stock,NASDAQ,True,True
GRAB,Grab Holdings Limited Class A Ordinary Shares,NASDAQ,True,True
GRAL,"GRAIL, Inc. Common Stock",NASDAQ,True,True
GRC,The Gorman-Rupp Company Common Shares,NYSE,True,True
FT,Franklin Universal Trust Shares of Beneficial Interest,NYSE,True,True
AXIA.PRC,"AXIA Energia American Depositary Shares, each representing one Preferred Class C Share",NYSE,True,True
AMX,America Movil S.A.B de C.V American Depositary Shares (each representing the right to receive twenty (20) Series B Shares),NYSE,True,True
ARES,Ares Management Corporation Class A Common Stock,NYSE,True,True
FSLY,"Fastly, Inc. Class A Common Stock",NASDAQ,True,True
FVD,First Trust Value Line Dividend Fund,ARCA,True,True
FWDI,"Forward Industries, Inc. Common Stock",NASDAQ,True,True
FWONA,Liberty Media Corporation Series A Liberty Formula One Common Stock,NASDAQ,True,True
GDE,WisdomTree Efficient Gold Plus Equity Strategy Fund,BATS,True,True
GLXY,Galaxy Digital Inc. Class A Common Stock,NASDAQ,True,True
ABX,"Abacus Global Management, Inc.",NYSE,True,True
AVDV,Avantis International Small Cap Value ETF,ARCA,True,True
RKDA,"Arcadia Biosciences, Inc. Common Stock",NASDAQ,True,False
DDFN,Innovator Equity Dual Directional 15 Buffer ETF - November,BATS,True,False
DDFM,Innovator Equity Dual Directional 15 Buffer ETF - March,BATS,True,False
HCMA,HCM III Acquisition Corp. Class A Ordinary Share,NASDAQ,True,False
DDFJ,Innovator Equity Dual Directional 15 Buffer ETF - January,BATS,True,False
AHT.PRF,"Ashford Hospitality Trust, Inc.",NYSE,True,False
AUUD,Auddia Inc. Common Stock,NASDAQ,True,False
CHOW,ChowChow Cloud International Holdings Limited,AMEX,True,False
GOAI,Eva Live Inc. Common Stock,NASDAQ,True,False
ECF,Ellsworth Growth and Income Fund Ltd,AMEX,True,True
FUTY,Fidelity MSCI Utilities Index ETF,ARCA,True,True
AMAT,"Applied Materials, Inc. Common Stock",NASDAQ,True,True
AMBA,"Ambarella, Inc. Ordinary Shares",NASDAQ,True,True
AMBQ,"Ambiq Micro, Inc.",NYSE,True,True
AMCR,Amcor plc Ordinary Shares,NYSE,True,True
AMLX,"Amylyx Pharmaceuticals, Inc. Common Stock",NASDAQ,True,True
CNAV,Mohr Company Nav ETF,BATS,True,False
ARQT,"Arcutis Biotherapeutics, Inc. Common Stock",NASDAQ,True,True
ARR,"ARMOUR Residential REIT, Inc.",NYSE,True,True
ARRY,"Array Technologies, Inc. Common Stock",NASDAQ,True,True
ARTY,iShares Future AI & Tech ETF,ARCA,True,True
ARVN,"Arvinas, Inc. Common Stock",NASDAQ,True,True
AVIV,Avantis International Large Cap Value ETF,ARCA,True,True
CVMC,Calvert US Mid-Cap Core Responsible Index ETF,ARCA,True,False
TRINI,Trinity Capital Inc. 7.875% Notes Due 2029,NASDAQ,True,False
TRINZ,Trinity Capital Inc. 7.875% Notes due 2029,NASDAQ,True,False
TRSG,Tungray Technologies Inc Class A Ordinary Shares,NASDAQ,True,False
AVNW,"Aviat Networks, Inc. Common Stock",NASDAQ,True,True
AVO,"Mission Produce, Inc. Common Stock",NASDAQ,True,True
AVUS,Avantis U.S. Equity ETF,ARCA,True,True
AVUV,Avantis U.S. Small Cap Value ETF,ARCA,True,True
AVNM,Avantis All International Markets Equity ETF,ARCA,True,True
AXSM,"Axsome Therapeutics, Inc. Common Stock",NASDAQ,True,True
BGLD,FT Vest Gold Strategy Quarterly Buffer ETF,BATS,True,True
ALTG,Alta Equipment Group Inc.,NYSE,True,True
ARWR,"Arrowhead Pharmaceuticals, Inc. Common Stock",NASDAQ,True,True
ASUR,"Asure Software, Inc Common Stock",NASDAQ,True,True
BG,Bunge Global SA,NYSE,True,True
BGC,"BGC Group, Inc. Class A Common Stock",NASDAQ,True,True
BGR,Blackrock Energy and Resources Trust,NYSE,True,True
GLIBA,"GCI Liberty, Inc. Series A GCI Group Common Stock",NASDAQ,True,True
GLIBK,"GCI Liberty, Inc. Series C GCI Group Common Stock",NASDAQ,True,True
ACNB,ACNB Corporation Common Stock,NASDAQ,True,True
AGNT,"eXp World Holdings, Inc. Common Stock",NASDAQ,True,True
AVD,American Vanguard Corporation,NYSE,True,True
AVDE,Avantis International Equity ETF,ARCA,True,True
TRTN.PRA,Triton International Limited 8.50% Series A Cumulative Redeemable Perpetual Preference Shares,NYSE,True,False
TRTN.PRB,Triton International Limited 8.00% Series B Cumulative Redeemable Perpetual Preference Shares,NYSE,True,False
TRTN.PRD,Triton International Limited 6.875% Series D Cumulative Redeemable Perpetual Preference Shares,NYSE,True,False
TRTX.PRC,"TPG RE Finance Trust, Inc. 6.25% Series C Cumulative Redeemable Preferred Stock",NYSE,True,False
AOD,abrdn Total Dynamic Dividend Fund,NYSE,True,True
FSM,Fortuna Mining Corp.,NYSE,True,True
AVAH,Aveanna Healthcare Holdings Inc. Common Stock,NASDAQ,True,True
BBBY,"Bed Bath & Beyond, Inc.",NYSE,True,True
BBCA,JPMorgan BetaBuilders Canada ETF,BATS,True,True
BBD,Banco Bradesco S.A. American Depositary Shares (Each representing one Preferred Shares),NYSE,True,True
BBIO,"BridgeBio Pharma, Inc. Common Stock",NASDAQ,True,True
BCH,Banco de ChileAmerican Depositary Shares (Each representing 200 shares of Common Stock),NYSE,True,True
BCML,BayCom Corp Common Stock,NASDAQ,True,True
BCPC,Balchem Corporation Common Stock,NASDAQ,True,True
BCRX,"BioCryst Pharmaceuticals, Inc. Common Stock",NASDAQ,True,True
BCSF,"Bain Capital Specialty Finance, Inc.",NYSE,True,True
BLV,Vanguard Long-Term Bond ETF,ARCA,True,True
BLW,Blackrock Limited Duration Income Trust,NYSE,True,True
BLX,"Banco Latinoamericano de Comercio Exterior, S.A",NYSE,True,True
BMAR,Innovator U.S. Equity Buffer ETF - March,BATS,True,True
CASH,"Pathward Financial, Inc. Common Stock",NASDAQ,True,True
TWLVR,Twelve Seas Investment Company III Rights,NASDAQ,True,False
TWO.PRC,Two Harbors Investment Corp 7.25% Series C Fixed-to-Floating Rate Cumulative Redeemable Preferred Stock,NYSE,True,False
TWOD,Two Harbors Investment Corp. 9.375% Senior Notes due 2030,NYSE,True,False
FMACR,Future Money Acquisition Corporation Rights,NASDAQ,True,False
SXTPW,"60 Degrees Pharmaceuticals, Inc. Warrant",NASDAQ,True,False
TY.PR,Tri-Continental Corporation $2.50 Cumulative Preferred,NYSE,True,False
TYG.RTWI,"Tortoise Energy Infrastructure Corporation Rights (expiring June 17, 2026)",NYSE,True,False
CASY,"Casey's General Stores, Inc. Common Stock",NASDAQ,True,True
CATX,"Perspective Therapeutics, Inc.",AMEX,True,True
CATY,Cathay General Bancorp Common Stock,NASDAQ,True,True
BSY,"Bentley Systems, Incorporated Class B Common Stock",NASDAQ,True,True
FDS,Factset Research Systems,NYSE,True,True
CLX,Clorox Company,NYSE,True,True
EFA,iShares MSCI EAFE ETF,ARCA,True,True
DHT,"DHT HOLDINGS, INC.",NYSE,True,True
DNA,"Ginkgo Bioworks Holdings, Inc.",NYSE,True,True
FER,Ferrovial N.V. Ordinary Shares,NASDAQ,True,True
ADP,"Automatic Data Processing, Inc. Common Stock",NASDAQ,True,True
COR,"Cencora, Inc.",NYSE,True,True
GEV,GE Vernova Inc.,NYSE,True,True
GOF,Guggenheim Strategic Opportunities Fund,NYSE,True,True
ENS,"EnerSys, Inc.",NYSE,True,True
CVGD,CresAlta Global Dividend ETF,ARCA,True,False
GMAB,Genmab A/S ADS,NASDAQ,True,True
ABBV,ABBVIE INC.,NYSE,True,True
CPSN,Calamos S&P 500 Structured Alt Protection ETF - November,ARCA,True,True
CHRS,"Coherus Oncology, Inc. Common Stock",NASDAQ,True,True
CHRW,"C.H. Robinson Worldwide, Inc. Common Stock",NASDAQ,True,True
CHTR,"Charter Communications, Inc. Class A Common Stock New",NASDAQ,True,True
CHYM,"Chime Financial, Inc. Class A Common Stock",NASDAQ,True,True
CIEN,Ciena Corporation,NYSE,True,True
CNTA,Centessa Pharmaceuticals plc American Depositary Shares,NASDAQ,True,True
CNTB,Connect Biopharma Holdings Limited Ordinary Shares,NASDAQ,True,True
CNTX,Context Therapeutics Inc. Common Stock,NASDAQ,True,True
CNXC,Concentrix Corporation Common Stock,NASDAQ,True,True
DHC,Diversified Healthcare Trust Common Shares of Beneficial Interest,NASDAQ,True,True
DHS,WisdomTree U.S. High Dividend Fund,ARCA,True,True
DIA,State Street SPDR Dow Jones Industrial Average ETF Trust,ARCA,True,True
DIHP,Dimensional International High Profitability ETF,BATS,True,True
DIN,"Dine Brands Global, Inc.",NYSE,True,True
DINO,HF Sinclair Corporation,NYSE,True,True
DIOD,Diodes Incorporated Common Stock,NASDAQ,True,True
EMN,Eastman Chemical Company,NYSE,True,True
EMXC,"iShares, Inc. iShares MSCI Emerging Markets ex China ETF",NASDAQ,True,True
CUSD,Trust for Professional Managers CrossingBridge Ultra-Short Duration ETF,NASDAQ,True,False
FMAC,Future Money Acquisition Corporation Ordinary Shares,NASDAQ,True,False
TALKW,"Talkspace, Inc. Warrant",NASDAQ,True,False
CMU,MFS High Yield Municipal Trust,NYSE,True,False
BRIA,BrilliA Inc,AMEX,True,False
ENLAY,Enel Societa Per Azioni Unsponsored ADR (Italy),OTC,True,False
CURR,Currenc Group Inc. Ordinary Shares,NASDAQ,True,False
GTEC,Greenland Technologies Holding Corporation Class A Ordinary Shares,NASDAQ,True,False
CTWO,COtwo Advisors Physical European Carbon Allowance Trust,ARCA,True,False
CHRD,Chord Energy Corporation Common Stock,NASDAQ,True,True
ENPH,"Enphase Energy, Inc. Common Stock",NASDAQ,True,True
ENSG,"The Ensign Group, Inc. Common Stock",NASDAQ,True,True
FISV,"Fiserv, Inc. Common Stock",NASDAQ,True,True
FITB,Fifth Third Bancorp Common Stock,NASDAQ,True,True
FIVA,Fidelity International Value Factor ETF,ARCA,True,True
FIVE,"Five Below, Inc. Common Stock",NASDAQ,True,True
FIVN,"Five9, Inc. Common Stock",NASDAQ,True,True
FIW,First Trust Water ETF,ARCA,True,True
FLRT,Pacer Aristotle Pacific Floating Rate High Income ETF,ARCA,True,True
FLUT,Flutter Entertainment plc,NYSE,True,True
FLYW,Flywire Corporation Voting Common Stock,NASDAQ,True,True
GPI,"Group 1 Automotive, Inc.",NYSE,True,True
GPIQ,Goldman Sachs ETF Trust Goldman Sachs Nasdaq-100 Premium Income ETF,NASDAQ,True,True
IPFX,Inflection Point Acquisition Corp. VI Class A Ordinary Shares,NASDAQ,True,False
IPFXW,Inflection Point Acquisition Corp. VI Warrant,NASDAQ,True,False
USB.PRQ,"U.S. Bancorp Depositary Shares, Each Representing a 1/1, 000th Interest in a Share of Series L Non- Cumulative Perpetual Preferred Stock",NYSE,True,False
USGOW,U.S. GoldMining Inc. Warrant,NASDAQ,True,False
GPIX,Goldman Sachs ETF Trust Goldman Sachs S&P 500 Premium Income ETF,NASDAQ,True,True
GRBK,"Green Brick Partners, Inc",NYSE,True,True
AVY,Avery Dennison Corp.,NYSE,True,True
BNDW,Vanguard Scottsdale Funds Vanguard Total World Bond ETF,NASDAQ,True,True
ABOS,"Acumen Pharmaceuticals, Inc. Common Stock",NASDAQ,True,True
ENTG,"Entegris, Inc. Common Stock",NASDAQ,True,True
FTMS,Franklin Short-Term Municipal Income ETF,ARCA,True,True
ARGT,Global X MSCI Argentina ETF,ARCA,True,True
BLDR,"Builders FirstSource, Inc.",NYSE,True,True
CARR,Carrier Global Corporation,NYSE,True,True
CLBT,Cellebrite DI Ltd. Ordinary Shares,NASDAQ,True,True
CMC,Commercial Metals Company,NYSE,True,True
COST,Costco Wholesale Corporation Common Stock,NASDAQ,True,True
FCX,Freeport-McMoran Inc.,NYSE,True,True
GOOS,Canada Goose Holdings Inc.,NYSE,True,True
FPI,Farmland Partners Inc.,NYSE,True,True
BKD,"Brookdale Senior Living, Inc.",NYSE,True,True
BEN,"Franklin Resources, Inc.",NYSE,True,True
CTW,CTW Class A Ordinary Shares,NASDAQ,True,False
CTSO,Cytosorbents Corporation Common Stock,NASDAQ,True,False
ALB,Albemarle Corporation,NYSE,True,True
CSHI,NEOS Enhanced Income 1-3 Month T-Bill ETF,ARCA,True,True
CBLS,Clough Hedged Equity ETF,ARCA,True,True
FTLS,First Trust Long/Short Equity ETF,ARCA,True,True
ATAI,AtaiBeckley Inc. Common Stock,NASDAQ,True,True
ATAT,Atour Lifestyle Holdings Limited American Depositary Shares,NASDAQ,True,True
ATEC,"Alphatec Holdings, Inc. Common Stock",NASDAQ,True,True
FSS,Federal Signal Corp.,NYSE,True,True
GGT,THE GABELLI MULTIMEDIA TRUST INC.,NYSE,True,True
CAVA,"CAVA Group, Inc.",NYSE,True,True
FMAG,Fidelity Magellan ETF,BATS,True,True
GSWO,Goldman Sachs ActiveBeta World Equity ETF,BATS,True,True
GSY,Invesco Ultra Short Duration ETF,ARCA,True,True
BBY,"Best Buy Company, Inc.",NYSE,True,True
BGB,Blackstone Strategic Credit 2027 Term Fund,NYSE,True,True
BYD,Boyd Gaming Corporation,NYSE,True,True
FICS,First Trust Exchange-Traded Fund VI First Trust International Developed Capital Strength ETF,NASDAQ,True,True
FXL,First Trust Technology AlphaDEX Fund,ARCA,True,True
EFG,iShares MSCI EAFE Growth ETF,BATS,True,True
EJAN,Innovator Emerging Markets Power Buffer ETF January,ARCA,True,True
FDEC,FT Vest U.S. Equity Buffer ETF - December,BATS,True,True
ECNS,iShares MSCI China Small-Cap ETF,ARCA,True,True
AVRE,Avantis Real Estate ETF,ARCA,True,True
FLBL,Franklin Senior Loan ETF,BATS,True,True
ADPT,Adaptive Biotechnologies Corporation Common Stock,NASDAQ,True,True
ADTN,"ADTRAN Holdings, Inc. Common Stock",NASDAQ,True,True
ADUS,Addus HomeCare Corporation Common Stock,NASDAQ,True,True
BTDR,Bitdeer Technologies Group Class A Ordinary Shares,NASDAQ,True,True
BTF,Valkyrie ETF Trust II CoinShares Bitcoin and Ether ETF,NASDAQ,True,True
BTI,"British American Tobacco p.l.c. American Depositary Shares, American Depositary Shares, each representing one Ordinary Share",NYSE,True,True
CMPX,"Compass Therapeutics, Inc. Common Stock",NASDAQ,True,True
CMRC,"Commerce.com, Inc. Series 1 Common Stock",NASDAQ,True,True
CMTG,"Claros Mortgage Trust, Inc.",NYSE,True,True
CPF,Central Pacific Financial Corporation,NYSE,True,True
BRT,BRT Apartments Corp,NYSE,True,True
BWA,BorgWarner Inc.,NYSE,True,True
CPRI,Capri Holdings Limited,NYSE,True,True
BBAI,"BigBear.ai Holdings, Inc.",NYSE,True,True
EBAY,eBay Inc. Common Stock,NASDAQ,True,True
CPRT,"Copart, Inc. (DE) Common Stock",NASDAQ,True,True
CPRX,"Catalyst Pharmaceuticals, Inc. Common Stock",NASDAQ,True,True
CPS,Cooper-Standard Automotive Inc.,NYSE,True,True
AMP,"Ameriprise Financial, Inc.",NYSE,True,True
FSBW,"FS Bancorp, Inc. Common Stock",NASDAQ,True,True
AOMR,"Angel Oak Mortgage REIT, Inc.",NYSE,True,True
TNON,"Tenon Medical, Inc. Common Stock",NASDAQ,True,False
GTBP,"GT Biopharma, Inc. Common Stock",NASDAQ,True,False
CTOR,"Citius Oncology, Inc. Common Stock",NASDAQ,True,False
FERAR,Fifth Era Acquisition Corp I Rights,NASDAQ,True,False
GROY.WS,"Gold Royalty Corp. Warrants, each exercisable for one common share at an exercise price of $2.25 per share",AMEX,True,False
NWAX.U,"New America Acquisition I Corp. Units, each consisting of one share of Class A common stock and one-half of one redeemable warrant",NYSE,True,False
CTMA,Corgi U.S. Equities 30% Structured Buffer ETF - May Series,BATS,True,False
CPSM,Calamos S&P 500 Structured Alt Protection ETF - May,ARCA,True,True
DSU,"Blackrock Debt Strategies Fund, Inc.",NYSE,True,True
DXJ,WisdomTree Japan Hedged Equity Fund,ARCA,True,True
DXPE,"DXP Enterprises, Inc. Common Stock",NASDAQ,True,True
DYN,"Dyne Therapeutics, Inc. Common Stock",NASDAQ,True,True
DYNF,iShares U.S. Equity Factor Rotation Active ETF,ARCA,True,True
BHVN,Biohaven Ltd.,NYSE,True,True
DKS,"Dick's Sporting Goods, Inc.",NYSE,True,True
EA,Electronic Arts Inc. Common Stock,NASDAQ,True,True
FSLR,"First Solar, Inc. Common Stock",NASDAQ,True,True
FTV,Fortive Corporation,NYSE,True,True
CNM,"Core & Main, Inc.",NYSE,True,True
COMP,"Compass, Inc.",NYSE,True,True
AGRO,ADECOAGRO S.A.,NYSE,True,True
UZF,"Array Digital Infrastructure, Inc. 5.500% Senior Notes due 2070",NYSE,True,False
VACHU,Voyager Acquisition Corp Unit,NASDAQ,True,False
GSUN,Golden Sun Technology Group Limited Class A Ordinary Shares,NASDAQ,True,False
CTIF,Castellan Targeted Income ETF,BATS,True,False
ASMIY,ASM INTERNATIONAL NV NY REGISTERED SHS (Netherlands),OTC,True,False
CTEX,ProShares S&P Kensho Cleantech ETF,ARCA,True,False
CTEC,Global X Funds Global X ClimateTech ETF,NASDAQ,True,False
CTM,"Castellum, Inc.",AMEX,True,False
ENOV,Enovis Corporation,NYSE,True,True
ADX,"Adams Diversified Equity Fund, Inc",NYSE,True,True
CMS,CMS Energy Corporation,NYSE,True,True
DEI,"Douglas Emmett, Inc.",NYSE,True,True
ATHM,"Autohome Inc. American Depositary Shares, each representing four Class A Ordinary Shares",NYSE,True,True
CPZ,Calamos Long/Short Equity & Dynamic Income Trust Common Stock,NASDAQ,True,True
CLF,Cleveland-Cliffs Inc.,NYSE,True,True
CYRX,"CryoPort, Inc. Common Stock",NASDAQ,True,True
CYTK,"Cytokinetics, Incorporated Common Stock",NASDAQ,True,True
DFGR,Dimensional Global Real Estate ETF,ARCA,True,True
DFH,"Dream Finders Homes, Inc.",NYSE,True,True
DFIN,"Donnelley Financial Solutions, Inc.",NYSE,True,True
EXP,"Eagle Materials, Inc.",NYSE,True,True
CZR,"Caesars Entertainment, Inc. Common Stock",NASDAQ,True,True
DAR,DARLING INGREDIENTS INC.,NYSE,True,True
LPAAW,Launch One Acquisition Corp. Warrant,NASDAQ,True,False
DAVA,Endava plc American Depositary Shares (each representing one Class A Ordinary Share),NYSE,True,True
DAVE,Dave Inc. Class A Common Stock,NASDAQ,True,True
CRON,Cronos Group Inc. Common Share,NASDAQ,True,True
CRS,Carpenter Technology Corp,NYSE,True,True
AWR,American States Water Company,NYSE,True,True
CRSR,"Corsair Gaming, Inc. Common Stock",NASDAQ,True,True
DXYZ,Destiny Tech100 Inc.,NYSE,True,True
ASG,LIBERTY ALL-STAR GROWTH FD,NYSE,True,True
BALI,iShares U.S. Large Cap Premium Income Active ETF,BATS,True,True
FXU,First Trust Utilities AlphaDEX Fund,ARCA,True,True
GAMR,Amplify Video Game Leaders ETF,ARCA,True,True
GARP,iShares MSCI USA Quality GARP ETF,BATS,True,True
DFJ,WisdomTree Japan SmallCap Dividend Fund,ARCA,True,True
DFUV,Dimensional US Marketwide Value ETF,ARCA,True,True
BMNR,"BitMine Immersion Technologies, Inc.",AMEX,True,True
AVA,Avista Corporation,NYSE,True,True
BIIB,Biogen Inc. Common Stock,NASDAQ,True,True
DCO,Ducommun Incorporated,NYSE,True,True
GNL,"Global Net Lease, Inc.",NYSE,True,True
GTLS,"Chart Industries, Inc.",NYSE,True,True
EEMA,iShares MSCI Emerging Markets Asia ETF,NASDAQ,True,True
ARHS,"Arhaus, Inc. Class A Common Stock",NASDAQ,True,True
CTAP,Simplify US Equity PLUS Managed Futures Strategy ETF,ARCA,True,False
CSWC,Capital Southwest Corporation Common Stock,NASDAQ,True,False
GGT.PRG,The Gabelli Multimedia Trust Inc. 5.125% Series G Cumulative Preferred Shares,NYSE,True,False
CSTK,Invesco Comstock Contrarian Equity ETF,BATS,True,False
CSSD,Cohen & Steers Short Duration Preferred and Income Active ETF,ARCA,True,False
DHI,D.R. Horton Inc.,NYSE,True,True
CINF,Cincinnati Financial Corporation Common Stock,NASDAQ,True,True
CHWY,"Chewy, Inc.",NYSE,True,True
CENTA,Central Garden & Pet Company Class A Common Stock Nonvoting,NASDAQ,True,True
CRESY,Cresud S.A.C.I.F. y A. American Depositary Shares,NASDAQ,True,True
CRF,"Cornerstone Total Return Fund, Inc",AMEX,True,True
CEPU,Central Puerto S.A. American Depositary Shares (each represents ten Common Shares),NYSE,True,True
CERS,Cerus Corporation Common Stock,NASDAQ,True,True
CRGY,Crescent Energy Company,NYSE,True,True
CFFN,"Capitol Federal Financial, Inc. Common Stock",NASDAQ,True,True
CFG,"Citizens Financial Group, Inc.",NYSE,True,True
CFR,Cullen/Frost Bankers Inc.,NYSE,True,True
CG,The Carlyle Group Inc. Common Stock,NASDAQ,True,True
CGDV,Capital Group Dividend Value ETF,ARCA,True,True
AIPO,Tidal Trust II Defiance AI & Power Infrastructure ETF,NASDAQ,True,True
CGEM,"Cullinan Therapeutics, Inc. Common Stock",NASDAQ,True,True
CSAI,"Cloudastructure, Inc. Class A Common Stock",NASDAQ,True,False
CYN,Cyngn Inc. Common Stock,NASDAQ,True,False
FUFU,BitFuFu Inc. Class A Ordinary Shares,NASDAQ,True,False
FUFUW,BitFuFu Inc. Warrant,NASDAQ,True,False
GIGGU,GigCapital7 Corp. Unit,NASDAQ,True,False
PMTV,PennyMac Mortgage Investment Trust 9.00% Senior Notes due 2030,NYSE,True,False
CRH,CRH Public Limited Company,NYSE,True,True
CGGO,Capital Group Global Growth Equity ETF,ARCA,True,True
AMZZ,GraniteShares ETF Trust GraniteShares 2x Long AMZN Daily ETF,NASDAQ,True,True
ASEA,Global X FTSE Southeast Asia ETF,ARCA,True,True
AKRE,Akre Focus ETF,ARCA,True,True
DIVY,Sound Equity Dividend Income ETF,NYSE,True,True
CRMD,CorMedix Inc. Common Stock,NASDAQ,True,True
CHKP,Check Point Software Technologies Ltd. Ordinary Shares,NASDAQ,True,True
CRMG,Themes ETF Trust Leverage Shares 2X Long CRM Daily ETF,NASDAQ,True,True
CIB,Grupo Cibest S.A. American Depositary Shares (each representing four (4) Preferred Shares),NYSE,True,True
BST,BlackRock Science and Technology Trust,NYSE,True,True
CIM,Chimera Investment Corp.,NYSE,True,True
CLB,Core Laboratories Inc.,NYSE,True,True
CLFD,"Clearfield, Inc. Common Stock",NASDAQ,True,True
CRMT,America's Car-Mart Inc Common Stock,NASDAQ,True,True
CRNC,Cerence Inc. Common Stock,NASDAQ,True,True
CROX,"Crocs, Inc. Common Stock",NASDAQ,True,True
VNCE,Vince Holding Corp. Common Stock,NASDAQ,True,False
VNO.PRL,"VORNADO REALTY TRUST 5.40% Series L Cumulative Redeemable Preferred Shares of Beneficial Interest, liquidation preference $25.00 per share",NYSE,True,False
VNO.PRM,"Vornado Realty Trust 5.25% Series M Cumulative Redeemable Preferred Shares of Beneficial Interest, liquidation preference $25.00 per share, no par value per share",NYSE,True,False
CLIP,Global X 1-3 Month T-Bill ETF,ARCA,True,True
CLLS,Cellectis S.A. American Depositary Shares,NASDAQ,True,True
CLM,"Cornerstone Strategic Investment Fund, Inc.",AMEX,True,True
CLMB,"Climb Global Solutions, Inc. Common Stock",NASDAQ,True,True
CLMT,"Calumet, Inc. Common Stock",NASDAQ,True,True
CLNE,Clean Energy Fuels Corp. Common Stock,NASDAQ,True,True
CLOA,BlackRock ETF Trust II iShares AAA CLO Active ETF,NASDAQ,True,True
CLPR,Clipper Realty Inc. Common Stock,NYSE,True,True
BTX,BlackRock Technology and Private Equity Term Trust,NYSE,True,True
CLPT,"ClearPoint Neuro, Inc. Common Stock",NASDAQ,True,True
ALK,"Alaska Air Group, Inc.",NYSE,True,True
GPC,Genuine Parts Company,NYSE,True,True
CMCSA,Comcast Corporation Class A Common Stock,NASDAQ,True,True
CME,CME Group Inc. Class A Common Stock,NASDAQ,True,True
DB,Deutsche Bank Aktiengesellschaft,NYSE,True,True
CMG,"Chipotle Mexican Grill, Inc.",NYSE,True,True
CMP,"Compass Minerals International, Inc.",NYSE,True,True
CNO,"CNO Financial Group, Inc.",NYSE,True,True
CNOB,"ConnectOne Bancorp, Inc. Common Stock",NASDAQ,True,True
BFLY,"Butterfly Network, Inc.",NYSE,True,True
CNP,"CenterPoint Energy, Inc.",NYSE,True,True
CHT,"CHUNGHWA TELECOM CO., LTD",NYSE,True,True
COKE,"Coca-Cola Consolidated, Inc. Common Stock",NASDAQ,True,True
COLD,"Americold Realty Trust, Inc.",NYSE,True,True
COLL,"Collegium Pharmaceutical, Inc. Common Stock",NASDAQ,True,True
CON,"Concentra Group Holdings Parent, Inc.",NYSE,True,True
DTH,WisdomTree International High Dividend Fund,ARCA,True,True
COO,"The Cooper Companies, Inc. Common Stock",NASDAQ,True,True
COPJ,Sprott Funds Trust Sprott Junior Copper Miners ETF,NASDAQ,True,True
COPP,Sprott Funds Trust Sprott Copper Miners ETF,NASDAQ,True,True
COPX,Global X Copper Miners ETF (NEW),ARCA,True,True
CORT,Corcept Therapeutics Incorporated Common Stock,NASDAQ,True,True
BWTG,Brendan Wood TopGun Index ETF,BATS,True,True
CNI,Canadian National Railway,NYSE,True,True
AEF,"abrdn Emerging Markets ex-China Fund, Inc.",AMEX,True,True
FENI,Fidelity Enhanced International ETF,ARCA,True,True
GDV,The Gabelli Dividend & Income Trust,NYSE,True,True
GIL,Gildan Activewear Inc.,NYSE,True,True
CP,Canadian Pacific Kansas City Limited,NYSE,True,True
DIAL,Columbia Diversified Fixed Income Allocation ETF,ARCA,True,True
CPER,United States Copper Index Fund,ARCA,True,True
CRC,California Resources Corporation,NYSE,True,True
MYXXR,Maywood Acquisition Corp. 2 Rights,NASDAQ,True,False
OCG,Oriental Culture Holding LTD Ordinary Shares,NASDAQ,True,False
GENVR,Gen Digital Inc. Contingent Value Rights,NASDAQ,True,False
EVF,Eaton Vance Senior Income Trust,NYSE,True,True
ADBE,Adobe Inc. Common Stock,NASDAQ,True,True
AORT,"Artivion, Inc.",NYSE,True,True
FDVV,Fidelity High Dividend ETF,ARCA,True,True
AKR,Acadia Realty Trust,NYSE,True,True
DC,Dakota Gold Corp.,AMEX,True,True
CAOS,Alpha Architect Tail Risk ETF,BATS,True,True
ACH,"Accendra Health, Inc.",NYSE,True,True
AU,AngloGold Ashanti plc,NYSE,True,True
DGRO,iShares Core Dividend Growth ETF,ARCA,True,True
DOCN,"DigitalOcean Holdings, Inc.",NYSE,True,True
DFAE,Dimensional Emerging Core Equity Market ETF,ARCA,True,True
ACT,"Enact Holdings, Inc. Common Stock",NASDAQ,True,True
BFC,Bank First Corporation Common Stock,NASDAQ,True,True
CHCO,City Holding Company Common Stock,NASDAQ,True,True
BANF,BancFirst Corporation Common Stock,NASDAQ,True,True
BANR,Banner Corporation Common Stock,NASDAQ,True,True
BRTR,BlackRock ETF Trust II iShares Total Return Active ETF,NASDAQ,True,True
AGO,"Assured Guaranty, LTD",NYSE,True,True
CEF,Sprott Physical Gold and Silver Trust,ARCA,True,True
CRM,"Salesforce, Inc.",NYSE,True,True
EFXT,Enerflex Ltd.,NYSE,True,True
GME,GameStop Corp. Class A,NYSE,True,True
GNE,GENIE ENERGY LTD,NYSE,True,True
ELVN,"Enliven Therapeutics, Inc. Common Stock",NASDAQ,True,True
DOLE,Dole plc,NYSE,True,True
ABR,"Arbor Realty Trust, Inc.",NYSE,True,True
CCK,Crown Holdings Inc.,NYSE,True,True
EFX,"Equifax, Incorporated",NYSE,True,True
GGB,Gerdau S.A.,NYSE,True,True
CLOI,VanEck CLO ETF,ARCA,True,True
CWH,"Camping World Holdings, Inc.",NYSE,True,True
CHGG,"CHEGG, INC.",NYSE,True,True
AGCO,AGCO Corporation,NYSE,True,True
ARX,Accelerant Holdings,NYSE,True,True
BBJP,JPMorgan BetaBuilders Japan ETF,BATS,True,True
DFAR,Dimensional US Real Estate ETF,ARCA,True,True
DK,"Delek US Holdings, Inc.",NYSE,True,True
ESPR,"Esperion Therapeutics, Inc. Common Stock",NASDAQ,True,True
CVSA,Covista Inc.,NYSE,True,True
ADCT,ADC Therapeutics SA,NYSE,True,True
AI,"C3.ai, Inc.",NYSE,True,True
FCN,"FTI Consulting, Inc.",NYSE,True,True
GOLD,"Gold.com, Inc.",NYSE,True,True
CNC,Centene Corporation,NYSE,True,True
BAP,Credicorp LTD,NYSE,True,True
GEO,"The GEO Group, Inc.",NYSE,True,True
CVNA,Carvana Co.,NYSE,True,True
DDS,Dillards Inc.,NYSE,True,True
AVAV,"AeroVironment, Inc. Common Stock",NASDAQ,True,True
BILL,"BILL Holdings, Inc.",NYSE,True,True
CBAN,Colony Bankcorp Inc.,NYSE,True,True
CTAS,Cintas Corporation Common Stock,NASDAQ,True,True
FRO,Frontline Plc,NYSE,True,True
GBX,"The Greenbrier Companies, Inc.",NYSE,True,True
GLDG,GoldMining Inc.,AMEX,True,True
GE,GE Aerospace,NYSE,True,True
ARDC,"ARES DYNAMIC CREDIT ALLOCATION FUND, INC.",NYSE,True,True
CEVA,"CEVA, Inc. Common Stock",NASDAQ,True,True
FATE,"Fate Therapeutics, Inc. Common Stock",NASDAQ,True,True
GNRC,GENERAC HOLDINGS INC,NYSE,True,True
BX,Blackstone Inc.,NYSE,True,True
EAT,"Brinker International, Inc.",NYSE,True,True
BB,BlackBerry Limited,NYSE,True,True
BRKW,Roundhill BRKB WeeklyPay ETF,BATS,True,True
ABG,"Asbury Automotive Group, Inc.",NYSE,True,True
ADC,Agree Realty Corporation,NYSE,True,True
AHR,"American Healthcare REIT, Inc.",NYSE,True,True
ASPN,"Aspen Aerogels, Inc.",NYSE,True,True
DG,Dollar General Corp.,NYSE,True,True
DNP,DNP Select Income Fund Inc.,NYSE,True,True
EEM,iShares MSCI Emerging Markets ETF,ARCA,True,True
GRND,Grindr Inc.,NYSE,True,True
EMB,"iShares J,P. Morgan USD Emerging Markets Bond ETF",NASDAQ,True,True
APTV,Aptiv PLC,NYSE,True,True
ECVT,Ecovyst Inc.,NYSE,True,True
AVES,Avantis Emerging Markets Value ETF,ARCA,True,True
AMN,AMN Healthcare Services,NYSE,True,True
DVLU,First Trust Exchange-Traded Fund VI First Trust Dorsey Wright Momentum & Value ETF,NASDAQ,True,True
CENT,Central Garden & Pet Company Common Stock,NASDAQ,True,True
CSR,Centerspace,NYSE,True,True
EQBK,"Equity Bancshares, Inc.",NYSE,True,True
AMID,EA Series Trust Argent Mid Cap ETF,NASDAQ,True,True
FRHC,Freedom Holding Corp. Common Stock,NASDAQ,True,True
ETSY,"Etsy, Inc.",NYSE,True,True
AAT,"AMERICAN ASSETS TRUST, INC.",NYSE,True,True
AFL,Aflac Inc.,NYSE,True,True
AMSF,"AMERISAFE, Inc. Common Stock",NASDAQ,True,True
ARKB,ARK 21Shares Bitcoin ETF,BATS,True,True
ATNI,"ATN International, Inc. Common Stock",NASDAQ,True,True
BBSI,"Barrett Business Services, Inc. Common Stock",NASDAQ,True,True
BHRB,Burke & Herbert Financial Services Corp. Common Stock,NASDAQ,True,True
BIO,"Bio-Rad Laboratories, Inc.Class A",NYSE,True,True
BJRI,"BJ's Restaurants, Inc. Common Stock",NASDAQ,True,True
BOKF,BOK Financial Corporation Common Stock,NASDAQ,True,True
BSAC,Banco Santander-Chile,NYSE,True,True
BOBS,"Bobs Discount Furniture, Inc.",NYSE,True,True
CCBG,Capital City Bank Group Common Stock,NASDAQ,True,True
CCU,Compania Cervecerias Unidas S.A.,NYSE,True,True
CSNR,Cohen & Steers Natural Resources Active ETF,ARCA,True,False
CSM,ProShares Large Cap Core Plus,BATS,True,False
CSIO,Cohen & Steers Infrastructure Opportunities Active ETF,ARCA,True,False
CSEX,Tradr 2X Long CLS Daily ETF,BATS,True,False
CRWG,Themes ETF Trust Leverage Shares 2X Long CRWV Daily ETF,NASDAQ,True,False
CRTC,Xtrackers US National Critical Technologies ETF,ARCA,True,False
CRDF,"Cardiff Oncology, Inc. Common Stock",NASDAQ,True,False
CRCO,YieldMax CRCL Option Income Strategy ETF,ARCA,True,False
GDV.PRK,The Gabelli Dividend & Income Trust 4.250% Series K Cumulative Preferred Shares,NYSE,True,False
COFS,"ChoiceOne Financial Services, Inc. Common Stock",NASDAQ,True,True
COLM,Columbia Sportswear Company Common Stock,NASDAQ,True,True
CRAI,"CRA International, Inc. Common Stock",NASDAQ,True,True
CVCO,"Cavco Industries, Inc. Common Stock When Issued",NASDAQ,True,True
DGII,Digi International Inc. Common Stock,NASDAQ,True,True
ALX,Alexander's Inc.,NYSE,True,True
DRUG,Bright Minds Biosciences Inc. Common Stock,NASDAQ,True,True
EOG,"EOG Resources, Inc.",NYSE,True,True
EAOR,iShares ESG Aware 60/40 Balanced Allocation ETF,BATS,True,True
EXI,iShares Global Industrials ETF,ARCA,True,True
FBIZ,"First Business Financial Services, Inc. Common Stock",NASDAQ,True,True
FCNCA,"First Citizens BancShares, Inc. Class A Common Stock",NASDAQ,True,True
FFIV,"F5, Inc. Common Stock",NASDAQ,True,True
FRPH,"FRP Holdings, Inc. Common Stock",NASDAQ,True,True
WGSWW,GeneDx Holdings Corp. Warrant,NASDAQ,True,False
WHFCL,"WhiteHorse Finance, Inc. 7.875% Notes due 2028",NASDAQ,True,False
WHLRD,"Wheeler Real Estate Investment Trust, Inc. Series D Cumulative Preferred Stock",NASDAQ,True,False
WILC,"G. Willi-Food International,  Ltd. Ordinary Shares",NASDAQ,True,False
WKEY,WISeKey International Holding Ltd American Depositary Shares,NASDAQ,True,False
WKHS,"Workhorse Group, Inc. Common Stock",NASDAQ,True,False
WKSP,"Worksport, Ltd. Common Stock",NASDAQ,True,False
WLDSW,Wearable Devices Ltd. Warrant,NASDAQ,True,False
FCBC,"First Community Bankshares, Inc. (VA) Common Stock",NASDAQ,True,True
CIA,"Citizens, Inc.",NYSE,True,True
G,GENPACT LIMITED,NYSE,True,True
BOOM,DMC Global Inc. Common Stock,NASDAQ,True,True
FLO,"Flowers Foods, Inc.",NYSE,True,True
BEZ,Tradr 2X Short BE Daily ETF,BATS,True,True
FCT,First Trust Senior Floating Rate Income Fund II,NYSE,True,True
FDEM,Fidelity Emerging Markets Multifactor ETF,BATS,True,True
FDEV,Fidelity International Multifactor ETF,BATS,True,True
FEP,First Trust Europe AlphaDEX Fund,NASDAQ,True,True
CRCL,"Circle Internet Group, Inc.",NYSE,True,True
BAR,GraniteShares Gold Shares,ARCA,True,True
AQST,"Aquestive Therapeutics, Inc. Common Stock",NASDAQ,True,True
AR,ANTERO RESOURCES CORPORATION,NYSE,True,True
XBPEW,"XBP Europe Holdings, Inc. Warrant",NASDAQ,True,False
CGW,Invesco S&P Global Water Index ETF,ARCA,True,False
CRCG,Themes ETF Trust Leverage Shares 2X Long CRCL Daily ETF,NASDAQ,True,False
XCUR,"Exicure, Inc. Common Stock",NASDAQ,True,False
ARCC,Ares Capital Corporation Common Stock,NASDAQ,True,True
ARCO,ARCOS DORADOS HOLDINGS INC.,NYSE,True,True
AROC,Archrock Inc,NYSE,True,True
BBT,Beacon Financial Corporation,NYSE,True,True
CPT,Camden Property Trust,NYSE,True,True
BBUC,Brookfield Business Corporation Class A Subordinate Voting Shares,NYSE,True,True
BBW,"Build-A-Bear Workshop, Inc.",NYSE,True,True
CHA,Chagee Holdings Limited American Depositary Shares,NASDAQ,True,True
DFIS,Dimensional International Small Cap ETF,BATS,True,True
DHF,BNY Mellon High Yield Strategies Fund,NYSE,True,True
DRAM,Roundhill Memory ETF,BATS,True,True
DRGN,Themes China Generative Artificial Intelligence ETF,BATS,True,True
DRH,Diamondrock Hospitality Company Common Stock,NASDAQ,True,True
DRI,"Darden Restaurants, Inc.",NYSE,True,True
DRS,"Leonardo DRS, Inc. Common Stock",NASDAQ,True,True
DUOG,Themes ETF Trust Leverage Shares 2X Long DUOL Daily ETF,NASDAQ,True,True
DUOL,"Duolingo, Inc. Class A Common Stock",NASDAQ,True,True
DUSB,Dimensional Ultrashort Fixed Income ETF,ARCA,True,True
DVN,Devon Energy Corporation,NYSE,True,True
XFLH,XFLH Capital Corporation,NYSE,True,False
CPSY,Calamos S&P 500 Structured Alt Protection ETF - January,ARCA,True,False
DVY,iShares Select Dividend ETF,NASDAQ,True,True
BOCT,Innovator U.S. Equity Buffer ETF - October,BATS,True,False
DVYE,iShares Emerging Markets Dividend ETF,ARCA,True,True
DXCM,"DexCom, Inc. Common Stock",NASDAQ,True,True
GEHC,GE HealthCare Technologies Inc. Common Stock,NASDAQ,True,True
GEM,Goldman Sachs ActiveBeta Emerging Markets Equity ETF,ARCA,True,True
GFI,Gold Fields Ltd ADR,NYSE,True,True
GFL,GFL Environmental Inc. Subordinate Voting Shares,NYSE,True,True
GFR,Greenfire Resources Ltd.,NYSE,True,True
GVA,Granite Construction Inc.,NYSE,True,True
DDL,Dingdong (Cayman) Limited American Depositary Shares (each two representing three Ordinary Shares),NYSE,True,True
AAAU,Goldman Sachs Physical Gold ETF Shares,BATS,True,True
AAL,American Airlines Group Inc. Common Stock,NASDAQ,True,True
ABNB,"Airbnb, Inc. Class A Common Stock",NASDAQ,True,True
FMAR,FT Vest U.S. Equity Buffer ETF - March,BATS,True,True
BUZZ,VanEck Social Sentiment ETF,ARCA,True,True
AES,AES Corporation,NYSE,True,True
DMBS,DoubleLine Mortgage ETF,ARCA,True,True
EFOR,"Everforth, Inc.",NYSE,True,True
FAST,Fastenal Company Common Stock,NASDAQ,True,True
FSCO,FS Credit Opportunities Corp.,NYSE,True,True
XOMAO,XOMA Royalty Corporation Depositary Shares Rep Series B 8.375% Cumulative Preferred Stock,NASDAQ,True,False
XOMAP,XOMA Royalty Corporation 8.625% Series A Cumulative Perpetual Preferred Stock,NASDAQ,True,False
XSLLW,Xsolla SPAC 1 Warrants,NASDAQ,True,False
GROY,Gold Royalty Corp.,AMEX,True,True
ARDT,"Ardent Health, Inc.",NYSE,True,True
ECL,"Ecolab, Inc.",NYSE,True,True
GSM,Ferroglobe PLC Ordinary Shares,NASDAQ,True,True
BSBR,BANCO SANTANDER (BRASIL) SA,NYSE,True,True
DUK,Duke Energy Corporation,NYSE,True,True
CRCT,"Cricut, Inc. Class A Common Stock",NASDAQ,True,True
EZA,iShares MSCI South Africa ETF,ARCA,True,True
CXW,"CoreCivic, Inc.",NYSE,True,True
AVK,Advent Convertible and Income Fund,NYSE,True,True
AFG,"American Financial Group, Inc.",NYSE,True,True
CR,Crane Company,NYSE,True,True
CWT,California Water Service,NYSE,True,True
FIX,"Comfort Systems USA, Inc.",NYSE,True,True
EGHT,8x8 Inc Common Stock,NASDAQ,True,True
GAU,Galiano Gold Inc.,AMEX,True,True
GLW,Corning Incorporated,NYSE,True,True
AXTA,Axalta Coating Systems Ltd.,NYSE,True,True
FBP,First BanCorp.,NYSE,True,True
COAL,Range Global Coal Index ETF,ARCA,True,True
CBRE,"CBRE GROUP, INC.",NYSE,True,True
AER,Aercap Holdings N.V.,NYSE,True,True
CPSU,Calamos S&P 500 Structured Alt Protection ETF - June,ARCA,True,False
OVCHY,Oversea-Chinese Banking Corporation Ltd Unsponsored ADR (Singapore),OTC,True,False
YAAS,Youxin Technology Ltd Class A Ordinary shares,NASDAQ,True,False
CERT,"Certara, Inc. Common Stock",NASDAQ,True,True
CRI,Carter's Inc.,NYSE,True,True
CXM,"Sprinklr, Inc.",NYSE,True,True
GAP,"The Gap, Inc.",NYSE,True,True
ENB,"Enbridge, Inc",NYSE,True,True
FLS,Flowserve Corporation,NYSE,True,True
AAPD,Direxion Shares ETF Trust Direxion Daily AAPL Bear 1X ETF,NASDAQ,True,True
AFK,VanEck Africa Index ETF,ARCA,True,True
AIS,VistaShares Artificial Intelligence Supercycle ETF,ARCA,True,True
AMLP,Alerian MLP ETF,ARCA,True,True
AOM,iShares Core 40/60 Moderate Allocation ETF,ARCA,True,True
CCEC,Capital Clean Energy Carriers Corp. Common Share,NASDAQ,True,True
CHGX,EA Series Trust Stance Sustainable Beta ETF,NASDAQ,True,True
FLSW,Franklin FTSE Switzerland ETF,ARCA,True,True
GAB,The Gabelli Equity Trust Inc.,NYSE,True,True
GOVT,iShares U.S. Treasury Bond ETF,BATS,True,True
ASH,Ashland Inc.,NYSE,True,True
EUSA,iShares MSCI USA Equal Weighted ETF,ARCA,True,True
BAC,Bank of America Corporation,NYSE,True,True
AGNC,AGNC Investment Corp. Common Stock,NASDAQ,True,True
BITB,Bitwise Bitcoin ETF,ARCA,True,True
CPSF,Calamos S&P 500 Structured Alt Protection ETF - February,ARCA,True,False
YHNAR,YHN Acquisition I Limited Right,NASDAQ,True,False
BIXIU,Bitcoin Infrastructure Acquisition Corp Ltd. Unit,NASDAQ,True,False
CLRO,"ClearOne, Inc. Common Stock",NASDAQ,True,False
GTERR,Globa Terra Acquisition Corporation Rights,NASDAQ,True,False
HCAC,Hall Chadwick Acquisition Corp Class A Ordinary Shares,NASDAQ,True,False
BTE,Baytex Energy Corp.,NYSE,True,True
A,Agilent Technologies Inc.,NYSE,True,True
ACLS,"Axcelis Technologies, Inc. Common Stock",NASDAQ,True,True
ADSK,"Autodesk, Inc. Common Stock",NASDAQ,True,True
BRCC,BRC Inc.,NYSE,True,True
CHH,Choice Hotels Intnl.,NYSE,True,True
CTRE,"CareTrust REIT, Inc",NYSE,True,True
CX,Cemex S.A.B. de C.V.,NYSE,True,True
DOMO,"Domo, Inc. Class B Common Stock",NASDAQ,True,True
DOV,Dover Corporation,NYSE,True,True
EPI,WisdomTree India Earnings Fund ETF,ARCA,True,True
EXTR,"Extreme Networks, Inc. Common Stock",NASDAQ,True,True
EYE,"National Vision Holdings, Inc. Common Stock",NASDAQ,True,True
BSCT,Invesco BulletShares 2029 Corporate Bond ETF,NASDAQ,True,True
CM,Canadian Imperial Bank of Commerce,NYSE,True,True
APEI,"American Public Education, Inc. Common Stock",NASDAQ,True,True
ABEO,Abeona Therapeutics Inc. Common Stock,NASDAQ,True,True
ABVX,Abivax SA American Depositary Shares,NASDAQ,True,True
ZDGE,"Zedge, Inc.",AMEX,True,False
CPSD,Calamos S&P 500 Structured Alt Protection ETF - December,ARCA,True,False
CPSA,Calamos S&P 500 Structured Alt Protection ETF - August,ARCA,True,False
CPRY,Calamos Russell 2000 Structured Alt Protection ETF - January,ARCA,True,False
CPRO,Calamos Russell 2000 Structured Alt Protection ETF - October,ARCA,True,False
CPRJ,Calamos Russell 2000 Structured Alt Protection ETF - July,ARCA,True,False
CPRA,Calamos Russell 2000 Structured Alt Protection ETF - April,ARCA,True,False
CPNX,Tradr 2X Long CPNG Daily ETF,BATS,True,False
BNTGY,Brenntag SE American Depositary Receipts - Unsponsored,OTC,True,False
ACGL,Arch Capital Group Ltd. Common Stock,NASDAQ,True,True
ACR,ACRES Commercial Realty Corp.,NYSE,True,True
ACRS,"Aclaris Therapeutics, Inc. Common Stock",NASDAQ,True,True
ACTG,Acacia Research Corporation (Acacia Tech) Common Stock,NASDAQ,True,True
ACWI,iShares MSCI ACWI ETF,NASDAQ,True,True
ACWV,iShares MSCI Global Min Vol Factor ETF,BATS,True,True
ACWX,iShares MSCI ACWI ex US ETF,NASDAQ,True,True
AD,"Array Digital Infrastructure, Inc.",NYSE,True,True
ADAM,"Adamas Trust, Inc. Common Stock",NASDAQ,True,True
ADM,Archer Daniels Midland Company,NYSE,True,True
AEBI,Aebi Schmidt Holding AG Common Stock,NASDAQ,True,True
AEHR,Aehr Test Systems Common Stock,NASDAQ,True,True
AEIS,"Advanced Energy Industries, Inc. Common Stock",NASDAQ,True,True
ACVT,Advent Convertible Bond ETF,ARCA,True,False
EGHAU,EGH Acquisition Corp. Unit,NASDAQ,True,False
AEM,Agnico Eagle Mines Ltd.,NYSE,True,True
AEO,American Eagle Outfitters,NYSE,True,True
AEVA,"Aeva Technologies, Inc. Common Stock",NASDAQ,True,True
AFRM,"Affirm Holdings, Inc. Class A Common Stock",NASDAQ,True,True
AFYA,Afya Limited Class A Common Shares,NASDAQ,True,True
AG,FIRST MAJESTIC SILVER CORP,NYSE,True,True
AGD,abrdn Global Dynamic Dividend Fund,NYSE,True,True
AGI,Alamos Gold Inc. Class A Common Shares,NYSE,True,True
AGIO,"Agios Pharmaceuticals, Inc. Common Stock",NASDAQ,True,True
AGL,"agilon health, inc.",NYSE,True,True
AGM,Federal Agricultural Mortgage Corporation,NYSE,True,True
AGYS,"Agilysys, Inc. Common Stock (DE)",NASDAQ,True,True
AHCO,AdaptHealth Corp. Common Stock,NASDAQ,True,True
ALKS,Alkermes plc Ordinary Shares,NASDAQ,True,True
ALKT,"Alkami Technology, Inc. Common Stock",NASDAQ,True,True
ALL,The Allstate Corporation,NYSE,True,True
ALLE,Allegion Public Limited Company,NYSE,True,True
COTY,COTY INC,NYSE,True,True
ALSN,"ALLISON TRANSMISSION HOLDINGS, INC.",NYSE,True,True
AMPH,"Amphastar Pharmaceuticals, Inc. Common Stock",NASDAQ,True,True
AMPL,"Amplitude, Inc. Class A Common Stock",NASDAQ,True,True
AMR,"Alpha Metallurgical Resources, Inc.",NYSE,True,True
AMRX,"Amneal Pharmaceuticals, Inc. Class A Common Stock",NASDAQ,True,True
AMSC,American Superconductor Corporation Common Stock,NASDAQ,True,True
AMTX,"Aemetis, Inc. (DE) Common Stock",NASDAQ,True,True
AMWD,American Woodmark Corporation Common Stock,NASDAQ,True,True
AMZN,"Amazon.com, Inc. Common Stock",NASDAQ,True,True
ANAB,"AnaptysBio, Inc. Common Stock",NASDAQ,True,True
ANDE,"Andersons, Inc. (The) Common Stock",NASDAQ,True,True
ANF,Abercrombie & Fitch Co.,NYSE,True,True
ANGL,VanEck Fallen Angel High Yield Bond ETF,NASDAQ,True,True
ANIP,"ANI Pharmaceuticals, Inc.",NASDAQ,True,True
AOA,iShares Core 80/20 Aggressive Allocation ETF,ARCA,True,True
AOR,iShares Core 60/40 Balanced Allocation ETF,ARCA,True,True
AOS,A.O. Smith Corporation,NYSE,True,True
APA,APA Corporation Common Stock,NASDAQ,True,True
APAM,ARTISAN PARTNERS ASSET MANAGEMENT INC.,NYSE,True,True
APD,"Air Products & Chemicals, Inc.",NYSE,True,True
APG,APi Group Corporation,NYSE,True,True
APGE,"Apogee Therapeutics, Inc. Common Stock",NASDAQ,True,True
API,"Agora, Inc. American Depositary Shares",NASDAQ,True,True
APLD,Applied Digital Corporation Common Stock,NASDAQ,True,True
APLE,"Apple Hospitality REIT, Inc.",NYSE,True,True
APO,"Apollo Global Management, Inc.",NYSE,True,True
APOG,"Apogee Enterprises, Inc. Common Stock",NASDAQ,True,True
APP,Applovin Corporation Class A Common Stock,NASDAQ,True,True
APPF,"AppFolio, Inc. Class A Common Stock",NASDAQ,True,True
APPN,Appian Corporation Class A Common Stock,NASDAQ,True,True
APPS,"Digital Turbine, Inc. Common Stock",NASDAQ,True,True
ASAN,"Asana, Inc. Class A Common Stock",NYSE,True,True
ASB,Associated Banc-Corp,NYSE,True,True
ASC,ARDMORE SHIPPING CORPORATION,NYSE,True,True
ASLE,AerSale Corporation Common Stock,NASDAQ,True,True
ASM,Avino Silver & Gold Mines Ltd. (Canada),AMEX,True,True
ASST,"Strive, Inc. Class A Common Stock",NASDAQ,True,True
ASTE,"Astec Industries, Inc. Common Stock",NASDAQ,True,True
ASTH,Astrana Health Inc. Common Stock,NASDAQ,True,True
ATRC,"AtriCure, Inc. Common Stock",NASDAQ,True,True
AUB,Atlantic Union Bankshares Corporation,NYSE,True,True
AUGO,Aura Minerals Inc. Common Shares,NASDAQ,True,True
AUPH,Aurinia Pharmaceuticals Inc Ordinary Shares,NASDAQ,True,True
AUR,"Aurora Innovation, Inc. Class A Common Stock",NASDAQ,True,True
AVBP,"ArriVent BioPharma, Inc. Common Stock",NASDAQ,True,True
AVEM,Avantis Emerging Markets Equity ETF,ARCA,True,True
AVGV,Avantis All Equity Markets Value ETF,ARCA,True,True
AWAY,Amplify Travel Tech ETF,ARCA,True,True
AWI,"Armstrong World Industries, Inc.",NYSE,True,True
BAX,Baxter International Inc.,NYSE,True,True
CORB,AB Core Bond ETF,ARCA,True,False
EPR.PRG,EPR Properties 5.750% Series G Cumulative Redeemable Preferred Shares,NYSE,True,False
BBNX,"Beta Bionics, Inc. Common Stock",NASDAQ,True,True
BBWI,"Bath & Body Works, Inc.",NYSE,True,True
BCAL,California BanCorp Common Stock,NASDAQ,True,True
BCAT,BlackRock Capital Allocation Term Trust,NYSE,True,True
BCAX,Bicara Therapeutics Inc. Common Stock,NASDAQ,True,True
BCYC,Bicycle Therapeutics plc American Depositary Shares,NASDAQ,True,True
BDN,Brandywine Realty Trust,NYSE,True,True
BDTX,"Black Diamond Therapeutics, Inc. Common Stock",NASDAQ,True,True
BEPC,Brookfield Renewable Corporation Class A Exchangeable Subordinate Voting Shares,NYSE,True,True
BF.B,Brown-Forman Corporation Class B,NYSE,True,True
BFAM,BRIGHT HORIZONS FAMILY SOLUTIONS INC.,NYSE,True,True
BFH,"Bread Financial Holdings, Inc.",NYSE,True,True
BGRN,iShares Trust iShares USD Green Bond ETF,NASDAQ,True,True
BGS,"B&G Foods, Inc.",NYSE,True,True
BHE,Benchmark Electronics,NYSE,True,True
BHF,"Brighthouse Financial, Inc. Common Stock",NASDAQ,True,True
BIDU,"Baidu, Inc. ADS",NASDAQ,True,True
BILZ,PIMCO Ultra Short Government Active ETF,ARCA,True,True
BIOA,"BioAge Labs, Inc. Common Stock",NASDAQ,True,True
BIPC,Brookfield Infrastructure Corporation Class A Exchangeable Subordinate Voting Shares,NYSE,True,True
BIRK,Birkenstock Holding plc,NYSE,True,True
EETH,ProShares Ether ETF,ARCA,True,False
CPNS,Calamos Nasdaq-100 Structured Alt Protection ETF - September,ARCA,True,False
GAM.PRB,"General American Investors Company, Inc  5.95% Cumul Pfd Stock, Ser B",NYSE,True,False
BIV,Vanguard Intermediate-Term Bond ETF,ARCA,True,True
BJ,"BJs Wholesale Club Holdings, Inc. Common Stock",NYSE,True,True
BKIE,BNY Mellon International Equity ETF,ARCA,True,True
BKKT,"Bakkt, Inc.",NYSE,True,True
BKLC,BNY Mellon US Large Cap Core Equity ETF,ARCA,True,True
BKLN,Invesco Senior Loan ETF,ARCA,True,True
BKNG,Booking Holdings Inc. Common Stock,NASDAQ,True,True
BKR,Baker Hughes Company Class A Common Stock,NASDAQ,True,True
DCI,"Donaldson Company, Inc.",NYSE,True,True
BKSY,BlackSky Technology Inc.,NYSE,True,True
BLBD,Blue Bird Corporation Common Stock,NASDAQ,True,True
BLCO,Bausch + Lomb Corporation,NYSE,True,True
BLDP,"Ballard Power Systems, Inc. Common Shares",NASDAQ,True,True
BLFS,"BioLife Solutions, Inc. Common Stock",NASDAQ,True,True
BLKB,"Blackbaud, Inc. Common Stock",NASDAQ,True,True
BLMN,"Bloomin' Brands, Inc. Common Stock",NASDAQ,True,True
BLOK,Amplify Blockchain Technology ETF,ARCA,True,True
BNTX,BioNTech SE American Depositary Share,NASDAQ,True,True
BOC,Boston Omaha Corporation,NYSE,True,True
BOND,PIMCO Active Bond Exchange-Traded Fund,NYSE,True,True
ACAAW,Averin Capital Acquisition Corp. Warrants,NASDAQ,True,False
BOTZ,Global X Funds Global X Robotics & Artificial Intelligence ETF,NASDAQ,True,True
BOXX,Alpha Architect 1-3 Month Box ETF,BATS,True,True
BPOP,"Popular, Inc. Common Stock",NASDAQ,True,True
BPRE,Bluerock Private Real Estate Fund,NYSE,True,True
BRBR,"BellRing Brands, Inc.",NYSE,True,True
BRCB,"Black Rock Coffee Bar, Inc. Class A Common Stock",NASDAQ,True,True
BRK.B,BERKSHIRE HATHAWAY Class B,NYSE,True,True
BRKR,Bruker Corporation Common Stock,NASDAQ,True,True
BRSL,Brightstar Lottery PLC,NYSE,True,True
BRSP,"BrightSpire Capital, Inc.",NYSE,True,True
BRX,BRIXMOR PROPERTY GROUP INC.,NYSE,True,True
BRZE,"Braze, Inc. Class A Common Stock",NASDAQ,True,True
BSCQ,Invesco BulletShares 2026 Corporate Bond ETF,NASDAQ,True,True
BSCR,Invesco BulletShares 2027 Corporate Bond ETF,NASDAQ,True,True
BSCS,Invesco BulletShares 2028 Corporate Bond ETF,NASDAQ,True,True
BSCU,Invesco Exchange-Traded Self-Indexed Fund Trust Invesco BulletShares 2030 Corporate Bond ETF,NASDAQ,True,True
BSCV,Invesco Exchange-Traded Self-Indexed Fund Trust Invesco BulletShares 2031 Corporate Bond ETF,NASDAQ,True,True
BSCW,Invesco Exchange-Traded Self-Indexed Fund Trust Invesco BulletShares 2032 Corporate Bond ETF,NASDAQ,True,True
BSJQ,Invesco BulletShares 2026 High Yield Corporate Bond ETF,NASDAQ,True,True
BSRR,Sierra Bancorp Common Stock,NASDAQ,True,True
BSTZ,BlackRock Science and Technology Term Trust,NYSE,True,True
CPNQ,Calamos Nasdaq-100 Structured Alt Protection ETF - December,ARCA,True,False
CPII,American Beacon Ionic Inflation Protection ETF,ARCA,True,False
BSV,Vanguard Short-Term Bond ETF,ARCA,True,True
BSX,Boston Scientific Corp.,NYSE,True,True
BTBT,"Bit Digital, Inc. Ordinary Shares",NASDAQ,True,True
BTO,John Hancock Financial Opportunities Fund,NYSE,True,True
BTSG,"BrightSpring Health Services, Inc. Common Stock",NASDAQ,True,True
BTU,Peabody Energy Corporation,NYSE,True,True
BUCK,Simplify Treasury Option Income ETF,ARCA,True,True
BUD,Anheuser-Busch INBEV SA/NV,NYSE,True,True
BUFR,FT Vest Laddered Buffer ETF,BATS,True,True
BUG,Global X Funds Global X Cybersecurity ETF,NASDAQ,True,True
BV,"BrightView Holdings, Inc. Common Stock",NYSE,True,True
BVN,Compania de Minas Buenaventura S.A.,NYSE,True,True
BVS,Bioventus Inc. Class A Common Stock,NASDAQ,True,True
BWB,"Bridgewater Bancshares, Inc. Common Stock",NASDAQ,True,True
BWLP,BW LPG Limited,NYSE,True,True
BWMN,Bowman Consulting Group Ltd. Common Stock,NASDAQ,True,True
BZ,KANZHUN LIMITED American Depository Shares,NASDAQ,True,True
BZAI,"Blaize Holdings, Inc. Common Stock",NASDAQ,True,True
BZH,"Beazer Homes USA, Inc. New",NYSE,True,True
BZUN,Baozun Inc. American Depositary Shares,NASDAQ,True,True
CAAP,Corporacion America Airports S.A.,NYSE,True,True
CPHY,"The RBB Fund, Inc. F/m Compoundr High Yield Bond ETF",NASDAQ,True,False
BWIV.WS,Blue Water Acquisition Corp. IV Warrants entitling the holder to purchase one Class A ordinary share at a price of $11.50 per share,NYSE,True,False
AXINU,Axiom Intelligence Acquisition Corp 1 Units,NASDAQ,True,False
CPAI,Counterpoint Quantitative Equity ETF,NYSE,True,False
CPAG,"The RBB Fund, Inc. F/m Compoundr U.S. Aggregate Bond ETF",NASDAQ,True,False
COWS,Amplify ETF Trust Amplify Cash Flow Dividend Leaders ETF,NASDAQ,True,False
FUSE,Fusemachines Inc. Common stock,NASDAQ,True,False
CAC,Camden National Corporation Common Stock,NASDAQ,True,True
CACI,CACI INTERNATIONAL CLA,NYSE,True,True
CADL,"Candel Therapeutics, Inc. Common Stock",NASDAQ,True,True
CAH,"Cardinal Health, Inc.",NYSE,True,True
CAI,"Caris Life Sciences, Inc. Common Stock",NASDAQ,True,True
CAIE,Calamos Autocallable Income ETF,ARCA,True,True
CAKE,Cheesecake Factory Incorporated (The) Common Stock,NASDAQ,True,True
CALF,Pacer US Small Cap Cash Cows ETF,BATS,True,True
CALM,"Cal-Maine Foods, Inc. Common Stock",NASDAQ,True,True
CALY,Callaway Golf Company,NYSE,True,True
CAMT,Camtek Ltd. Ordinary Shares,NASDAQ,True,True
CAPR,"Capricor Therapeutics, Inc. Common Stock",NASDAQ,True,True
CAR,"Avis Budget Group, Inc. Common Stock",NASDAQ,True,True
CARE,"Carter Bankshares, Inc. Common Stock",NASDAQ,True,True
CARG,"CarGurus, Inc. Class A Common Stock",NASDAQ,True,True
CARS,Cars.com Inc. Common Stock,NYSE,True,True
FULTP,"Fulton Financial Corporation Depositary Shares, Each Representing a 1/40th Interest in a Share of Fixed Rate Non-Cumulative Perpetual Preferred Stock, Series A",NASDAQ,True,False
COWG,Pacer Funds Trust Pacer US Large Cap Cash Cows Growth Leaders ETF,NASDAQ,True,False
BCARW,D. Boral ARC Acquisition I Corp. Warrant,NASDAQ,True,False
COTG,Themes ETF Trust Leverage Shares 2X Long COST Daily ETF,NASDAQ,True,False
BEP.PRA,"Brookfield Renewable Partners L.P. 5.25% Class A Preferred Limited Partnership Units, Series 17",NYSE,True,False
BETRW,Better Home & Finance Holding Company Warrant,NASDAQ,True,False
CART,Maplebear Inc. Common Stock,NASDAQ,True,True
CBOE,"Cboe Global Markets, Inc.",BATS,True,True
CBRL,"Cracker Barrel Old Country Store, Inc Common Stock",NASDAQ,True,True
CCEP,Coca-Cola Europacific Partners plc Ordinary Shares,NASDAQ,True,True
CCNE,CNB Financial Corporation Common Stock,NASDAQ,True,True
CCO,"Clear Channel Outdoor Holdings, Inc. Common Stock",NYSE,True,True
CDW,CDW Corporation Common Stock,NASDAQ,True,True
CDXS,"Codexis, Inc. Common Stock",NASDAQ,True,True
CDZI,"CADIZ, Inc. Common Stock",NASDAQ,True,True
CRVL,CorVel Corp. Common Stock,NASDAQ,True,True
CRVS,"Corvus Pharmaceuticals, Inc. Common Stock",NASDAQ,True,True
CRWD,"CrowdStrike Holdings, Inc. Class A Common Stock",NASDAQ,True,True
CRWV,"CoreWeave, Inc. Class A Common Stock",NASDAQ,True,True
CSCO,"Cisco Systems, Inc. Common Stock (DE)",NASDAQ,True,True
CSIQ,Canadian Solar Inc. Common Shares (ON),NASDAQ,True,True
CDROW,"Codere Online Luxembourg, S.A. Warrants",NASDAQ,True,False
CIIT,"Tianci International, Inc. Common Stock",NASDAQ,True,False
CIM.PRA,Chimera Investment Corporation 8.00% Series A Cumulative Redeemable Preferred Stock,NYSE,True,False
MOBBW,Mobilicom Limited Warrants,NASDAQ,True,False
CSQ,Calamos Strategic Total Return Common Stock,NASDAQ,True,True
CSTM,Constellium SE Class A Ordinary shares,NYSE,True,True
CSX,CSX Corporation Common Stock,NASDAQ,True,True
CTA,Simplify Managed Futures Strategy ETF,ARCA,True,True
CTBI,"Community Trust Bancorp, Inc. Common Stock",NASDAQ,True,True
CTOS,"Custom Truck One Source, Inc.",NYSE,True,True
CTRI,"Centuri Holdings, Inc.",NYSE,True,True
CTSH,Cognizant Technology Solutions Corporation Class A Common Stock,NASDAQ,True,True
CURB,Curbline Properties Corp.,NYSE,True,True
CURI,CuriosityStream Inc. Class A Common Stock,NASDAQ,True,True
CUZ,Cousins Properties Inc.,NYSE,True,True
CVBF,CVB Financial Corporation Common Stock,NASDAQ,True,True
CVLG,"Covenant Logistics Group, Inc.",NYSE,True,True
CVLT,"Commvault Systems, Inc. Common Stock",NASDAQ,True,True
CW,Curtiss-Wright Corp.,NYSE,True,True
CWBC,Community West Bancshares Common Stock,NASDAQ,True,True
DAX,Global X Funds Global X DAX Germany ETF,NASDAQ,True,True
DBC,Invesco DB Commodity Index Tracking Fund,ARCA,True,True
DBEF,Xtrackers MSCI EAFE Hedged Equity ETF,ARCA,True,True
COSW,Roundhill COST WeeklyPay ETF,BATS,True,False
YHNA,YHN Acquisition I Limited Ordinary Shares,NASDAQ,True,False
COSM,Cosmos Health Inc. Common Stock,NASDAQ,True,False
FTAIM,FTAI Aviation Ltd. 9.500% Fixed-Rate Reset Series D Cumulative Perpetual Redeemable Preferred Shares,NASDAQ,True,False
DBMF,iMGP DBi Managed Futures Strategy ETF,ARCA,True,True
DBP,Invesco DB Precious Metals Fund,ARCA,True,True
DBRG,"DigitalBridge Group, Inc.",NYSE,True,True
DBX,"Dropbox, Inc. Class A Common Stock",NASDAQ,True,True
DCOM,"Dime Community Bancshares, Inc.",NYSE,True,True
DDM,ProShares Ultra Dow30,ARCA,True,True
DDNQ,Innovator Growth-100 Dual Directional 5 Buffer ETF - Quarterly,BATS,True,True
DDOG,"Datadog, Inc. Class A Common Stock",NASDAQ,True,True
DEA,"Easterly Government Properties, Inc.",NYSE,True,True
DECK,Deckers Outdoor Corp,NYSE,True,True
DELL,Dell Technologies Inc.,NYSE,True,True
DEM,WisdomTree Emerging Markets High Dividend Fund,ARCA,True,True
DES,WisdomTree U.S. SmallCap Dividend Fund,ARCA,True,True
DFAC,Dimensional U.S. Core Equity 2 ETF,ARCA,True,True
DFAI,Dimensional International Core Equity Market ETF,ARCA,True,True
DFAS,Dimensional U.S. Small Cap ETF,ARCA,True,True
DFAT,Dimensional U.S. Targeted Value ETF,ARCA,True,True
DFAU,Dimensional US Core Equity Market ETF,ARCA,True,True
DFAW,Dimensional World Equity ETF,ARCA,True,True
UFG,Uni-Fuels Holdings Limited Class A Ordinary Shares,NASDAQ,True,False
UZD,"Array Digital Infrastructure, Inc. 6.250% Senior Notes due 2069",NYSE,True,False
DFAX,Dimensional World ex U.S. Core Equity 2 ETF,ARCA,True,True
DFEM,Dimensional Emerging Markets Core Equity 2 ETF,ARCA,True,True
DFEN,Direxion Daily Aerospace & Defense Bull 3X ETF,ARCA,True,True
DFIV,Dimensional International Value ETF,ARCA,True,True
DFLV,Dimensional US Large Cap Value ETF,ARCA,True,True
DFTX,"Definium Therapeutics, Inc. Common Shares",NASDAQ,True,True
DFUS,Dimensional U.S. Equity Market ETF,ARCA,True,True
DGRW,WisdomTree Trust WisdomTree U.S. Quality Dividend Growth Fund,NASDAQ,True,True
DGXX,Digi Power X Inc. Subordinate Voting Shares,NASDAQ,True,True
DISV,Dimensional International Small Cap Value ETF,BATS,True,True
DIVO,Amplify CWP Enhanced Dividend Income ETF,ARCA,True,True
DJD,Invesco Dow Jones Industrial Average Dividend ETF,ARCA,True,True
DJT,Trump Media & Technology Group Corp. Common Stock,NASDAQ,True,True
DKNG,DraftKings Inc. Class A Common Stock,NASDAQ,True,True
DLLL,GraniteShares ETF Trust GraniteShares 2x Long DELL Daily ETF,NASDAQ,True,True
DLN,WisdomTree U.S. LargeCap Dividend Fund,ARCA,True,True
DLO,DLocal Limited Class A Common Shares,NASDAQ,True,True
DLTR,Dollar Tree Inc. Common Stock,NASDAQ,True,True
DLY,DoubleLine Yield Opportunities Fund,NYSE,True,True
DMAC,DiaMedica Therapeutics Inc. Common Stock,NASDAQ,True,True
CORP,PIMCO Investment Grade Corporate Bond Index Exchange-Traded Fund,ARCA,True,False
CORO,BlackRock ETF Trust iShares International Country Rotation Active ETF,NASDAQ,True,False
CRVO,CervoMed Inc. Common Stock,NASDAQ,True,False
LEGO,Legato Merger Corp. IV,AMEX,True,False
GJO,"Synthetic Fixed-Income Securities, Inc. 4.65% Floating Rate STRATS Certificates, Series 2005-4",NYSE,True,False
HCICR,Hennessy Capital Investment Corp. VIII Share Rights,NASDAQ,True,False
HCICU,Hennessy Capital Investment Corp. VIII Units,NASDAQ,True,False
MACI,Melar Acquisition Corp. I Class A Ordinary Shares,NASDAQ,True,False
DNLI,Denali Therapeutics Inc. Common Stock,NASDAQ,True,True
DNTH,"Dianthus Therapeutics, Inc. Common Stock",NASDAQ,True,True
DOC,"Healthpeak Properties, Inc.",NYSE,True,True
DOCU,"DocuSign, Inc. Common Stock",NASDAQ,True,True
DOX,Amdocs Limited Ordinary Shares,NASDAQ,True,True
DPG,Duff & Phelps Utility and Infrastructure Fund Inc.,NYSE,True,True
DPST,Direxion Daily Regional Banks Bull 3X ETF,ARCA,True,True
DPZ,Domino's Pizza Inc Common Stock,NASDAQ,True,True
DQ,Daqo New Energy Corp. American Depositary Shares (each representing 5 Ordinary Shares),NYSE,True,True
DRIV,Global X Funds Global X Autonomous & Electric Vehicles ETF,NASDAQ,True,True
DRVN,Driven Brands Holdings Inc. Common Stock,NASDAQ,True,True
DSGN,"Design Therapeutics, Inc. Common Stock",NASDAQ,True,True
DSGR,"Distribution Solutions Group, Inc. Common Stock",NASDAQ,True,True
UMH.PRD,"UMH Properties, Inc. 6.375% Series D Cumulative Redeemable Preferred Stock, Liquidation Preference $25 per share",NYSE,True,False
CORD,T-REX 2X Inverse CRWV Daily Target ETF,BATS,True,False
ZKIN,"ZK International Group Co., Ltd Ordinary Share",NASDAQ,True,False
COPZ,Defiance Daily Target 2X Long Copper Miners ETF,ARCA,True,False
COPY,"Tweedy, Browne Insider + Value ETF",ARCA,True,False
CONY,YieldMax COIN Option Income Strategy ETF,ARCA,True,False
CONX,Direxion Shares ETF Trust Direxion Daily COIN Bull 2X ETF,NASDAQ,True,False
DGICA,"Donegal Group, Inc. Class A Common Stock",NASDAQ,True,True
DSGX,Descartes Systems Group Inc. (The) Common Stock,NASDAQ,True,True
DSP,Viant Technology Inc. Class A Common Stock,NASDAQ,True,True
DSTL,Distillate U.S. Fundamental Stability & Value ETF,ARCA,True,True
ECG,"Everus Construction Group, Inc.",NYSE,True,True
EDD,"Morgan Stanley Emerging Markets Domestic Debt Fund, Inc.",NYSE,True,True
EDIT,"Editas Medicine, Inc. Common Stock",NASDAQ,True,True
EDU,"New Oriental Education and Technology Group, Inc. American Depositary Shares (each representing ten (10) Common Shares)",NYSE,True,True
EDV,Vanguard World Funds Extended Duration ETF,ARCA,True,True
EEFT,"Euronet Worldwide, Inc. Common Stock",NASDAQ,True,True
EEMV,iShares MSCI Emerging Markets Min Vol Factor ETF,BATS,True,True
EFAV,iShares MSCI EAFE Min Vol Factor ETF,BATS,True,True
EGBN,"Eagle Bancorp, Inc. Common Stock",NASDAQ,True,True
EGO,Eldorado Gold Corporation,NYSE,True,True
BULLW,Webull Corporation Warrants,NASDAQ,True,False
CONI,GraniteShares ETF Trust GraniteShares 2x Short COIN Daily ETF,NASDAQ,True,False
COMB,GraniteShares Bloomberg Commodity Broad Strategy No K-1 ETF,ARCA,True,False
GFAIW,"Guardforce AI Co., Limited Warrant",NASDAQ,True,False
BPAC,Blueport Acquisition Ltd Class A Ordinary Shares,NASDAQ,True,False
EGP,EastGroup Properties Inc.,NYSE,True,True
EH,EHang Holdings Limited ADS,NASDAQ,True,True
EHC,Encompass Health Corporation Common Stock,NYSE,True,True
EIS,iShares MSCI Israel ETF,ARCA,True,True
EIX,Edison International,NYSE,True,True
EL,The Estee Lauder Companies Inc. Class A,NYSE,True,True
ELAN,Elanco Animal Health Incorporated Common Stock,NYSE,True,True
ELPC,Companhia Paranaense de Energia - COPEL American Depositary Shares (each representing four (4) Common Shares),NYSE,True,True
ELS,"Equity Lifestyle Properties, Inc.",NYSE,True,True
EMA,Emera Incorporated,NYSE,True,True
EMBC,Embecta Corp. Common Stock,NASDAQ,True,True
EMBJ,Embraer S.A. American Depositary Shares (Each representing Four Common Shares),NYSE,True,True
EMD,"Western Asset Emerging Markets Debt Fund, Inc",NYSE,True,True
EME,"EMCOR Group, Inc.",NYSE,True,True
EMGF,iShares Emerging Markets Equity Factor ETF,BATS,True,True
EMHY,iShares J.P. Morgan EM High Yield Bond ETF,BATS,True,True
EMLP,First Trust North American Energy Infrastructure Fund,ARCA,True,True
ENTA,"Enanta Pharmaceuticals, Inc. Common Stock",NASDAQ,True,True
TWG,Top Wealth Group Holding Limited Class A Ordinary Shares,NASDAQ,True,False
VIVS,"VivoSim Labs, Inc. Common Stock",NASDAQ,True,False
ZYBT,Zhengye Biotechnology Holding Limited Class A Ordinary Shares,NASDAQ,True,False
BMHL,Bluemount Holdings Limited Class B Ordinary Shares,NASDAQ,True,False
EPS,WisdomTree U.S. LargeCap Fund,ARCA,True,True
EPU,iShares MSCI Peru and Global Exposure ETF,ARCA,True,True
EQIX,"Equinix, Inc. Common Stock REIT",NASDAQ,True,True
EQNR,"Equinor ASA American Depositary Shares (Each Representing One Ordinary Share, nominal value NOK 2.50 per share)",NYSE,True,True
EQR,Equity Residential,NYSE,True,True
EQX,Equinox Gold Corp.,AMEX,True,True
ERAS,"Erasca, Inc. Common Stock",NASDAQ,True,True
ERC,Allspring Multi-Sector Income Fund,AMEX,True,True
ERIC,Ericsson American Depositary Shares,NASDAQ,True,True
ERIE,Erie Indemnity Company Class A Common Stock,NASDAQ,True,True
ES,Eversource Energy,NYSE,True,True
ESGD,iShares Trust iShares ESG Aware MSCI EAFE ETF,NASDAQ,True,True
ESGE,"iShares, Inc. iShares ESG Aware MSCI EM ETF",NASDAQ,True,True
ESGV,Vanguard ESG U.S. Stock ETF,BATS,True,True
ESML,iShares ESG Aware MSCI USA Small-Cap ETF,BATS,True,True
ESQ,"Esquire Financial Holdings, Inc. Common Stock",NASDAQ,True,True
ETD,Ethan Allen Interiors Inc,NYSE,True,True
ETH,Grayscale Ethereum Staking Mini ETF Shares,ARCA,True,True
BCGWW,"Binah Capital Group, Inc. Warrants",NASDAQ,True,False
BLZRW,Trailblazer Acquisition Corp. Warrant,NASDAQ,True,False
BLZR,Trailblazer Acquisition Corp. Class A Ordinary Shares,NASDAQ,True,False
BLUWW,Blue Water Acquisition Corp. III Warrant.,NASDAQ,True,False
ARMP,"Armata Pharmaceuticals, Inc. Common Stock",AMEX,True,False
COM,Direxion Auspice Broad Commodity Strategy ETF,ARCA,True,False
WAFDP,"WaFd, Inc. Depositary Shares",NASDAQ,True,False
QUMSU,Quantumsphere Acquisition Corp. Units,NASDAQ,True,False
ETHA,iShares Ethereum Trust ETF Shares,NASDAQ,True,True
ETHE,Grayscale Ethereum Staking ETF Shares,ARCA,True,True
ETJ,Eaton Vance Risk - Managed Diversified Equity Income Fund,NYSE,True,True
ETN,"Eaton Corporation, plc Ordinary Shares",NYSE,True,True
ETON,"Eton Pharmaceuticals, Inc. Common Stock",NASDAQ,True,True
ETOR,eToro Group Ltd. Class A Common Shares,NASDAQ,True,True
ETR,Entergy Corporation,NYSE,True,True
ETY,Eaton Vance Tax-Managed Diversified Equity Income Fund,NYSE,True,True
EU,enCore Energy Corp. Common Shares,NASDAQ,True,True
EUAD,Select STOXX Europe Aerospace & Defense ETF,BATS,True,True
EUFN,iShares MSCI Europe Financials ETF,NASDAQ,True,True
EVLV,"Evolv Technologies Holdings, Inc. Class A Common Stock",NASDAQ,True,True
EVRG,"Evergy, Inc. Common Stock",NASDAQ,True,True
EVSD,Morgan Stanley ETF Trust Eaton Vance Short Duration Income ETF,NASDAQ,True,True
EVTL,Vertical Aerospace Ltd.,NYSE,True,True
EVV,Eaton Vance Limited Duration Income Fund,AMEX,True,True
ALBT,Avalon GloboCare Corp. Common Stock,NASDAQ,True,False
DOMH,Dominari Holdings Inc. Common Stock,NASDAQ,True,False
COIO,Leverage Shares 2x Capped Accelerated COIN Monthly ETF,BATS,True,False
OIOWW,OIO Group Warrants,NASDAQ,True,False
COHH,Leverage Shares 2X Long COHR Daily ETF,BATS,True,False
EW,Edwards Lifesciences Corp,NYSE,True,True
EWA,iShares MSCI Australia ETF,ARCA,True,True
EWBC,"East West Bancorp, Inc. Common Stock",NASDAQ,True,True
EWJ,iShares MSCI Japan ETF,ARCA,True,True
EWY,iShares MSCI South Korea ETF,ARCA,True,True
EWZ,iShares MSCI Brazil ETF,ARCA,True,True
EXEL,"Exelixis, Inc. Common Stock",NASDAQ,True,True
EXFY,"Expensify, Inc. Class A Common Stock",NASDAQ,True,True
EXPE,"Expedia Group, Inc. Common Stock",NASDAQ,True,True
EXPO,"Exponent, Inc. Common Stock",NASDAQ,True,True
EXR,"Extra Space Storage, Inc.",NYSE,True,True
EYLD,Cambria Emerging Shareholder Yield ETF,BATS,True,True
EZBC,Franklin Bitcoin ETF,BATS,True,True
FANG,"Diamondback Energy, Inc. Common Stock",NASDAQ,True,True
FAS,Direxion Daily Financial Bull 3x ETF,ARCA,True,True
FAX,"abrdn Asia-Pacific Income Fund, Inc",AMEX,True,True
FBCG,Fidelity Blue Chip Growth ETF,BATS,True,True
FDLO,Fidelity Low Volatility Factor ETF,ARCA,True,True
FELG,Fidelity Enhanced Large Cap Growth ETF,ARCA,True,True
SMJF,SMJ International Holdings Inc.,AMEX,True,False
MLPI,NEOS MLP & Energy Infrastructure High Income ETF,BATS,True,False
COCH,"Envoy Medical, Inc. Class A Common Stock",NASDAQ,True,False
CNYA,iShares MSCI China A ETF,BATS,True,False
CNTN,"Canton Strategic Holdings, Inc. Common Stock",NASDAQ,True,False
CNQQ,Rayliant Funds Trust Rayliant-ChinaAMC Transformative China Tech ETF,NASDAQ,True,False
CNL,Collective Mining Ltd.,AMEX,True,False
ONCH,1RT Acquisition Corp. Class A Ordinary Share,NASDAQ,True,False
FEPI,ETF Opportunities Trust REX FANG & Innovation Equity Premium Income ETF,NASDAQ,True,True
FERG,Ferguson Enterprises Inc.,NYSE,True,True
FEX,First Trust Large Cap Core AlphaDEX Fund,NASDAQ,True,True
FEZ,State Street SPDR EURO STOXX 50 ETF,ARCA,True,True
FFA,First Trust Enhanced Equity Income Fund.,NYSE,True,True
FFBC,First Financial Bancorp. Common Stock,NASDAQ,True,True
FFIC,Flushing Financial Corporation Common Stock,NASDAQ,True,True
FFIN,"First Financial Bankshares, Inc. Common Stock",NASDAQ,True,True
FHB,"First Hawaiian, Inc. Common Stock",NASDAQ,True,True
FHLC,Fidelity MSCI Health Care Index ETF,ARCA,True,True
FHN,First Horizon Corporation,NYSE,True,True
FHTX,Foghorn Therapeutics Inc. Common Stock,NASDAQ,True,True
FLG,"Flagstar Bank, National Association",NYSE,True,True
FLGT,"Fulgent Genetics, Inc. Common Stock",NASDAQ,True,True
FLGV,Franklin U.S. Treasury Bond ETF,ARCA,True,True
FLIN,Franklin FTSE India ETF,ARCA,True,True
MKLYR,McKinley Acquisition Corporation Rights,NASDAQ,True,False
CMF,iShares California Muni Bond ETF,ARCA,True,False
CMCT,Creative Media & Community Trust Corporation Common stock,NASDAQ,True,False
CMCI,VanEck CMCI Commodity Strategy ETF,BATS,True,False
LIQT,"LiqTech International, Inc. Common Stock",NASDAQ,True,False
FLOT,iShares Floating Rate Bond ETF,BATS,True,True
FLQM,Franklin U.S. Mid Cap Multifactor Index ETF,BATS,True,True
FLRN,State Street SPDR Bloomberg Investment Grade Floating Rate ETF,ARCA,True,True
FMBH,"First Mid Bancshares, Inc. Common Stock",NASDAQ,True,True
FMNB,Farmers National Banc Corp. Common Stock,NASDAQ,True,True
FNCL,Fidelity MSCI Financials Index ETF,ARCA,True,True
FNDA,Schwab Fundamental U.S. Small Company ETF,ARCA,True,True
FNF,"Fidelity National Financial, Inc.",NYSE,True,True
FNGS,"MicroSectors FANG+ ETNs due January 8, 2038",ARCA,True,True
FNKO,"Funko, Inc. Class A Common Stock",NASDAQ,True,True
FNV,Franco-Nevada Corporation,NYSE,True,True
FORM,"FormFactor, Inc. FormFactor, Inc. Common Stock",NASDAQ,True,True
FORR,"Forrester Research, Inc. Common Stock",NASDAQ,True,True
FOSL,"Fossil Group, Inc. Common Stock",NASDAQ,True,True
FOX,Fox Corporation Class B Common Stock,NASDAQ,True,True
FOXA,Fox Corporation Class A Common Stock,NASDAQ,True,True
FPF,FIRST TRUST INTERMEDIATE DURATION PREFERRED & INCOME FUND,NYSE,True,True
FPH,"Five Point Holdings, LLC Class A Common Shares",NYSE,True,True
FPS,"Forgent Power Solutions, Inc.",NYSE,True,True
FRDM,Freedom 100 Emerging Markets ETF,BATS,True,True
FREL,Fidelity MSCI Real Estate Index ETF,ARCA,True,True
FRME,First Merchants Corporation Common Stock,NASDAQ,True,True
FRMI,Fermi Inc. Common Stock,NASDAQ,True,True
FROG,JFrog Ltd. Ordinary Shares,NASDAQ,True,True
FRPT,"Freshpet, Inc. Common Stock",NASDAQ,True,True
FRSH,Freshworks Inc. Class A Common Stock,NASDAQ,True,True
FSUN,FirstSun Capital Bancorp Common Stock,NASDAQ,True,True
FTHY,First Trust High Yield Opportunities 2027 Term Fund,NYSE,True,True
FTNT,"Fortinet, Inc. Common Stock",NASDAQ,True,True
FTRE,Fortrea Holdings Inc. Common Stock,NASDAQ,True,True
FTXO,First Trust Exchange-Traded Fund VI First Trust Nasdaq Bank ETF,NASDAQ,True,True
FUTU,Futu Holdings Limited American Depositary Shares,NASDAQ,True,True
FV,First Trust Exchange-Traded Fund VI First Trust Dorsey Wright Focus 5 ETF,NASDAQ,True,True
FWONK,Liberty Media Corporation Series C Liberty Formula One Common Stock,NASDAQ,True,True
FWRG,"First Watch Restaurant Group, Inc. Common Stock",NASDAQ,True,True
FXG,First Trust Consumer Staples AlphaDEX Fund,ARCA,True,True
FXI,iShares China Large-Cap ETF,ARCA,True,True
GBUG,Sprott Funds Trust Sprott Active Gold & Silver Miners ETF,NASDAQ,True,True
GCMG,GCM Grosvenor Inc. Class A Common Stock,NASDAQ,True,True
CMAY,Corgi U.S. Equities 15% Structured Buffer ETF - May Series,BATS,True,False
CMAG,Corgi Mag 7 ETF,BATS,True,False
INHD,Inno Holdings Inc. Common Stock,NASDAQ,True,False
CLSX,Tradr 2X Long CLSK Daily ETF,BATS,True,False
CLSM,Exchange Listed Funds Trust ETC Cabana Target Leading Sector Moderate ETF,NASDAQ,True,False
GDMN,WisdomTree Efficient Gold Plus Gold Miners Strategy Fund,BATS,True,True
GDXJ,VanEck Junior Gold Miners ETF,ARCA,True,True
GDYN,"Grid Dynamics Holdings, Inc. Class A Common Stock",NASDAQ,True,True
GFS,GlobalFoundries Inc. Ordinary Shares,NASDAQ,True,True
GIC,Global Industrial Company,NYSE,True,True
GII,State Street SPDR S&P Global Infrastructure ETF,ARCA,True,True
GIII,"G-III Apparel Group, LTD. Common Stock",NASDAQ,True,True
GILD,"Gilead Sciences, Inc. Common Stock",NASDAQ,True,True
GILT,Gilat Satellite Networks Ltd. Ordinary Shares,NASDAQ,True,True
GLBE,Global-E Online Ltd. Ordinary Shares,NASDAQ,True,True
GLD,"SPDR Gold Trust, SPDR Gold Shares",ARCA,True,True
GLDM,SPDR Gold MiniShares,ARCA,True,True
GLPI,"Gaming and Leisure Properties, Inc. Common Stock",NASDAQ,True,True
GLRE,"Greenlight Capital Re, Ltd. Class A Ordinary Shares",NASDAQ,True,True
GLTR,abrdn Physical Precious Metals Basket Shares ETF,ARCA,True,True
GNT,"GAMCO Natural Resources, Gold & Income Trust",NYSE,True,True
GNTX,Gentex Corporation Common Stock,NASDAQ,True,True
GOGO,Gogo Inc. Common Stock,NASDAQ,True,True
ICU,SeaStar Medical Holding Corporation Common Stock,NASDAQ,True,False
ICUCW,SeaStar Medical Holding Corporation Warrant,NASDAQ,True,False
GOLF,Acushnet Holdings Corp.,NYSE,True,True
GRDN,"Guardian Pharmacy Services, Inc.",NYSE,True,True
GREK,Global X MSCI Greece ETF,ARCA,True,True
GRNY,FundStrat Granny Shots US Large Cap ETF,ARCA,True,True
GS,Goldman Sachs Group Inc.,NYSE,True,True
GSK,GSK plc American Depositary Shares (Each representing two Ordinary Shares),NYSE,True,True
GTO,Invesco Total Return Bond ETF,ARCA,True,True
ASPI,ASP Isotopes Inc. Common Stock,NASDAQ,True,True
AXTI,AXT Inc Common Stock,NASDAQ,True,True
BITO,ProShares Bitcoin ETF,ARCA,True,True
CWST,"Casella Waste Systems, Inc. Class A Common Stock",NASDAQ,True,True
BWIN,"The Baldwin Insurance Group, Inc. Class A Common Stock",NASDAQ,True,True
CEG,Constellation Energy Corporation Common Stock,NASDAQ,True,True
ATMU,Atmus Filtration Technologies Inc.,NYSE,True,True
EQH,"Equitable Holdings, Inc.",NYSE,True,True
ARCB,ArcBest Corporation Common Stock,NASDAQ,True,True
FOUR,"Shift4 Payments, Inc.",NYSE,True,True
ERII,"Energy Recovery, Inc. Common Stock",NASDAQ,True,True
FTI,TechnipFMC plc Ordinary Share,NYSE,True,True
BKE,"The Buckle, Inc.",NYSE,True,True
FWRD,Forward Air Corporation Common Stock,NASDAQ,True,True
CLOO,NYLI Investment Grade CLO ETF,ARCA,True,False
CLOB,VanEck AA-BB CLO ETF,ARCA,True,False
PRPO,"Precipio, Inc. Common Stock",NASDAQ,True,False
BINC,iShares Flexible Income Active ETF,ARCA,True,True
ATRO,Astronics Corporation Common Stock,NASDAQ,True,True
AIPI,ETF Opportunities Trust REX AI Equity Premium Income ETF,NASDAQ,True,True
AAUC,Allied Gold Corporation,NYSE,True,True
GRID,First Trust NASDAQ Clean Edge Smart Grid Infrastructure Index Fund,NASDAQ,True,True
GRPM,Invesco S&P MidCap 400 GARP ETF,ARCA,True,True
ACIU,AC Immune SA Common Stock,NASDAQ,True,True
CIFR,Cipher Digital Inc. Common Stock,NASDAQ,True,True
AOSL,Alpha and Omega Semiconductor Limited Common Shares,NASDAQ,True,True
BATRA,"Atlanta Braves Holdings, Inc. Series A Common Stock",NASDAQ,True,True
BMBL,Bumble Inc. Class A Common Stock,NASDAQ,True,True
BMEA,"Biomea Fusion, Inc. Common Stock",NASDAQ,True,True
BMRN,BioMarin Pharmaceutical Inc. Common Stock,NASDAQ,True,True
BMY,Bristol-Myers Squibb Co.,NYSE,True,True
BNT,Brookfield Wealth Solutions Ltd.,NYSE,True,True
BORR,Borr Drilling Limited,NYSE,True,True
BYRN,"Byrna Technologies, Inc. Common Stock",NASDAQ,True,True
DJP,"iPath Bloomberg Commodity Index Total Return ETN due June 12, 2036",ARCA,True,True
CIBR,First Trust Exchange-Traded Fund II First Trust NASDAQ Cybersecurity ETF,NASDAQ,True,True
PTORW,Praetorian Acquisition Corp. Warrant,NASDAQ,True,False
CLIX,ProShares Long Online/Short Stores ETF,ARCA,True,False
CIG,Companhia Energetica De Minas Gerais-CEMIG,NYSE,True,True
CIG.C,Companhia Energetica De Minas Gerais-CEMIG,NYSE,True,True
CRNX,"Crinetics Pharmaceuticals, Inc. Common Stock",NASDAQ,True,True
ESNT,Essent Group LTD,NYSE,True,True
FAF,First American Financial Corporation,NYSE,True,True
FALN,iShares Trust iShares Fallen Angels USD Bond ETF,NASDAQ,True,True
GCT,GigaCloud Technology Inc Class A Ordinary Shares,NASDAQ,True,True
GENI,Genius Sports Limited,NYSE,True,True
GO,Grocery Outlet Holding Corp. Common Stock,NASDAQ,True,True
GOTU,"Gaotu Techedu Inc. American Depositary Shares, three of which representing two Class A Ordinary Shares",NYSE,True,True
GOVZ,iShares 25+ Year Treasury STRIPS Bond ETF,BATS,True,True
GPK,Graphic Packaging Holding Company,NYSE,True,True
GRPN,"Groupon, Inc. Common Stock",NASDAQ,True,True
GRWG,GrowGeneration Corp. Common Stock,NASDAQ,True,True
GSAT,"Globalstar, Inc. Common Stock",NASDAQ,True,True
GSEU,Goldman Sachs ActiveBeta Europe Equity ETF,ARCA,True,True
GSHD,"Goosehead Insurance, Inc. Class A Common Stock",NASDAQ,True,True
GSIE,Goldman Sachs ActiveBeta International Equity ETF,ARCA,True,True
FBK,FB Financial Corporation,NYSE,True,True
GNK,GENCO SHIPPING & TRADING LTD,NYSE,True,True
CLIM,Climate Global - Climate Resilient REIT Index ETF,ARCA,True,False
AGG,iShares Core U.S. Aggregate Bond ETF,ARCA,True,True
AIN,Albany International Corp Class A,NYSE,True,True
BDX,"Becton, Dickinson and Co.",NYSE,True,True
BIL,State Street SPDR Bloomberg 1-3 Month T-Bill ETF,ARCA,True,True
CLDX,"Celldex Therapeutics, Inc.",NASDAQ,True,True
CSGP,"CoStar Group, Inc. Common Stock",NASDAQ,True,True
CSTL,"Castle Biosciences, Inc. Common Stock",NASDAQ,True,True
CTMX,"CytomX Therapeutics, Inc. Common Stock",NASDAQ,True,True
GBAB,Guggenheim Taxable Municipal Bond & Investment Grade Debt Trust,NYSE,True,True
GPCR,Structure Therapeutics Inc. American Depositary Shares,NASDAQ,True,True
FBRT,"Franklin BSP Realty Trust, Inc.",NYSE,True,True
FBTC,Fidelity Wise Origin Bitcoin Fund,BATS,True,True
FCEL,"FuelCell Energy, Inc. Common Stock",NASDAQ,True,True
FCF,First Commonwealth Financial Corporation,NYSE,True,True
FCFS,"FirstCash Holdings, Inc. Common Stock",NASDAQ,True,True
FCOM,Fidelity MSCI Communication Services Index ETF,ARCA,True,True
FCPT,"Four Corners Property Trust, Inc.",NYSE,True,True
FDIS,Fidelity MSCI Consumer Discretionary Index ETF,ARCA,True,True
FDMT,"4D Molecular Therapeutics, Inc. Common Stock",NASDAQ,True,True
FDP,Fresh Del Monte Produce Inc.,NYSE,True,True
BABA,"Alibaba Group Holding Limited American Depositary Shares, each represents eight Ordinary Shares",NYSE,True,True
CLCG,Crossmark Large Cap Growth ETF,ARCA,True,False
CLBK,"Columbia Financial, Inc. Common Stock",NASDAQ,True,True
FA,First Advantage Corporation Common Stock,NASDAQ,True,True
CACC,Credit Acceptance Corporation Common Stock,NASDAQ,True,True
AVLV,Avantis U.S. Large Cap Value ETF,ARCA,True,True
AVXL,Anavex Life Sciences Corp. Common Stock,NASDAQ,True,True
AVR,Anteris Technologies Global Corp. Common Stock,NASDAQ,True,True
CXT,"Crane NXT, Co.",NYSE,True,True
ALTI,"AlTi Global, Inc. Class A Common Stock",NASDAQ,True,True
ALC,Alcon Inc. Ordinary Shares,NYSE,True,True
BBCP,"Concrete Pumping Holdings, Inc. Common Stock",NASDAQ,True,True
CASS,"Cass Information Systems, Inc Common Stock",NASDAQ,True,True
CNXN,"PC Connection, Inc. Common Stock",NASDAQ,True,True
CWCO,Consolidated Water Co. Ltd. Ordinary Shares,NASDAQ,True,True
CWEN,"Clearway Energy, Inc. Class C Common Stock",NYSE,True,True
CWK,Cushman & Wakefield Ltd.,NYSE,True,True
D,"Dominion Energy, Inc Common Stock",NYSE,True,True
BILS,State Street SPDR Bloomberg 3-12 Month T-Bill ETF,ARCA,True,True
CWS,AdvisorShares Focused Equity ETF,ARCA,True,True
CSL,"Carlisle Companies, Inc.",NYSE,True,True
FCG,First Trust Natural Gas ETF,ARCA,True,True
AMT,American Tower Corporation,NYSE,True,True
ANGI,Angi Inc. Class A Common Stock,NASDAQ,True,True
CIVB,"Civista Bancshares, Inc. Common Stock",NASDAQ,True,False
CIK,Credit Suisse Asset Management Income Fund Inc.,AMEX,True,False
BVFL,"BV Financial, Inc. Common Stock",NASDAQ,True,False
BBDC,"Barings BDC, Inc.",NYSE,True,True
GTM,ZoomInfo Technologies Inc Common Stock,NASDAQ,True,True
GTN,"Gray Media, Inc.",NYSE,True,True
ADMA,ADMA Biologics Inc Common Stock,NASDAQ,True,True
ADNT,Adient plc Ordinary Shares,NYSE,True,True
AMCX,AMC Global Media Inc. Class A Common Stock,NASDAQ,True,True
AMD,"Advanced Micro Devices, Inc. Common Stock",NASDAQ,True,True
AME,"Ametek, Inc.",NYSE,True,True
AXON,"Axon Enterprise, Inc. Common Stock",NASDAQ,True,True
AZN,AstraZeneca PLC,NYSE,True,True
CMPR,Cimpress PLC Ordinary Shares (Ireland),NASDAQ,True,True
CMPS,COMPASS Pathways Plc American Depository Shares,NASDAQ,True,True
CNMD,CONMED Corporation,NYSE,True,True
CNA,CNA Financial Corporation,NYSE,True,True
CNDT,Conduent Incorporated Common Stock,NASDAQ,True,True
CNH,CNH INDUSTRIAL N.V.,NYSE,True,True
CNK,"Cinemark Holdings, Inc.",NYSE,True,True
CNNE,"Cannae Holdings, Inc. Common Stock",NYSE,True,True
ENVX,Enovix Corporation Common Stock,NASDAQ,True,True
EOSE,"Eos Energy Enterprises, Inc. Class A Common Stock",NASDAQ,True,True
EPM,Evolution Petroleum Corporation,AMEX,True,True
FRT,Federal Realty Investment Trust,NYSE,True,True
ONBPP,"Old National Bancorp Depositary Shares, Each Representing a 1/40th Interest in a Share of Series A Preferred Stock",NASDAQ,True,False
FSK,FS KKR Capital Corp. Common Stock,NYSE,True,True
ANNX,"Annexon, Inc. Common Stock",NASDAQ,True,True
COIN,"Coinbase Global, Inc. Class A Common Stock",NASDAQ,True,True
COLB,"Columbia Banking System, Inc. Common Stock",NASDAQ,True,True
ET,Energy Transfer LP Common Units representing limited partner interests,NYSE,True,True
EYPT,"EyePoint, Inc. Common Stock",NASDAQ,True,True
EZPW,"EZCORP, Inc. Class A Non Voting Common Stock",NASDAQ,True,True
EZU,iShare MSCI Eurozone ETF of ISHARES INC.,BATS,True,True
FDBC,"Fidelity D & D Bancorp, Inc. Common Stock",NASDAQ,True,True
GPMT,Granite Point Mortgage Trust Inc. Common Stock,NYSE,True,True
CHCT,"Community Healthcare Trust Incorporated Common Stock, $0.01 par value per share",NYSE,True,True
CHD,"Church & Dwight Co., Inc.",NYSE,True,True
CHDN,"Churchill Downs, Incorporated Common Stock",NASDAQ,True,True
EOD,Allspring Global Dividend Opportunity Fund,NYSE,True,True
EOLS,"Evolus, Inc. Common Stock",NASDAQ,True,True
GTX,Garrett Motion Inc. Common Stock,NASDAQ,True,True
DBB,Invesco DB Base Metals Fund,ARCA,True,True
DBI,Designer Brands Inc.,NYSE,True,True
ESGU,iShares Trust iShares ESG Aware MSCI USA ETF,NASDAQ,True,True
ESI,Element Solutions Inc.,NYSE,True,True
BCX,BLACKROCK RESOURCES & COMMODITIES STRATEGY TRUST,NYSE,True,True
CII,"BlackRock Enhanced Large Cap Core Fund, Inc.",NYSE,True,False
CHRN,ChronoScale Corporation Common Stock,NASDAQ,True,False
DTCWY,Deutsche Wohnen SE American Depositary Receipts - Unsponsored,OTC,True,False
AA,Alcoa Corporation,NYSE,True,True
ALG,"Alamo Group, Inc.",NYSE,True,True
BKU,"Bankunited, Inc.",NYSE,True,True
FXF,Invesco CurrencyShares Swiss Franc Trust,ARCA,True,True
EFSC,Enterprise Financial Services Corporation Common Stock,NASDAQ,True,True
EFV,iShares MSCI EAFE Value ETF,BATS,True,True
FINV,"FinVolution Group American depositary shares, each representing five Class A ordinary shares",NYSE,True,True
FRST,Primis Financial Corp. Common Stock,NASDAQ,True,True
ABM,"ABM Industries, Inc.",NYSE,True,True
DAKT,"Daktronics, Inc. Common Stock",NASDAQ,True,True
DAL,"Delta Air Lines, Inc.",NYSE,True,True
AMKR,"Amkor Technology, Inc. Common Stock",NASDAQ,True,True
CLOV,"Clover Health Investments, Corp. Class A Common Stock",NASDAQ,True,True
DSL,DOUBLELINE INCOME SOLUTIONS FUND,NYSE,True,True
DGX,Quest Diagnostics Inc.,NYSE,True,True
AGX,"Argan, Inc",NYSE,True,True
ARW,"Arrow Electronics, Inc.",NYSE,True,True
CRBG,"Corebridge Financial, Inc.",NYSE,True,True
ECH,iShares MSCI Chile ETF,BATS,True,True
ELV,"Elevance Health, Inc.",NYSE,True,True
FVRR,Fiverr International Ltd.,NYSE,True,True
ESRT,"EMPIRE STATE REALTY TRUST, INC.",NYSE,True,True
CGSD,Capital Group Short Duration Income ETF,ARCA,True,False
CHRI,Global X Funds Global X S&P 500 Christian Values ETF,NASDAQ,True,False
AIHS,Senmiao Technology Limited Common Stock,NASDAQ,True,False
BEAGU,Bold Eagle Acquisition Corp. Units,NASDAQ,True,False
BEBE,TGE Value Creative Solutions Corp,NYSE,True,False
BFH.PRA,"Bread Financial Holdings, Inc. Depositary Shares, each representing a 1/40th interest in a share of 8.625% Non-Cumulative Perpetual Preferred Stock, Series A",NYSE,True,False
BFRG,"Bullfrog AI Holdings, Inc. Common Stock",NASDAQ,True,False
AHLT,American Beacon AHL Trend ETF,ARCA,True,True
CGNX,Cognex Corporation Common Stock,NASDAQ,True,True
BL,"BlackLine, Inc. Common Stock",NASDAQ,True,True
ATR,"AptarGroup, Inc.",NYSE,True,True
DLX,Deluxe Corporation,NYSE,True,True
AYI,Acuity Inc.,NYSE,True,True
AVEX,AEVEX Corp.,NYSE,True,True
AZTA,"Azenta, Inc.",NASDAQ,True,True
CNX,CNX Resources Corporation,NYSE,True,True
AIT,"Applied Industrial Technologies, Inc.",NYSE,True,True
AMTB,Amerant Bancorp Inc.,NYSE,True,True
GHM,Graham Corporation,NYSE,True,True
BTCI,NEOS Bitcoin High Income ETF,BATS,True,True
DRD,DRDGOLD Ltd.,NYSE,True,True
DE,Deere & Company,NYSE,True,True
BTG,B2Gold Corp.,AMEX,True,True
BXP,"BXP, Inc.",NYSE,True,True
ELF,"e.l.f. Beauty, Inc.",NYSE,True,True
CHPY,YieldMax Semiconductor Portfolio Option Income ETF,ARCA,True,False
ESE,"ESCO Technologies, Inc.",NYSE,True,True
BMRC,Bank of Marin Bancorp Common Stock,NASDAQ,True,True
CGDG,Capital Group Dividend Growers ETF,ARCA,True,True
FSCS,First Trust Exchange-Traded Fund VI First Trust SMID Capital Strength ETF,NASDAQ,True,True
FSTA,Fidelity MSCI Consumer Staples Index ETF,ARCA,True,True
AREC,American Resources Corporation Class A Common Stock,NASDAQ,True,True
ARGX,argenx SE American Depositary Shares,NASDAQ,True,True
ARI,"APOLLO COMMERCIAL REAL ESTATE FINANCE, INC.",NYSE,True,True
BHC,Bausch Health Companies Inc,NYSE,True,True
CVGW,"Calavo Growers, Inc. Common Stock",NASDAQ,True,True
CVI,"CVR ENERGY, INC.",NYSE,True,True
CVLC,Calvert US Large-Cap Core Responsible Index ETF,ARCA,True,True
DON,WisdomTree U.S. MidCap Dividend Fund,ARCA,True,True
DORM,"Dorman Products, Inc. Common Stock",NASDAQ,True,True
DOUG,Douglas Elliman Inc.,NYSE,True,True
EBC,"Eastern Bankshares, Inc. Common Stock",NASDAQ,True,True
EBND,State Street SPDR Bloomberg Emerging Markets Local Bond ETF,ARCA,True,True
ECAT,BlackRock ESG Capital Allocation Term Trust,NYSE,True,True
EQWL,Invesco S&P 100 Equal Weight ETF,ARCA,True,True
CRUS,"Cirrus Logic, Inc. Common Stock",NASDAQ,True,True
AMPX,"Amprius Technologies, Inc.",NYSE,True,True
BC,Brunswick Corporation,NYSE,True,True
ACAD,ACADIA Pharmaceuticals Inc. Common Stock,NASDAQ,True,True
ACDC,ProFrac Holding Corp. Class A Common Stock,NASDAQ,True,True
GGG,Graco Inc,NYSE,True,True
GPOR,Gulfport Energy Corporation,NYSE,True,True
CF,"CF Industries Holding, Inc.",NYSE,True,True
CVX,Chevron Corporation,NYSE,True,True
DSI,iShares ESG MSCI KLD 400 ETF,ARCA,True,True
FND,"Floor & Decor Holdings, Inc.",NYSE,True,True
ACVA,ACV Auctions Inc.,NYSE,True,True
FBNC,First Bancorp Common Stock,NASDAQ,True,True
CVRX,"CVRx, Inc. Common Stock",NASDAQ,True,True
B,Barrick Mining Corporation,NYSE,True,True
ATEN,A10 NETWORKS INC,NYSE,True,True
FN,Fabrinet,NYSE,True,True
AVNS,"Avanos Medical, Inc.",NYSE,True,True
FIZZ,National Beverage Corp. Common Stock,NASDAQ,True,True
FJUN,FT Vest U.S. Equity Buffer ETF - June,BATS,True,True
FNDC,Schwab Fundamental International Small Equity ETF,ARCA,True,True
FNDE,Schwab Fundamental Emerging Markets Equity ETF,ARCA,True,True
FNDF,Schwab Fundamental International Equity ETF,ARCA,True,True
FNDX,Schwab Fundamental U.S. Large Company ETF,ARCA,True,True
FPX,First Trust US Equity Opportunities ETF,ARCA,True,True
FRA,"Blackrock Floating Rate Income Strategies Fund, Inc.",NYSE,True,True
FULC,"Fulcrum Therapeutics, Inc. Common Stock",NASDAQ,True,True
FLJP,Franklin FTSE Japan ETF,ARCA,True,True
GABC,"German American Bancorp, Inc. Common Stock",NASDAQ,True,True
FMAO,"Farmers & Merchants Bancorp, Inc. Common Stock",NASDAQ,True,True
EALT,Innovator U.S. Equity 5 to 15 Buffer ETF - Quarterly,BATS,True,True
BNS,Bank of Nova Scotia,NYSE,True,True
FDD,First Trust STOXX European Select Dividend Income Fund,ARCA,True,True
AMZU,Direxion Shares ETF Trust Direxion Daily AMZN Bull 2X ETF,NASDAQ,True,True
ATO,Atmos Energy Corporation,NYSE,True,True
ED,"Consolidated Edison, Inc.",NYSE,True,True
F,Ford Motor Company,NYSE,True,True
CELH,"Celsius Holdings, Inc. Common Stock",NASDAQ,True,True
FLKR,Franklin FTSE South Korea ETF,ARCA,True,True
CENX,Century Aluminum Company Common Stock,NASDAQ,True,True
CRDO,Credo Technology Group Holding Ltd Ordinary Shares,NASDAQ,True,True
GEVO,"Gevo, Inc. Common Stock",NASDAQ,True,True
CGON,"CG Oncology, Inc. Common stock",NASDAQ,True,True
FXO,First Trust Financials AlphaDEX Fund,ARCA,True,True
CGTX,"Cognition Therapeutics, Inc. Common Stock",NASDAQ,True,True
CHEF,"The Chefs' Warehouse, Inc. Common Stock",NASDAQ,True,True
CRL,"Charles River Laboratories International, Inc.",NYSE,True,True
CLDT,CHATHAM LODGING TRUST,NYSE,True,True
CLVT,Clarivate Plc,NYSE,True,True
CLW,Clearwater Paper Corporation,NYSE,True,True
CMCL,Caledonia Mining Corporation Plc,AMEX,True,True
CMCO,Columbus McKinnon Corporation Common Stock,NASDAQ,True,True
CNQ,Canadian Natural Resources Limited,NYSE,True,True
ATI,ATI Inc.,NYSE,True,True
CNR,"Core Natural Resources, Inc.",NYSE,True,True
COCO,"The Vita Coco Company, Inc. Common Stock",NASDAQ,True,True
BATT,Amplify Lithium & Battery Technology ETF,ARCA,True,True
COF,Capital One Financial,NYSE,True,True
COHR,Coherent Corp.,NYSE,True,True
COHU,"Cohu, Inc. Common Stock",NASDAQ,True,True
COLO,Global X MSCI Colombia ETF,ARCA,True,True
ACCO,Acco Brands Corporation,NYSE,True,True
CORZ,"Core Scientific, Inc. Common Stock",NASDAQ,True,True
COWZ,Pacer US Cash Cows 100 ETF,BATS,True,True
DNOW,DNOW Inc.,NYSE,True,True
DCH,Dauch Corporation,NYSE,True,True
FETH,Fidelity Ethereum Fund,BATS,True,True
FTS,Fortis Inc. Common Shares,NYSE,True,True
GHC,GRAHAM HOLDINGS COMPANY,NYSE,True,True
ENDW,EA Series Trust Cambria Endowment Style ETF,NASDAQ,True,True
AON,Aon plc Class A,NYSE,True,True
DBD,"Diebold Nixdorf, Incorporated",NYSE,True,True
GPGI,"GPGI, Inc.",NYSE,True,True
ESS,"Essex Property Trust, Inc",NYSE,True,True
AIZ,"Assurant, Inc.",NYSE,True,True
ARKO,ARKO Corp. Common Stock,NASDAQ,True,True
ARKQ,ARK Autonomous Technology & Robotics ETF,BATS,True,True
BND,Vanguard Total Bond Market ETF,NASDAQ,True,True
BNDX,Vanguard Charlotte Funds Vanguard Total International Bond ETF,NASDAQ,True,True
BNL,"Broadstone Net Lease, Inc.",NYSE,True,True
CLS,"Celestica, Inc.",NYSE,True,True
CPAC,CEMENTOS PACASMAYO S.A.A.,NYSE,True,True
CTO,"CTO Realty Growth, Inc.",NYSE,True,True
DFCF,Dimensional Core Fixed Income ETF,ARCA,True,True
AMRC,"Ameresco, Inc.",NYSE,True,True
EPOL,iShares MSCI Poland ETF,ARCA,True,True
BFS,"Saul Centers, Inc.",NYSE,True,True
DJCO,Daily Journal Corp. (S.C.) Common Stock,NASDAQ,True,True
BBH,VanEck Biotech ETF,NASDAQ,True,True
AMH,AMERICAN HOMES 4 RENT,NYSE,True,True
AURA,"Aura Biosciences, Inc. Common Stock",NASDAQ,True,True
BCDF,Horizon Kinetics Blockchain Development ETF,ARCA,True,True
BFST,"Business First Bancshares, Inc. Common Stock",NASDAQ,True,True
AVTR,"Avantor, Inc.",NYSE,True,True
BAH,Booz Allen Hamilton Holding Corporation,NYSE,True,True
BAI,iShares A.I. Innovation and Tech Active ETF,ARCA,True,True
BALT,Innovator Defined Wealth Shield ETF,BATS,True,True
DTCR,Global X Funds Global X Data Center & Digital Infrastructure ETF,NASDAQ,True,True
AB,"AllianceBernstein Holding, L.P.",NYSE,True,True
AMBP,Ardagh Metal Packaging S.A.,NYSE,True,True
AXGN,"Axogen, Inc. Common Stock",NASDAQ,True,True
BKV,BKV Corporation,NYSE,True,True
CANE,Teucrium Sugar Fund,ARCA,True,True
FTSM,First Trust Exchange-Traded Fund IV First Trust Enhanced Short Maturity ETF,NASDAQ,True,True
BSMQ,Invesco Exchange-Traded Self-Indexed Fund Trust Invesco BulletShares 2026 Municipal Bond ETF,NASDAQ,True,True
FSEC,Fidelity Investment Grade Securitized ETF,ARCA,True,True
GAEM,Simplify Gamma Emerging Market Bond ETF,ARCA,True,True
BMI,"Badger Meter, Inc.",NYSE,True,True
GM,General Motors Company,NYSE,True,True
CMRE,Costamare Inc.,NYSE,True,True
ABCB,Ameris Bancorp,NYSE,True,True
CCJ,Cameco Corporation,NYSE,True,True
EGY,"Vaalco Energy, Inc.",NYSE,True,True
BCC,Boise Cascade Company,NYSE,True,True
BHB,Bar Harbor Bankshares,AMEX,True,True
CET,Central Securities Corp.,AMEX,True,True
EPAM,"EPAM SYSTEMS, INC.",NYSE,True,True
CHMI,CHERRY HILL MORTGAGE INVESTMENT CORPORATION,NYSE,True,True
CHY,Calamos Convertible and High Income Fund Common Stock,NASDAQ,True,True
COMT,iShares U.S. ETF Trust iShares GSCI Commodity Dynamic Roll Strategy ETF,NASDAQ,True,True
CRBN,iShares Low Carbon Optimized MSCI ACWI ETF,ARCA,True,True
DDFO,Innovator Equity Dual Directional 15 Buffer ETF - October,BATS,True,True
DJUL,FT Vest U.S. Equity Deep Buffer ETF - July,BATS,True,True
EFT,Eaton Vance Floating-Rate Income Trust,NYSE,True,True
ENFR,Alerian Energy Infrastructure ETF,ARCA,True,True
ENIC,Enel Chile S.A. American Depositary Shares Representing Common Stock (Each representing 50 shares of Common Stock),NYSE,True,True
ETW,Eaton Vance Tax-Managed Global Buy-Write Opportunities Fund,NYSE,True,True
FAN,First Trust Global Wind Energy ETF,ARCA,True,True
FFLG,Fidelity Fundamental Large Cap Growth ETF,BATS,True,True
FGDL,Franklin Responsibly Sourced Gold ETF,ARCA,True,True
CVSB,Calvert Ultra-Short Investment Grade ETF,ARCA,True,True
CCD,Calamos Dynamic Convertible & Income Fund Common Stock,NASDAQ,True,True
EURL,Direxion Daily FTSE Europe Bull 3x ETF,ARCA,True,True
ACI,"Albertsons Companies, Inc.",NYSE,True,True
AAMI,Acadian Asset Management Inc.,NYSE,True,True
AAOI,"Applied Optoelectronics, Inc. Common Stock",NASDAQ,True,True
AAP,ADVANCE AUTO PARTS INC,NYSE,True,True
AAXJ,iShares MSCI All Country Asia ex Japan ETF,NASDAQ,True,True
ABAT,American Battery Technology Company Common Stock,NASDAQ,True,True
ACHC,"Acadia Healthcare Company, Inc. Common Stock",NASDAQ,True,True
ACHR,Archer Aviation Inc.,NYSE,True,True
ACHV,"Achieve Life Sciences, Inc. Common Shares",NASDAQ,True,True
ACIC,American Coastal Insurance Corporation Common Stock,NASDAQ,True,True
ACP,abrdn Income Credit Strategies Fund,NYSE,True,True
ADEA,Adeia Inc. Common Stock,NASDAQ,True,True
ADI,"Analog Devices, Inc. Common Stock",NASDAQ,True,True
AHRT,"AH Realty Trust, Inc.",NYSE,True,True
AHT,"Ashford Hospitality Trust, Inc.",NYSE,True,True
AIG,"American International Group, Inc.",NYSE,True,True
AIO,Virtus Artificial Intelligence & Technology Opportunities Fund,NYSE,True,True
AIOT,"PowerFleet, Inc. Common Stock",NASDAQ,True,True
AIP,"Arteris, Inc. Common Stock",NASDAQ,True,True
AIQ,Global X Funds Global X Artificial Intelligence & Technology ETF,NASDAQ,True,True
AIRJ,AirJoule Technologies Corporation Class A Common Stock,NASDAQ,True,True
ALEC,"Alector, Inc. Common Stock",NASDAQ,True,True
ALGM,"Allegro MicroSystems, Inc. Common Stock",NASDAQ,True,True
ALGN,"Align Technology, Inc. Common Stock",NASDAQ,True,True
ALGT,Allegiant Travel Company Common Stock,NASDAQ,True,True
ALH,Alliance Laundry Holdings Inc.,NYSE,True,True
ALHC,"Alignment Healthcare, Inc. Common Stock",NASDAQ,True,True
ALLO,"Allogene Therapeutics, Inc. Common Stock",NASDAQ,True,True
ALLW,SSGA Active Trust State Street Bridgewater All Weather ETF,NASDAQ,True,True
ALM,Almonty Industries Inc. Common Shares,NASDAQ,True,True
ALMS,Alumis Inc. Common Stock,NASDAQ,True,True
ALNT,Allient Inc. Common Stock,NASDAQ,True,True
ALNY,"Alnylam Pharmaceuticals, Inc. Common Stock",NASDAQ,True,True
ALRM,"Alarm.com Holdings, Inc. Common Stock",NASDAQ,True,True
ALT,"Altimmune, Inc. Common Stock",NASDAQ,True,True
ALTO,"Alto Ingredients, Inc. Common Stock",NASDAQ,True,True
ALXO,ALX Oncology Holdings Inc. Common Stock,NASDAQ,True,True
AM,Antero Midstream Corporation Common Stock,NYSE,True,True
AMAL,Amalgamated Financial Corp. Common Stock (DE),NASDAQ,True,True
ARCT,Arcturus Therapeutics Holdings Inc. Common Stock,NASDAQ,True,True
ARDX,"Ardelyx, Inc. Common Stock",NASDAQ,True,True
ARE,"Alexandria Real Estate Equities, Inc.",NYSE,True,True
ARIS,Aris Mining Corporation,NYSE,True,True
ARKF,ARK Blockchain & Fintech Innovation ETF,BATS,True,True
ARKW,ARK Next Generation Internet ETF,BATS,True,True
ARKX,ARK Space & Defense Innovation ETF,BATS,True,True
ARLP,"Alliance Resource Partners, L.P. Common Units representing Limited Partners Interests",NASDAQ,True,True
ARM,Arm Holdings plc American Depositary Shares,NASDAQ,True,True
ARMG,Themes ETF Trust Leverage Shares 2X Long ARM Daily ETF,NASDAQ,True,True
ARXS,"Arxis, Inc. Class A Common Stock",NASDAQ,True,True
AS,"Amer Sports, Inc.",NYSE,True,True
ASA,ASA GOLD AND PRECIOUS METALS LIMITED,NYSE,True,True
ASML,ASML Holding N.V. New York Registry Shares,NASDAQ,True,True
ASND,Ascendis Pharma A/S Ordinary Share,NASDAQ,True,True
ASO,"Academy Sports and Outdoors, Inc. Common Stock",NASDAQ,True,True
BAB,Invesco Taxable Municipal Bond ETF,ARCA,True,True
BAM,Brookfield Asset Management Ltd.,NYSE,True,True
BAND,Bandwidth Inc. Class A Common Stock,NASDAQ,True,True
BATRK,"Atlanta Braves Holdings, Inc. Series C Common Stock",NASDAQ,True,True
BE,Bloom Energy Corporation,NYSE,True,True
BEAM,Beam Therapeutics Inc. Common Stock,NASDAQ,True,True
BEKE,KE Holdings Inc. American Depositary Shares (each representing three Class A Ordinary Shares),NYSE,True,True
BELFB,Bel Fuse Inc. Class B Common Stock,NASDAQ,True,True
BF.A,Brown-Forman Corporation Class A,NYSE,True,True
BHP,BHP Group Limited American Depositary Shares (Each representing two Ordinary Shares),NYSE,True,True
BLD,TopBuild Corp. Common Stock,NYSE,True,True
BLK,"Blackrock, Inc.",NYSE,True,True
BULL,Webull Corporation Class A Ordinary Shares,NASDAQ,True,True
BURL,"BURLINGTON STORES, INC.",NYSE,True,True
BUSE,First Busey Corporation Class A Common Stock,NASDAQ,True,True
CABA,"Cabaletta Bio, Inc. Common Stock",NASDAQ,True,True
CCB,Coastal Financial Corporation Common Stock,NASDAQ,True,True
CCC,CCC Intelligent Solutions Holdings Inc. Common Stock,NASDAQ,True,True
CCCC,"C4 Therapeutics, Inc. Common Stock",NASDAQ,True,True
CCL,Carnival Corporation Ltd.,NYSE,True,True
CCRN,"Cross Country Healthcare, Inc. Common Stock $0.0001 Par Value",NASDAQ,True,True
CDE,"Coeur Mining, Inc.",NYSE,True,True
CDLR,Cadeler A/S American Depositary Share (each representing four (4) Ordinary Shares),NYSE,True,True
CDNA,"CareDx, Inc. Common Stock",NASDAQ,True,True
CDNS,"Cadence Design Systems, Inc. Common Stock",NASDAQ,True,True
CDP,COPT Defense Properties,NYSE,True,True
CDRE,"Cadre Holdings, Inc.",NYSE,True,True
CE,Celanese Corporation Common Stock,NYSE,True,True
CECO,CECO Environmental Corp. Common Stock,NASDAQ,True,True
CELC,Celcuity Inc. Common Stock,NASDAQ,True,True
CRPT,First Trust SkyBridge Crypto Industry and Digital Economy ETF,ARCA,True,True
CRSP,CRISPR Therapeutics AG Common Shares,NASDAQ,True,True
CRTO,Criteo S.A. American Depositary Shares,NASDAQ,True,True
DLR,"Digital Realty Trust, Inc.",NYSE,True,True
ELDN,"Eledon Pharmaceuticals, Inc. Common Stock",NASDAQ,True,True
EVC,Entravision Communication,NYSE,True,True
EVER,"EverQuote, Inc. Class A Common Stock",NASDAQ,True,True
EVG,Eaton Vance Short Duration Diversified Income Fund,NYSE,True,True
EVGO,EVgo Inc. Class A Common Stock,NASDAQ,True,True
EVH,"Evolent Health, Inc Class A Common Stock",NYSE,True,True
EWJV,iShares Trust iShares MSCI Japan Value ETF,NASDAQ,True,True
EWL,iShares MSCI Switzerland ETF,ARCA,True,True
EWM,iShares MSCI Malaysia ETF,ARCA,True,True
EWP,iShares MSCI Spain ETF,ARCA,True,True
EWS,iShares MSCI Singapore ETF,ARCA,True,True
EWT,iShares MSCI Taiwan ETF,ARCA,True,True
EWTX,"Edgewise Therapeutics, Inc. Common Stock",NASDAQ,True,True
EWX,State Street SPDR S&P Emerging Markets Small Cap ETF,ARCA,True,True
CC,The Chemours Company,NYSE,True,True
EWZS,iShares MSCI Brazil Small-Cap ETF,NASDAQ,True,True
EXE,Expand Energy Corporation Common Stock,NASDAQ,True,True
FET,"Forum Energy Technologies, Inc.",NYSE,True,True
FTAI,FTAI Aviation Ltd. Common Stock,NASDAQ,True,True
FTCS,First Trust Capital Strength ETF,NASDAQ,True,True
GDX,VanEck Gold Miners ETF,ARCA,True,True
GRFS,"Grifols, S.A. American Depositary Shares",NASDAQ,True,True
GRNT,"Granite Ridge Resources, Inc.",NYSE,True,True
GDDY,GoDaddy Inc,NYSE,True,True
BR,Broadridge Financial Solutions Inc,NYSE,True,True
BXC,BlueLinx Holdings Inc.,NYSE,True,True
BXMT,"Blackstone Mortgage Trust, Inc. (NEW)",NYSE,True,True
BY,"Byline Bancorp, Inc. Common Stock",NYSE,True,True
ESLT,Elbit Systems Ltd. Ordinary Shares,NASDAQ,True,True
CTKB,"Cytek Biosciences, Inc. Common Stock",NASDAQ,True,True
AVTX,"Avalo Therapeutics, Inc. Common Stock",NASDAQ,True,True
FIS,"Fidelity National Information Services, Inc.",NYSE,True,True
FISI,"Financial Institutions, Inc. Common Stock",NASDAQ,True,True
DCOR,Dimensional US Core Equity 1 ETF,ARCA,True,True
FTDR,"frontdoor, inc. Common Stock",NASDAQ,True,True
DD,"DuPont de Nemours, Inc. Common Stock",NYSE,True,True
BITX,2x Bitcoin Strategy ETF,BATS,True,True
DBAW,Xtrackers MSCI All World ex US Hedged Equity ETF,ARCA,True,True
GNW,"Genworth Financial, Inc.",NYSE,True,True
CGMS,Capital Group U.S. Multi-Sector Income ETF,ARCA,True,True
CGNT,Cognyte Software Ltd. Ordinary Shares,NASDAQ,True,True
CGO,Calamos Global Total Return Fund Common Stock,NASDAQ,True,True
EFC,Ellington Financial Inc. Common Stock,NYSE,True,True
EFIV,State Street SPDR S&P 500 ESG ETF,ARCA,True,True
FIP,FTAI Infrastructure Inc. Common Stock,NASDAQ,True,True
FSBC,Five Star Bancorp Common Stock,NASDAQ,True,True
DV,"DoubleVerify Holdings, Inc.",NYSE,True,True
GDOT,Green Dot Corporation,NYSE,True,True
CPAY,"Corpay, Inc.",NYSE,True,True
BOH,Bank of Hawaii Corp.,NYSE,True,True
AVGE,Avantis All Equity Markets ETF,ARCA,True,True
BCO,The Brink's Company,NYSE,True,True
FMC,FMC Corporation,NYSE,True,True
GSGO,Goldman Sachs ETF Trust Goldman Sachs Growth Opportunities ETF,NASDAQ,True,True
EQPT,EquipmentShare.com Inc Class A Common Stock,NASDAQ,True,True
BSOL,Bitwise Solana Staking ETF,ARCA,True,True
CSV,"Carriage Services, Inc.",NYSE,True,True
CBL,"CBL & Associates Properties, Inc.",NYSE,True,True
GFF,Griffon Corp,NYSE,True,True
DFEV,Dimensional Emerging Markets Value ETF,ARCA,True,True
EVR,Evercore Inc.,NYSE,True,True
FTEC,Fidelity MSCI Information Technology Index ETF,ARCA,True,True
CHE,Chemed Corporation,NYSE,True,True
CHPX,Global X Funds Global X AI Semiconductor & Quantum ETF,NASDAQ,True,False
ACEL,"Accel Entertainment, Inc.",NYSE,True,True
CCS,"CENTURY COMMUNITIES, INC.",NYSE,True,True
ERO,Ero Copper Corp.,NYSE,True,True
BBOT,"BridgeBio Oncology Therapeutics, Inc. Common Stock",NASDAQ,True,True
CAG,"Conagra Brands, Inc.",NYSE,True,True
CSW,"CSW Industrials, Inc.",NYSE,True,True
DLB,"Dolby Laboratories, Inc.Class A",NYSE,True,True
DSX,"Diana Shipping, Inc.",NYSE,True,True
EC,Ecopetrol S.A,NYSE,True,True
BLSH,Bullish,NYSE,True,True
DBL,DOUBLELINE OPPORTUNISTIC CREDIT FUND,NYSE,True,True
EBS,"Emergent Biosolutions, Inc.",NYSE,True,True
EIPI,FT Energy Income Partners Enhanced Income ETF,ARCA,True,True
GD,General Dynamics Corporation,NYSE,True,True
GVLU,Gotham 1000 Value ETF,ARCA,True,True
ARMK,ARAMARK,NYSE,True,True
GTES,Gates Industrial Corporation plc,NYSE,True,True
GBCI,Glacier Bancorp Inc,NYSE,True,True
ANGO,"AngioDynamics, Inc. Common Stock",NASDAQ,True,True
ADV,Advantage Solutions Inc. Class A Common Stock,NASDAQ,True,True
AKAM,"Akamai Technologies, Inc. Common Stock",NASDAQ,True,True
AKTS,"Aktis Oncology, Inc. Common stock",NASDAQ,True,True
ALAB,"Astera Labs, Inc. Common Stock",NASDAQ,True,True
AMGN,Amgen Inc. Common Stock,NASDAQ,True,True
CHPT,"ChargePoint Holdings, Inc.",NYSE,True,False
ASTS,"AST SpaceMobile, Inc. Class A Common Stock",NASDAQ,True,True
BTC,Grayscale Bitcoin Mini Trust ETF,ARCA,True,True
BTCO,Invesco Galaxy Bitcoin ETF,BATS,True,True
EINC,VanEck Energy Income ETF,ARCA,True,True
FNB,F.N.B. Corp,NYSE,True,True
EVIM,Eaton Vance Intermediate Municipal Income ETF,ARCA,True,False
FMCE,FM Compounders Equity ETF,ARCA,True,False
EGUS,iShares ESG Aware MSCI USA Growth ETF,BATS,True,False
DASH,"DoorDash, Inc. Class A Common Stock",NASDAQ,True,True
C,Citigroup Inc.,NYSE,True,True
GLOB,GLOBANT S.A.,NYSE,True,True
BCE,"BCE, Inc.",NYSE,True,True
BLND,"Blend Labs, Inc.",NYSE,True,True
EAGG,iShares ESG Aware U.S. Aggregate Bond ETF,ARCA,True,True
FLEX,Flex Ltd. Ordinary Shares,NASDAQ,True,True
BRO,"Brown & Brown, Inc.",NYSE,True,True
BURU,"Nuburu, Inc.",AMEX,True,False
BXDC,Blackstone Digital Infrastructure Trust Inc.,NYSE,True,False
CCEF,Calamos CEF Income & Arbitrage ETF,ARCA,True,False
ABIG,EA Series Trust Argent Large Cap ETF,NASDAQ,True,False
AGZ,iShares Agency Bond ETF,ARCA,True,False
AMDW,Roundhill AMD WeeklyPay ETF,BATS,True,False
ARKD,ARK DIET Q1 Buffer ETF,BATS,True,False
BAPR,Innovator U.S. Equity Buffer ETF - April,BATS,True,False
CHPS,DBX ETF Trust Xtrackers Semiconductor Select Equity ETF,NASDAQ,True,False
BCIL,Bancreek International Large Cap ETF,ARCA,True,False
ELCV,Eventide High Dividend ETF,ARCA,True,False
BKUI,BNY Mellon Ultra Short Income ETF,ARCA,True,False
CVNX,Tidal Trust II Defiance Daily Target 2X Long CVNA ETF,NASDAQ,True,False
CVRT,Calamos Convertible Equity Alternative ETF,ARCA,True,False
CWII,REX CRWV Growth & Income ETF,BATS,True,False
CWVX,Tradr 2X Long CRWV Daily ETF,BATS,True,False
DDEC,FT Vest U.S. Equity Deep Buffer ETF - December,BATS,True,False
DDFA,Innovator Equity Dual Directional 15 Buffer ETF - April,BATS,True,False
DDFD,Innovator Equity Dual Directional 15 Buffer ETF - December,BATS,True,False
DUSA,Davis Select U.S. Equity ETF,BATS,True,False
EBI,The RBB Fund Trust Longview Advantage ETF,NASDAQ,True,False
EDOW,First Trust Dow 30 Equal Weight ETF,ARCA,True,False
EZJ,ProShares Ultra MSCI Japan,ARCA,True,False
FJUL,FT Vest U.S. Equity Buffer ETF - July,BATS,True,False
FXA,Invesco CurrencyShares Australian Dollar Trust,ARCA,True,False
GENZ,VanEck ETF Trust VanEck Digital Native Economy ETF,NASDAQ,True,False
EYEG,"AB Active ETFs, Inc. AB Corporate Bond ETF",NASDAQ,True,False
FVAL,Fidelity Value Factor ETF,ARCA,True,False
FFOG,Franklin Focused Growth ETF,BATS,True,False
ARAI,Arrive AI Inc. Common Stock,NASDAQ,True,False
EVTR,Eaton Vance Total Return Bond ETF,NYSE,True,False
EGGS,NestYield Total Return Guard ETF,ARCA,True,False
GRF,"Eagle Capital Growth Fund, Inc.",AMEX,True,False
BSL,Blackstone Senior Floating Rate 2027 Term Fund,NYSE,True,False
ETHW,Bitwise Ethereum ETF,ARCA,True,False
FLXI,Invesco Flexible Income ETF,BATS,True,False
APRW,AllianzIM U.S. Equity Buffer20 Apr ETF,BATS,True,False
AIR,AAR Corp.,NYSE,True,True
CAT,Caterpillar Inc.,NYSE,True,True
DXC,DXC Technology Company,NYSE,True,True
CNS,Cohen & Steers Inc.,NYSE,True,True
GERN,Geron Corporation Common Stock,NASDAQ,True,True
CGGR,Capital Group Growth ETF,ARCA,True,True
COP,ConocoPhillips,NYSE,True,True
FLR,Fluor Corporation,NYSE,True,True
FE,FirstEnergy Corp.,NYSE,True,True
FDX,FedEx Corporation,NYSE,True,True
ANET,Arista Networks,NYSE,True,True
BOW,Bowhead Specialty Holdings Inc.,NYSE,True,True
CUBI,CUSTOMERS BANCORP INC,NYSE,True,True
DIS,The Walt Disney Company,NYSE,True,True
CRBU,"Caribou Biosciences, Inc. Common Stock",NASDAQ,True,True
AXP,American Express Company,NYSE,True,True
BOX,"BOX, INC.",NYSE,True,True
CAL,Caleres Inc,NYSE,True,True
ALDX,"Aldeyra Therapeutics, Inc. Common Stock",NASDAQ,True,True
BUR,Burford Capital Limited,NYSE,True,True
BALL,Ball Corporation,NYSE,True,True
BCS,Barclays PLC,NYSE,True,True
ASIX,AdvanSix Inc.,NYSE,True,True
AMSS,AMASS Brands Inc. Common Stock,NASDAQ,True,False
BFLX,BlackRock ETF Trust iShares Flexible Equity Active ETF,NASDAQ,True,False
ACYS,FT Vest Laddered Autocallable Barrier & Resilient Income ETF,ARCA,True,False
ADAG,Adagene Inc. American Depositary Shares,NASDAQ,True,False
ANGX,"Angel Studios, Inc.",NYSE,True,False
ASTL,Algoma Steel Group Inc. Common Shares,NASDAQ,True,False
ASTN,Defiance Daily Target 2X Short ASTS ETF,BATS,True,False
AIMS,Series Portfolios Trust Acuitas Small Cap Active ETF,NASDAQ,True,False
AIRS,"AirSculpt Technologies, Inc. Common Stock",NASDAQ,True,False
BAMU,Brookstone Ultra-Short Bond ETF,BATS,True,False
BESO,ETF Opportunities Trust GSR Crypto Core3 ETF,NASDAQ,True,False
BNDS,Infrastructure Capital Bond Income ETF,ARCA,True,False
BRRR,Coinshares Bitcoin ETF Common Shares of Beneficial Interest,NASDAQ,True,False
COHX,Tradr 2X Long COHR Daily ETF,BATS,True,False
COMD,Global X Commodity Strategy ETF,BATS,True,False
CRDT,Simplify Opportunistic Income ETF,ARCA,True,False
CRUX,Columbia Core Bond ETF,ARCA,True,False
DECT,AllianzIM U.S. Equity Buffer10 Dec ETF,BATS,True,False
DECU,AllianzIM U.S. Equity Buffer15 Uncapped Dec ETF,BATS,True,False
DECW,AllianzIM U.S. Equity Buffer20 Dec ETF,BATS,True,False
EMXF,iShares Trust iShares ESG Advanced MSCI EM ETF,NASDAQ,True,False
FCLD,Fidelity Cloud Computing ETF,BATS,True,False
CHIQ,Global X MSCI China Consumer Discretionary ETF,ARCA,True,False
CHI,Calamos Convertible Opportunities and Income Fund Common Stock,NASDAQ,True,False
OILT,Texas Capital Texas Oil Index ETF,ARCA,True,False
IMSRW,Terrestrial Energy Inc. Warrant,NASDAQ,True,False
CHAU,Direxion Daily CSI 300 China A Share Bull 2X ETF,ARCA,True,False
FID,First Trust Exchange-Traded Fund VI First Trust S&P International Dividend Aristocrats ETF,NASDAQ,True,False
FSEP,FT Vest U.S. Equity Buffer ETF - September,BATS,True,False
FSEV,Fidelity Enhanced Small Cap Value ETF,ARCA,True,False
BLGR,Bluemonte Large Cap Growth ETF,ARCA,True,False
FAPR,FT Vest U.S. Equity Buffer ETF - April,BATS,True,False
BCGS,Bancreek Global Select ETF,ARCA,True,False
EQL,ALPS Equal Sector Weight ETF,ARCA,True,False
FBYY,GraniteShares ETF Trust GraniteShares YieldBOOST META ETF,NASDAQ,True,False
FDL,First Trust Morningstar Dividend Leaders Index Fund,ARCA,True,False
GMOV,GMO US Value ETF,ARCA,True,False
EIM,Eaton Vance Municipal Bond Fund,AMEX,True,False
BGIG,Bahl & Gaynor Income Growth ETF,ARCA,True,False
COZX,Tradr 2X Long CORZ Daily ETF,BATS,True,False
CZFS,"Citizens Financial Services, Inc. Common Stock",NASDAQ,True,False
FINT,Frontier Asset Total International Equity ETF,ARCA,True,False
FLJJ,AllianzIM U.S. Equity 6 Month Floor5 Jan/Jul ETF,BATS,True,False
FTBD,Fidelity Tactical Bond ETF,ARCA,True,False
EFC.PRD,Ellington Financial Inc. 7.00% Series D Cumulative Perpetual Redeemable Preferred Stock,NYSE,True,False
EFSCP,"Enterprise Financial Services Corporation Depositary Shares Each Representing a 1/40th Interest in a Share of 5% Fixed Rate Non-Cumulative Perpetual Preferred Stock, Series A",NASDAQ,True,False
EGHAR,EGH Acquisition Corp. Rights,NASDAQ,True,False
ENSC,"Ensysce Biosciences, Inc. Common Stock",NASDAQ,True,False
ENVB,"Enveric Biosciences, Inc. Common Stock",NASDAQ,True,False
EPOW,E-Power Inc. Class A Ordinary Shares,NASDAQ,True,False
ESBA,"EMPIRE STATE REALTY OP, L.P.  SERIES ES",ARCA,True,False
ESLAW,"Estrella Immunopharma, Inc. Warrant",NASDAQ,True,False
FLCH,Franklin FTSE China ETF,ARCA,True,False
DHSB,Day Hagan Smart Buffer ETF,ARCA,True,False
EPC,Edgewell Personal Care Company,NYSE,True,True
AROW,Arrow Financial Corporation Common Stock,NASDAQ,True,True
CCI,Crown Castle Inc.,NYSE,True,True
AFIX,Allspring Broad Market Core Bond ETF,ARCA,True,True
FNOV,FT Vest U.S. Equity Buffer ETF - November,BATS,True,True
FOCT,FT Vest U.S. Equity Buffer ETF - October,BATS,True,True
GIB,CGI Inc.,NYSE,True,True
AVUQ,American Century ETF Trust Avantis U.S. Quality ETF,NASDAQ,True,True
DX,"Dynex Capital, Inc.",NYSE,True,True
AZO,"AutoZone, Inc.",NYSE,True,True
BBAR,Banco BBVA Argentina S.A.,NYSE,True,True
ALV,"Autoliv, Inc.",NYSE,True,True
AVNT,Avient Corporation,NYSE,True,True
EVLVW,"Evolv Technologies Holdings, Inc. Warrant",NASDAQ,True,False
EVOX,Evolution Global Acquisition Corp Class A Ordinary Shares,NASDAQ,True,False
EVOXU,Evolution Global Acquisition Corp Units,NASDAQ,True,False
CGXU,Capital Group International Focus Equity ETF,ARCA,True,False
FGIIU,FG Imperii Acquisition Corp. Units,NASDAQ,True,False
FHN.PRE,"First Horizon Corporation Depositary Shares, Each Representing a 1/ 4000th Interest in a Share of Non-cumulative Perpetual Series E Preferred Stock",NYSE,True,False
FHN.PRF,"First Horizon Corporation Depositary Shares, each representing 1/4000th Interest in a Share of Non-Cumulative Perpetual Preferred Stock, Series F",NYSE,True,False
FHN.PRH,"First Horizon Corporation Depositary Shares each representing a 1/4,000th interest in a share of Non-Cumulative Perpetual Preferred Stock, Series H",NYSE,True,False
ENVA,"Enova International, Inc.",NYSE,True,True
AVIG,Avantis Core Fixed Income ETF,ARCA,True,True
BANC,"Banc of California, Inc.",NYSE,True,True
AESI,Atlas Energy Solutions Inc.,NYSE,True,True
BKCH,Global X Funds Global X Blockchain ETF,NASDAQ,True,True
BKH,Black Hills Corporation,NYSE,True,True
EPRT,"Essential Properties Realty Trust, Inc.",NYSE,True,True
EXK,Endeavour Silver Corp.,NYSE,True,True
EXLS,"ExlService Holdings, Inc. Common Stock",NASDAQ,True,True
EXPD,"Expeditors International of Washington, Inc.",NYSE,True,True
BOE,BlackRock Enhanced Global Dividend Trust,NYSE,True,True
CPB,The Campbell's Company Common Stock,NASDAQ,True,True
BMO,Bank of Montreal,NYSE,True,True
CGV,Conductor Global Equity Value ETF,NYSE,True,False
FIEE,"FiEE, Inc Common Stock",NASDAQ,True,False
FIGXU,FIGX Capital Acquisition Corp. Units,NASDAQ,True,False
FIGXW,FIGX Capital Acquisition Corp. Warrant,NASDAQ,True,False
FLG.PRA,"Flagstar Bank, National Association Depositary shares, each representing a 1/40th interest in a share of Fixed-to-Floating Rate Series A Noncumulative Perpetual Preferred Stock",NYSE,True,False
FLYE,"Fly-E Group, Inc. Common Stock",NASDAQ,True,False
FOXX,Foxx Development Holdings Inc. Common Stock,NASDAQ,True,False
FRT.PRC,"Federal Realty Investment Trust Depositary Shares, each representing a 1/1000th interest in a 5.000 percent Series C Cumulative Redeemable Preferred Share",NYSE,True,False
GPRO,"GoPro, Inc. Class A Common Stock",NASDAQ,True,True
EPAC,Enerpac Tool Group Corp.,NYSE,True,True
CLH,"Clean Harbors, Inc",NYSE,True,True
FLGB,Franklin FTSE United Kingdom ETF,ARCA,True,True
ACIW,"ACI Worldwide, Inc. Common Stock",NASDAQ,True,True
ACMR,"ACM Research, Inc. Class A Common Stock",NASDAQ,True,True
CABO,"Cable One, Inc.",NYSE,True,True
CBSH,"Commerce Bancshares, Inc. Common Stock",NASDAQ,True,True
CBU,"Community Financial System, Inc.",NYSE,True,True
CWAN,"Clearwater Analytics Holdings, Inc.",NYSE,True,True
CWB,State Street SPDR Bloomberg Convertible Securities ETF,ARCA,True,True
AXIA,AXIA Energia American Depositary Shares (Each representing one Common Share),NYSE,True,True
GDL,The GDL Fund,NYSE,True,False
FUSEW,Fusemachines Inc. Warrants,NASDAQ,True,False
FVAV,Fortress Value Acquisition Corp. V Class A Ordinary Shares,NASDAQ,True,False
FVN,Future Vision II Acquisition Corporation Ordinary shares,NASDAQ,True,False
FVNNR,Future Vision II Acquisition Corporation Right,NASDAQ,True,False
FVNNU,Future Vision II Acquisition Corporation Units,NASDAQ,True,False
GCDT,Green Circle Decarbonize Technology Limited,AMEX,True,False
GJR,"Synthetic Fixed Income Securities, Inc. Floating Rate Structured Repackaged Asset-Backed Trust Securities (STRATS)",NYSE,True,False
GJT,Synthetic Fixed-Income Securities STRATS 2006-3 AllState Corporation,NYSE,True,False
GLBS,Globus Maritime Limited Common Stock,NASDAQ,True,False
GLND,Greenland Energy Company Common Stock,NASDAQ,True,False
CLOU,Global X Funds Global X Cloud Computing ETF,NASDAQ,True,False
CLSE,Convergence Long/Short Equity ETF,BATS,True,False
CGHY,Capital Group High Yield Bond ETF,ARCA,True,False
FCTR,First Trust Lunt U.S. Factor Rotation ETF,BATS,True,False
CLOD,Themes ETF Trust Themes Cloud Computing ETF,NASDAQ,True,False
EWD,iShares MSCI Sweden ETF,ARCA,True,False
AAUA,Alpha Architect US Equity 3 ETF,BATS,True,False
AFSM,First Trust Active Factor Small Cap ETF,ARCA,True,False
ARCM,Arrow Reserve Capital Management ETF,BATS,True,False
CAM,AB California Intermediate Municipal ETF,ARCA,True,False
CAML,Congress Large Cap Growth ETF,ARCA,True,False
CAMP,CAMP4 Therapeutics Corporation Common Stock,NASDAQ,True,False
GLOP.PRA,GasLog Partners LP 8.625% Series A Cumulative Redeemable Perpetual Fixed to Floating Rate Preference Units,NYSE,True,False
GMHS,Gamehaus Holdings Inc. Class A Ordinary Shares,NASDAQ,True,False
GMM,Global Mofy AI Limited Class A Ordinary Shares,NASDAQ,True,False
GNL.PRB,"Global Net Lease, Inc. 6.875% Series B Cumulative Redeemable Perpetual Preferred Stock",NYSE,True,False
GNL.PRD,"Global Net Lease, Inc. 7.50% Series D Cumulative Redeemable Perpetual Preferred Stock",NYSE,True,False
GNTA,Genenta Science S.p.A. American Depositary Shares,NASDAQ,True,False
CARZ,First Trust Exchange-Traded Fund II First Trust S-Network Future Vehicles & Technology ETF,NASDAQ,True,False
CATG,Leverage Shares 2X Long CAT Daily ETF,BATS,True,False
CATH,Global X Funds Global X S&P 500 Catholic Values ETF,NASDAQ,True,False
CBAT,"CBAK Energy Technology, Inc. Common Stock",NASDAQ,True,False
EBF,"Ennis, Inc.",NYSE,True,True
CQTM,Corgi Quantum Computing ETF,BATS,True,False
DRES,GMO Domestic Resilience ETF,ARCA,True,False
EFO,ProShares Ultra MSCI EAFE,ARCA,True,False
FMHI,First Trust Exchange-Traded Fund III First Trust Municipal High Income ETF,NASDAQ,True,False
FSOL,Fidelity Solana Fund,ARCA,True,False
FTRB,Federated Hermes Total Return Bond ETF,ARCA,True,False
GAME,"GameSquare Holdings, Inc. Common Stock",NASDAQ,True,False
GDXD,MicroSectors Gold Miners -3x Inverse Leveraged ETN,ARCA,True,False
FLMB,Franklin Municipal Green Bond ETF,ARCA,True,False
COPA,Themes Copper Miners ETF,BATS,True,False
GTN.A,"Gray Media, Inc. Class A",NYSE,True,False
HKPD,"Cellyan Biotechnology Co., Ltd Class A Ordinary Shares",NASDAQ,True,False
HL.PRB,Hecla Mining Company Series B Cumulative Convertible Preferred,NYSE,True,False
HPAI,Helport AI Limited Ordinary Shares,NASDAQ,True,False
HPAIW,Helport AI Limited Warrants,NASDAQ,True,False
HYPD,"Hyperion DeFi, Inc. Common Stock",NASDAQ,True,False
IACO,Idea Acquisition Corp. Class A Ordinary Shares,NASDAQ,True,False
IACOW,Idea Acquisition Corp. Warrants,NASDAQ,True,False
INEO,INNEOVA Holdings Limited Class A Ordinary Shares,NASDAQ,True,False
INFQ.WS,"Infleqtion, Inc. Warrants, each whole warrant exercisable for one share of Common Stock at an exercise price of $11.50 per share",NYSE,True,False
GSUS,Goldman Sachs MarketBeta U.S. Equity ETF,BATS,True,False
CLOC,AAM Crescent CLO ETF,ARCA,True,False
BCSM,Baron SMID Cap ETF,NYSE,True,False
FSYD,Fidelity Sustainable High Yield ETF,ARCA,True,False
GDO,Western Asset Global Corporate Opportunity Fund Inc.,NYSE,True,False
AGIQ,SoFi Agentic AI ETF,ARCA,True,False
BMN,BlackRock 2037 Municipal Target Term Trust,NYSE,True,False
FTHB,FIS Faith Income ETF,ARCA,True,False
BCV,Bancroft Fund Ltd.,AMEX,True,False
AMZA,InfraCap MLP ETF,ARCA,True,True
DTM,"DT Midstream, Inc.",NYSE,True,True
ENR,"Energizer Holdings, Inc",NYSE,True,True
ASX,"ASE Technology Holding Co., Ltd.",NYSE,True,True
INKT,"MiNK Therapeutics, Inc. Common Stock",NASDAQ,True,False
GME.WS,GameStop Corp. Warrants to Purchase Common Stock,NYSE,True,False
KEY.PRI,"KeyCorp Depositary Shares each representing a 1/40th ownership interest in a share of Fixed-to-Floating Rate Perpetual Non-Cumulative Preferred Stock, Series E",NYSE,True,False
KEY.PRJ,"KeyCorp Depositary Shares each representing a 1/40th ownership interest in a share of Fixed Rate Perpetual Non-Cumulative Preferred Stock, Series F",NYSE,True,False
KIM.PRN,"Kimco Realty Corporation Depositary Shares, each representing 1/1,000th interest in a share of 7.25% Class N Cumulative Convertible Perpetual Preferred Stock",NYSE,True,False
MET.PRF,"MetLife, Inc. Depositary Shares, each representing a 1/1,000th interest in a share of 4.75% Non-Cumulative Preferred Stock, Series F",NYSE,True,False
MIMI,Mint Incorporation Limited Class A Ordinary Shares,NASDAQ,True,False
ABT,Abbott Laboratories,NYSE,True,True
FLOC,Flowco Holdings Inc.,NYSE,True,True
FRBA,First Bank Common Stock,NASDAQ,True,True
GEF,"Greif, Inc.",NYSE,True,True
APH,Amphenol Corporation,NYSE,True,True
CCOI,"Cogent Communications Holdings, Inc.",NASDAQ,True,True
CTVA,"Corteva, Inc. Common Stock",NYSE,True,True
FUN,Six Flags Entertainment Corporation,NYSE,True,True
CODI,Compass Diversified,NYSE,True,True
AMG,Affiliated Managers Group,NYSE,True,True
FR,"First Industrial Realty Trust, Inc.",NYSE,True,True
BETA,"Beta Technologies, Inc.",NYSE,True,True
AAPL,Apple Inc. Common Stock,NASDAQ,True,True
MITP,"TPG Mortgage Investment Trust, Inc. 9.500% Senior Notes due 2029",NYSE,True,False
MITT.PRB,"TPG Mortgage Investment Trust, Inc. 8.00% Series B Cumulative Redeemable Preferred Stock",NYSE,True,False
MLAA,Mountain Lake Acquisition Corp. II Class A Ordinary Shares,NASDAQ,True,False
MLACR,Mountain Lake Acquisition Corp. Right,NASDAQ,True,False
MSBIP,"Midland States Bancorp, Inc. Depositary Shares Each Representing a 1/40th Interest in a Share of 7.750% Fixed-Rate Reset Non-Cumulative Perpetual Preferred Stock, Series A",NASDAQ,True,False
MYSZ,"My Size, Inc. Common Stock",NASDAQ,True,False
NDRA,ENDRA Life Sciences Inc. Common Stock,NASDAQ,True,False
NE.WS,Noble Corporation plc Tranche 1 Warrants,NYSE,True,False
GEN,Gen Digital Inc. Common Stock,NASDAQ,True,True
EE,"Excelerate Energy, Inc.",NYSE,True,True
AEE,Ameren Corporation,NYSE,True,True
CVRD,Madison Covered Call ETF,ARCA,True,False
ELM,Elm Market Navigator ETF,ARCA,True,False
BSMC,Brandes U.S. Small-Mid Cap Value ETF,BATS,True,False
DVDN,Kingsbarn Dividend Opportunity ETF,ARCA,True,False
ADPV,Adaptiv Select ETF,ARCA,True,False
ACVF,American Conservative Values ETF,ARCA,True,False
CLUB,Billionaires Club ETF,ARCA,True,False
APLY,YieldMax AAPL Option Income Strategy ETF,ARCA,True,False
BEDZ,AdvisorShares Hotel ETF,ARCA,True,False
CEFZ,RiverNorth Active Income ETF,BATS,True,False
CGCB,Capital Group Core Bond ETF,ARCA,True,False
NEE.PRN,"NextEra Energy Capital Holdings, Inc. Series N Junior Subordinated Debentures due March 1, 2079",NYSE,True,False
NEE.PRU,"NextEra Energy Capital Holdings, Inc. Series U Junior Subordinated Debentures due June 1, 2085",NYSE,True,False
NTHI,"NeOnc Technologies Holdings, Inc. Common Stock",NASDAQ,True,False
ONFOW,Onfolio Holdings Inc. Warrant,NASDAQ,True,False
ONMDW,OneMedNet Corp Warrant,NASDAQ,True,False
RAC.U,"Rithm Acquisition Corp Units, each consists of one Class A Ordinary Share and one-third of one redeemable Warrant",NYSE,True,False
RAIN,"Rain Enhancement Technologies Holdco, Inc. Class A Common Stock",NASDAQ,True,False
RANG,Range Capital Acquisition Corp. Ordinary Shares,NASDAQ,True,False
CONL,GraniteShares ETF Trust GraniteShares 2x Long COIN Daily ETF,NASDAQ,True,False
DDWM,WisdomTree Dynamic International Equity Fund,BATS,True,False
DEUS,Xtrackers Russell US Multifactor ETF,ARCA,True,False
EARN,Ellington Credit Company,NYSE,True,False
EES,WisdomTree U.S. SmallCap Fund,ARCA,True,False
FFOX,FundX Future Fund Opportunities ETF,ARCA,True,False
COIA,ProShares Ultra COIN,ARCA,True,False
CURV,Torrid Holdings Inc.,NYSE,True,False
CORN,Teucrium Corn Fund,ARCA,True,False
ALRG,Allspring LT Large Core ETF,ARCA,True,False
BCHI,GMO Beyond China ETF,ARCA,True,False
GMUB,Goldman Sachs Municipal Income ETF,ARCA,True,False
AWK,"American Water Works Company, Inc",NYSE,True,True
DTE,DTE Energy Company,NYSE,True,True
RCON,"Recon Technology, Ltd. Class A Ordinary Shares",NASDAQ,True,False
RDACU,Rising Dragon Acquisition Corp. Unit,NASDAQ,True,False
RIBBU,Ribbon Acquisition Corp Unit,NASDAQ,True,False
NXGL,"NexGel, Inc Common Stock",NASDAQ,True,False
RILYG,"BRC Group Holdings, Inc. 5.00% Senior Notes due 2026",NASDAQ,True,False
SCCE,Sachem Capital Corp. 6.00% Notes due 2027,AMEX,True,False
SCCF,Sachem Capital Corp. 7.125% Notes due 2027,AMEX,True,False
SCCG,Sachem Capital Corp. 8.00% Notes due 2027,AMEX,True,False
SCE.PRG,SCE TRUST II 5.10% Trust Preference Securities,NYSE,True,False
SCE.PRL,SCE TRUST VI 5.00% Trust Preference Securities,NYSE,True,False
CI,The Cigna Group,NYSE,True,True
GCO,Genesco Inc.,NYSE,True,True
CALX,"CALIX, INC.",NYSE,True,True
BDC,Belden Inc.,NYSE,True,True
ASGI,abrdn Global Infrastructure Income Fund,NYSE,True,True
FOF,Cohen & Steers Closed End Opportunity Fund,NYSE,True,True
GLNG,Golar Lng Ltd,NASDAQ,True,True
DIVB,iShares Core Dividend ETF,BATS,True,False
CHNL,Chainlink ETF,BATS,True,False
BBHL,BBH SELECT LARGE CAP ETF,ARCA,True,False
APRB,Aptus April Buffer ETF,BATS,True,False
BAVA,Bitwise Avalanche ETF,ARCA,True,False
BUFD,FT Vest Laddered Deep Buffer ETF,BATS,True,False
GLO,Clough Global Opportunities Fund,AMEX,True,False
CGBL,Capital Group Core Balanced ETF,ARCA,True,False
SKYE,"Skye Bioscience, Inc. Common Stock",NASDAQ,True,False
SOJC,"The Southern Company Series 2017B 5.25% Junior Subordinated Notes due December 1, 2077",NYSE,True,False
SONM,"DNA X, Inc. Common Stock",NASDAQ,True,False
SORN,Soren Acquisition Corp. Class A Ordinary Shares,NASDAQ,True,False
SOTK,Sono-Tek Corporation Common Stock,NASDAQ,True,False
SUMAR,SUMA Acquisition Corporation Rights,NASDAQ,True,False
SVACU,Spring Valley Acquisition Corp. III Unit,NASDAQ,True,False
SVAQU,Silicon Valley Acquisition Corp. Units,NASDAQ,True,False
SVAQW,Silicon Valley Acquisition Corp. Warrants,NASDAQ,True,False
SVIV,Spring Valley Acquisition Corp. IV Class A Ordinary Shares,NASDAQ,True,False
SVRE,SaverOne 2014 Ltd. American Depositary Shares,NASDAQ,True,False
CRCA,ProShares Ultra CRCL,ARCA,True,False
CTEF,Castellan Targeted Equity ETF,BATS,True,False
DLUX,DoubleLine Ultrashort Income ETF,ARCA,True,False
DRSK,Aptus Defined Risk ETF,BATS,True,False
EGGY,NestYield Dynamic Income ETF,ARCA,True,False
EMSF,Matthews Emerging Markets Sustainable Future Active ETF,ARCA,True,False
FIYY,GraniteShares ETF Trust GraniteShares YieldBOOST 20Y Treasuries ETF,NASDAQ,True,False
FTC,First Trust Large Cap Growth AlphaDEX Fund,NASDAQ,True,False
GIAX,Nicholas Global Equity and Income ETF,ARCA,True,False
BDVG,IMGP Berkshire Dividend Growth ETF,ARCA,True,False
FLGR,Franklin FTSE Germany ETF,ARCA,True,False
GJUN,FT Vest U.S. Equity Moderate Buffer ETF - June,BATS,True,False
TMCWW,TMC the metals company Inc. Warrants,NASDAQ,True,False
TPTA,"Terra Property Trust, Inc. 6.00% Notes due 2026",NYSE,True,False
TPVG,TRIPLEPOINT VENTURE GROWTH BDC CORP.,NYSE,True,False
TRGS,TRG Latin America Acquisitions Corp. Class A Ordinary Shares,NASDAQ,True,False
TURB,"Turbo Energy, S.A. American Depositary Shares",NASDAQ,True,False
DESK,VanEck Office and Commercial REIT ETF,ARCA,True,False
EOI,Eaton Vance Enhanced Equity Income Fund,NYSE,True,False
BGY,BlackRock Enhanced International Dividend Trust,NYSE,True,False
FLEE,Franklin FTSE Europe ETF,ARCA,True,False
DMX,DoubleLine Multi-Sector Income ETF,ARCA,True,False
FIG,"Figma, Inc.",NYSE,True,True
EMLC,VanEck J. P. Morgan EM Local Currency Bond ETF,ARCA,True,True
AMC,"AMC ENTERTAINMENT HOLDINGS, INC.",NYSE,True,True
CGAU,Centerra Gold Inc.,NYSE,True,True
CPK,Chesapeake Utilities,NYSE,True,True
ESAB,ESAB Corporation,NYSE,True,True
GSBC,"Great Southern Bancorp, Inc. Common Stock",NASDAQ,True,True
BBVA,"Banco Bilbao Vizcaya Argentaria, S.A.",NYSE,True,True
GF,NEW GERMANY FUND Inc,NYSE,True,True
BA,Boeing Company,NYSE,True,True
BSM,"Black Stone Minerals, L.P.",NYSE,True,True
DFSV,Dimensional US Small Cap Value ETF,ARCA,True,True
DNUT,"Krispy Kreme, Inc. Common Stock",NASDAQ,True,True
BBN,BlackRock Taxable Municipal Bond Trust,NYSE,True,True
UAC.WS,"United Acquisition Corp. I Warrants, each whole warrant exercisable for one Class A ordinary share at an exercise price of $11.50",AMEX,True,False
UBXG,U-BX Technology Ltd. Class A Ordinary Shares,NASDAQ,True,False
VHCPU,Vine Hill Capital Investment Corp. II Units,NASDAQ,True,False
VHCPW,Vine Hill Capital Investment Corp. II Warrants,NASDAQ,True,False
VTIX,Virtuix Holdings Inc. Class A Common Stock,NASDAQ,True,False
FBIN,"Fortune Brands Innovations, Inc.",NYSE,True,True
AN,"AutoNation, Inc.",NYSE,True,True
ARKK,ARK Innovation ETF,BATS,True,True
GTY,Getty Realty Corp.,NYSE,True,True
DOW,Dow Inc.,NYSE,True,True
DIVN,Horizon Dividend Income ETF,BATS,True,False
BUYW,Main BuyWrite ETF,BATS,True,False
GLIN,VanEck India Growth Leaders ETF,ARCA,True,False
AMRZ,Amrize Ltd,NYSE,True,True
CB,Chubb Limited,NYSE,True,True
ETEC,iShares Trust iShares Breakthrough Environmental Solutions ETF,NASDAQ,True,False
FDM,First Trust Dow Jones Select MicroCap Index Fund,ARCA,True,False
GTND,Goaltender ETF,ARCA,True,False
DAPR,FT Vest U.S. Equity Deep Buffer ETF - April,BATS,True,False
EDGX,Global X U.S. 500 Income Edge ETF,ARCA,True,False
CANC,Tema ETF Trust Tema Oncology ETF,NASDAQ,True,False
DAMD,Defiance Daily Target 2X Short AMD ETF,ARCA,True,False
BIS,ProShares Trust ProShares UltraShort Nasdaq Biotechnology,NASDAQ,True,False
CATF,American Century California Municipal Bond ETF,ARCA,True,False
XFLH.RT,XFLH Capital Corporation Rights to receive one-seventh (1/7) of one Ordinary Share,NYSE,True,False
XFLH.U,"XFLH Capital Corporation Units, each consisting of one Ordinary Share and one Right",NYSE,True,False
CGUI,Capital Group Ultra Short Income ETF,ARCA,True,False
CGRO,CoreValues Alpha Greater China Growth ETF,ARCA,True,False
MLAC,Mountain Lake Acquisition Corp. Class A Ordinary Shares,NASDAQ,True,False
CSRE,Cohen & Steers Real Estate Active ETF,ARCA,True,False
ADVE,Matthews Asia Dividend Active ETF,ARCA,True,False
BTGO,"BitGo Holdings, Inc.",NYSE,True,False
DWMF,WisdomTree International Multifactor Fund,ARCA,True,False
FFSM,Fidelity Fundamental Small-Mid Cap ETF,BATS,True,False
FRNW,Fidelity Clean Energy ETF,BATS,True,False
FTSD,Franklin Short Duration U.S. Government ETF,ARCA,True,False
GENW,Genter Capital International Dividend ETF,ARCA,True,False
CRMU,Themes ETF Trust Leverage Shares 2x Long CRML Daily ETF,NASDAQ,True,False
EPMV,Harbor Mid Cap Value ETF,ARCA,True,False
E,ENI S.p.A.,NYSE,True,False
AFIF,Anfield Universal Fixed Income ETF,BATS,True,False
ENLV,Enlivex Ltd. Ordinary Shares,NASDAQ,True,False
FLCB,Franklin U.S. Core Bond ETF,ARCA,True,False
BIT,BLACKROCK MULTI-SECTOR INCOME TRUST,NYSE,True,False
CRDX,2x Cardano ETF,BATS,True,False
CANG,Cango Inc.,NYSE,True,False
AXTX,Tradr 2X Long AXTI Daily ETF,BATS,True,False
ADT,ADT Inc.,NYSE,True,True
GDS,GDS Holdings Limited ADS,NASDAQ,True,True
ABUS,Arbutus Biopharma Corporation Common Stock,NASDAQ,True,True
ALLY,Ally Financial Inc.,NYSE,True,True
CBZ,"CBIZ, Inc.",NYSE,True,True
ATKR,Atkore Inc.,NYSE,True,True
CMI,Cummins Inc.,NYSE,True,True
DOCS,"Doximity, Inc.",NYSE,True,True
EIG,"Employers Holdings, Inc.",NYSE,True,True
GPN,"Global Payments, Inc.",NYSE,True,True
CUBE,CubeSmart,NYSE,True,True
ACA,"Arcosa, Inc. Common Stock",NYSE,True,True
AVB,"AvalonBay Communities, Inc.",NYSE,True,True
BW,"Babcock & Wilcox Enterprises, Inc.",NYSE,True,True
ESTC,Elastic N.V.,NYSE,True,True
EWC,iShares MSCI Canada ETF,ARCA,True,True
AXS,Axis Capital Holders Limited,NYSE,True,True
AVGO,Broadcom Inc. Common Stock,NASDAQ,True,True
ALRS,Alerus Financial Corporation Common Stock,NASDAQ,True,True
AX,"Axos Financial, Inc. Common Stock",NYSE,True,True
DEO,Diageo plc,NYSE,True,True
BAMA,Brookstone Active ETF,BATS,True,False
CAE,CAE INC,NYSE,True,True
EG,"Everest Group, Ltd.",NYSE,True,True
CARU,MAX Auto Industry 3x Leveraged ETN,ARCA,True,False
KFY,Korn Ferry,NYSE,True,True
OI,"O-I Glass, Inc.",NYSE,True,True
NITE,The Nightview Fund,ARCA,True,False
KNOW,Fundamentals First ETF,BATS,True,False
MUA,"Blackrock Muni Assets Fund, Inc.",NYSE,True,False
NBSM,Neuberger Small-Mid Cap ETF,ARCA,True,False
NIM,Nuveen Select Maturities Municipal Fund,NYSE,True,False
MAIA,"MAIA Biotechnology, Inc.",AMEX,True,False
NEXA,Nexa Resources S.A. Common Shares,NYSE,True,False
ISMF,iShares Managed Futures Active ETF,BATS,True,False
NMI,Nuveen Municipal Income,NYSE,True,False
PGZ,PRINCIPAL REAL ESTATE INCOME FUND,NYSE,True,False
QUIZ,Zacks Quality International ETF,ARCA,True,False
MKAM,EA Series Trust MKAM ETF,NASDAQ,True,False
IQHI,NYLI MacKay High Income ETF,ARCA,True,False
ITDB,iShares LifePath Target Date 2030 ETF,ARCA,True,False
NIHI,NEOS MSCI EAFE High Income ETF,BATS,True,False
NJNK,Columbia U.S. High Yield ETF,ARCA,True,False
SCEC,Sterling Capital Enhanced Core Bond ETF,BATS,True,False
SBAR,Simplify Barrier Income ETF,ARCA,True,False
PBUS,Invesco MSCI USA ETF,BATS,True,False
PTL,Inspire 500 ETF,ARCA,True,False
JDST,Direxion Daily Junior Gold Miners Index Bear 2X ETF,ARCA,True,False
JETD,MAX Airlines -3x Inverse Leveraged ETN,ARCA,True,False
JGLO,J.P. Morgan Exchange-Traded Fund Trust JPMorgan Global Select Equity ETF,NASDAQ,True,False
JGRW,Jensen Quality Growth ETF,ARCA,True,False
JHAI,Janus Detroit Street Trust Janus Henderson Global Artificial Intelligence ETF,NASDAQ,True,False
JHCB,John Hancock Corporate Bond ETF,ARCA,True,False
JHCP,John Hancock Core Plus Bond ETF,ARCA,True,False
JHCR,John Hancock Core Bond ETF,ARCA,True,False
JHDG,John Hancock Hedged Equity ETF,ARCA,True,False
JHDV,John Hancock U.S. High Dividend ETF,ARCA,True,False
JHSC,John Hancock Multifactor Small Cap ETF,ARCA,True,False
JIDE,JPMorgan International Dynamic ETF,ARCA,True,False
JIG,JPMorgan International Growth ETF,ARCA,True,False
JIVE,J.P. Morgan Exchange-Traded Fund Trust JPMorgan International Value ETF,NASDAQ,True,False
JSCP,JPMorgan Short Duration Core Plus ETF,ARCA,True,False
JUDB,Aptus July Deep Buffer ETF,BATS,True,False
JULB,Aptus July Buffer ETF,BATS,True,False
JULH,Innovator Premium Income 20 Barrier ETF - July,BATS,True,False
JULJ,Innovator Premium Income 30 Barrier ETF - July,BATS,True,False
JULM,FT Vest U.S. Equity Max Buffer ETF - July,BATS,True,False
JULP,PGIM S&P 500 Buffer 12 ETF - July,BATS,True,False
JULT,AllianzIM U.S. Equity Buffer10 Jul ETF,BATS,True,False
JULU,AllianzIM U.S. Equity Buffer15 Uncapped Jul ETF,BATS,True,False
JULW,AllianzIM U.S. Equity Buffer20 Jul ETF,BATS,True,False
JULZ,TrueShares Structured Outcome (July) ETF,BATS,True,False
KARS,KraneShares Electric Vehicles and Future Mobility Index ETF,ARCA,True,False
KAT,Advisors Series Trust Scharf ETF,NASDAQ,True,False
KAUG,Innovator US Small Cap Power Buffer ETF - August,BATS,True,False
KC,Kingsoft Cloud Holdings Limited American Depositary Shares,NASDAQ,True,False
KDK,"Kodiak AI, Inc. Common Stock",NASDAQ,True,False
KDRN,Kingsbarn Tactical Bond ETF,ARCA,True,False
KEEX,Defiance Daily Target 2x Long KEEL ETF,BATS,True,False
KEMQ,KraneShares Emerging Markets Consumer Technology Index ETF,ARCA,True,False
KHYB,KraneShares Asia Pacific High Income USD Bond ETF,ARCA,True,False
KNCT,Invesco Next Gen Connectivity ETF,ARCA,True,False
KNDI,"Kandi Technologies Group, Inc. Ordinary Shares",NASDAQ,True,False
KNG,FT Vest S&P 500 Dividend Aristocrats Target Income ETF,BATS,True,False
KOCT,Innovator U.S. Small Cap Power Buffer ETF - October,BATS,True,False
KORP,American Century Diversified Corporate Bond ETF,ARCA,True,False
KYIV,Kyivstar Group Ltd. Common Shares,NASDAQ,True,False
LABD,Direxion Daily S&P Biotech Bear 3X ETF,ARCA,True,False
LABU,Direxion Daily S&P Biotech Bull 3X ETF,ARCA,True,False
LACG,Themes ETF Trust Leverage Shares 2X Long LAC Daily ETF,NASDAQ,True,False
LAES,SEALSQ Corp Ordinary Shares,NASDAQ,True,False
LAPR,Innovator Premium Income 15 Buffer ETF - April,BATS,True,False
LATR,Corgi Buy Now Pay Later ETF,BATS,True,False
LBAY,Leatherback Long/Short Alternative Yield ETF,ARCA,True,False
LBO,WHITEWOLF Publicly Listed Private Equity ETF,BATS,True,False
LCAP,Principal Capital Appreciation Select ETF,BATS,True,False
LCDL,GraniteShares ETF Trust GraniteShares 2x Long LCID Daily ETF,NASDAQ,True,False
LCID,"Lucid Group, Inc. Common Stock",NASDAQ,True,False
ATRA,"Atara Biotherapeutics, Inc. Common Stock",NASDAQ,True,False
MBNKO,"Medallion Bank Fixed-Rate Reset Non-Cumulative Perpetual Preferred Stock, Series G, par value $1.00 per share",NASDAQ,True,False
NSA.PRA,National Storage Affiliates Trust 6.000 Percent Series A Cumulative Redeemable Preferred Shares of Beneficial Interest (Liquidation Preference $25.00 per share),NYSE,True,False
NXTC,"NextCure, Inc. Common Stock",NASDAQ,True,False
SCPQ,Social Commerce Partners Corporation Class A Ordinary Shares,NASDAQ,True,False
PAVM,PAVmed Inc. Common Stock,NASDAQ,True,False
LCO,LOGIQ Contrarian Opportunities ETF,ARCA,True,False
LCOW,Pacer S&P 500 Quality FCF Aristocrats ETF,BATS,True,False
LCTU,iShares U.S. Carbon Transition Readiness Aware Active ETF,ARCA,True,False
LST,Leuthold Select Industries ETF,ARCA,True,False
LSVD,LSV Disciplined Value ETF,ARCA,True,False
LTCC,Canary Litecoin ETF Shares of Beneficial Interest,NASDAQ,True,False
LTL,ProShares Ultra Communication Services,ARCA,True,False
LZMH,LZ Technology Holdings Limited Class B Ordinary Shares,NASDAQ,True,False
MAUG,Pacer Swan SOS Moderate (August) ETF,BATS,True,False
MAXJ,iShares Large Cap Max Buffer Jun ETF,BATS,True,False
MAYC,Corgi U.S. Equities 10% Structured Buffer ETF - May Series,BATS,True,False
MAYM,FT Vest U.S. Equity Max Buffer ETF - May,BATS,True,False
MAYU,AllianzIM U.S. Equity Buffer15 Uncapped May ETF,BATS,True,False
MAYZ,TrueShares Structured Outcome (May) ETF,BATS,True,False
MBBA,iShares Mortgage-Backed Securities Active ETF,BATS,True,False
PDYN,Palladyne AI Corp. Common Stock,NASDAQ,True,False
PDYNW,Palladyne AI Corp Warrants,NASDAQ,True,False
PLMKU,Plum Acquisition Corp. IV Unit,NASDAQ,True,False
QUMS,Quantumsphere Acquisition Corp. Ordinary Shares,NASDAQ,True,False
QUMSR,Quantumsphere Acquisition Corp. Rights,NASDAQ,True,False
RAINW,"Rain Enhancement Technologies Holdco, Inc. Warrants",NASDAQ,True,False
RITM.PRC,Rithm Capital Corp. 6.375% Series C Fixed-to-Floating Rate Cumulative Redeemable Preferred Stock,NYSE,True,False
RNGT,Range Capital Acquisition Corp II Class A Ordinary Shares,NASDAQ,True,False
MBSX,Regan Fixed Rate MBS ETF,ARCA,True,False
MCOW,Pacer S&P MidCap 400 Quality FCF Aristocrats ETF,BATS,True,False
MDIV,First Trust Exchange-Traded Fund VI Multi-Asset Diversified Income Index Fund,NASDAQ,True,False
MEDX,Listed Funds Trust Horizon Kinetics Medical ETF,NASDAQ,True,False
MEGI,NYLI CBRE Global Infrastructure Megatrends Term Fund,NYSE,True,False
MEMX,Matthews Emerging Markets ex China Active ETF,ARCA,True,False
MERC,Mercer International Inc. Common Stock,NASDAQ,True,False
METD,Direxion Shares ETF Trust Direxion Daily META Bear 1X ETF,NASDAQ,True,False
METU,Direxion Shares ETF Trust Direxion Daily META Bull 2X ETF,NASDAQ,True,False
MEXX,Direxion Daily MSCI Mexico Bull 3X ETF,ARCA,True,False
MFEB,Pacer Swan SOS Moderate (February) ETF,BATS,True,False
MFEM,PIMCO RAFI Dynamic Multi-Factor Emerging Markets Equity ETF,ARCA,True,False
MFIG,"The RBB Fund, Inc. Motley Fool Innovative Growth ETF",NASDAQ,True,False
HLLY.WS,"Holley Inc. Redeemable Warrants, each whole warrant exercisable for one share of Common Stock at an exercise price of $11.50",NYSE,True,False
CGMU,Capital Group Municipal Income ETF,ARCA,True,False
MFUS,PIMCO RAFI Dynamic Multi-Factor U.S. Equity ETF,ARCA,True,False
MFUT,Cambria Chesapeake Pure Trend ETF,BATS,True,False
LCR,Leuthold Core ETF,ARCA,True,False
MFVL,"The RBB Fund, Inc. Motley Fool Value Factor ETF",NASDAQ,True,False
MGF,MFS Government Markets Income Trust Common Shares of Beneficial Interest,NYSE,True,False
MGNR,American Beacon GLG Natural Resources ETF,ARCA,True,False
MGOV,First Trust Intermediate Government Opportunities ETF,ARCA,True,False
MHF,"Western Asset Municipal High Income Fund, Inc",NYSE,True,False
MHIG,Milliman Healthcare Inflation Guard ETF,ARCA,True,False
MHIP,Milliman Healthcare Inflation Plus ETF,ARCA,True,False
MID,American Century Mid Cap Growth Impact ETF,ARCA,True,False
MINE,Mayfair Gold Corp.,AMEX,True,False
MINY,YieldMax Strategic Metals & Mining Portfolio Option Income ETF,ARCA,True,False
MLDR,Global X Intermediate-Term Treasury Ladder ETF,ARCA,True,False
MLPR,ETRACS Quarterly Pay 1.5X Leveraged Alerian MLP Index ETN,ARCA,True,False
MMSD,NYLI MacKay Muni Short Duration ETF,ARCA,True,False
MMU,"Western Asset Managed Municipals Fund, Inc",NYSE,True,False
MNA,NYLI Merger Arbitrage ETF,ARCA,True,False
MNBD,ALPS BBH Intermediate Municipal Bond ETF,ARCA,True,False
MNSO,"MINISO Group Holding Limited American Depositary Shares, each representing four Ordinary Shares",NYSE,True,False
CGMM,Capital Group U.S. Small and Mid Cap ETF,ARCA,True,False
CGIB,Capital Group International Bond ETF (USD-Hedged),ARCA,True,False
CGHM,Capital Group Municipal High-Income ETF,ARCA,True,False
CGGE,Capital Group Global Equity ETF,ARCA,True,False
CGCV,Capital Group Conservative Equity ETF,ARCA,True,False
MSFL,GraniteShares ETF Trust GraniteShares 2x Long MSFT Daily ETF,NASDAQ,True,False
MUD,Direxion Shares ETF Trust Direxion Daily MU Bear 1X ETF,NASDAQ,True,False
MUJ,"BLACKROCK MUNIHOLDINGS NEW JERSEY QUALITY FUND, INC.",NYSE,True,False
MUU,Direxion Shares ETF Trust Direxion Daily MU Bull 2X ETF,NASDAQ,True,False
MUYY,GraniteShares ETF Trust GraniteShares YieldBOOST MU ETF,NASDAQ,True,False
MVAL,VanEck Morningstar Wide Moat Value ETF,BATS,True,False
MVFD,Monarch Volume Factor Dividend Tree Index ETF,BATS,True,False
MVIS,"MicroVision, Inc. Common Stock",NASDAQ,True,False
MWC,"Micware Co., Ltd. American Depositary Shares",NASDAQ,True,False
MXE,"The Mexico Equity and Income Fund, Inc.",NYSE,True,False
MYCF,SSGA Active Trust State Street My2026 Corporate Bond ETF,NASDAQ,True,False
MYCG,SSGA Active Trust State Street My2027 Corporate Bond ETF,NASDAQ,True,False
MYCH,SSGA Active Trust State Street My2028 Corporate Bond ETF,NASDAQ,True,False
MYCI,SSGA Active Trust State Street My2029 Corporate Bond ETF,NASDAQ,True,False
CGCP,Capital Group Core Plus Income ETF,ARCA,True,False
MYCJ,SSGA Active Trust State Street My2030 Corporate Bond ETF,NASDAQ,True,False
MYCK,SSGA Active Trust State Street My2031 Corporate Bond ETF,NASDAQ,True,False
MYCL,SSGA Active Trust State Street My2032 Corporate Bond ETF,NASDAQ,True,False
MYCM,SSGA Active Trust State Street My2033 Corporate Bond ETF,NASDAQ,True,False
MYCN,SSGA Active Trust State Street My2034 Corporate Bond ETF,NASDAQ,True,False
MYCO,SSGA Active Trust State Street My2035 Corporate Bond ETF,NASDAQ,True,False
MYHB,SSGA Active Trust State Street My2028 High Yield Corporate Bond ETF,NASDAQ,True,False
MYHC,SSGA Active Trust State Street My2029 High Yield Corporate Bond ETF,NASDAQ,True,False
MYHD,SSGA Active Trust State Street My2030 High Yield Corporate Bond ETF,NASDAQ,True,False
MYHE,SSGA Active Trust State Street My2031 High Yield Corporate Bond ETF,NASDAQ,True,False
MYLD,Cambria Micro and SmallCap Shareholder Yield ETF,BATS,True,False
MYMF,SSGA Active Trust State Street My2026 Municipal Bond ETF,NASDAQ,True,False
NAC,Nuveen California Quality Municipal Income Fund,NYSE,True,False
NACP,Impact Shares NAACP Minority Empowerment ETF,ARCA,True,False
NBET,Neuberger Energy Transition & Infrastructure ETF,ARCA,True,False
NBFR,Innovator Nasdaq-100 Managed 10 Buffer ETF,ARCA,True,False
NBIE,Neuberger International Core Equity ETF,ARCA,True,False
NBIG,Themes ETF Trust Leverage Shares 2X Long NBIS Daily ETF,NASDAQ,True,False
NBIL,GraniteShares ETF Trust GraniteShares 2x Long NBIS Daily ETF,NASDAQ,True,False
NCIQ,Hashdex Nasdaq CME Crypto Index ETF Shares of Beneficial Interest,NASDAQ,True,False
CGC,Canopy Growth Corporation Common Shares,NASDAQ,True,False
NCV,Virtus Convertible & Income Fund,NYSE,True,False
NCZ,Virtus Convertible & Income Fund II,NYSE,True,False
NEMD,Neuberger Emerging Markets Debt Hard Currency ETF,ARCA,True,False
NEMG,Themes ETF Trust Leverage Shares 2x Long NEM Daily ETF,NASDAQ,True,False
NETG,Themes ETF Trust Leverage Shares 2X Long NET Daily ETF,NASDAQ,True,False
NETL,Colterpoint Net Lease Real Estate ETF,ARCA,True,False
NFLP,Kurv Yield Premium Strategy Netflix (NFLX) ETF,BATS,True,False
NOEQ,Northern Trust US Equity ETF,ARCA,True,False
NFLT,Virtus Newfleet Multi-Sector Bond ETF,ARCA,True,False
NFRX,The 2023 ETF Series Trust Harrison Street Infrastructure Active ETF,NASDAQ,True,False
NFXL,Direxion Shares ETF Trust Direxion Daily NFLX Bull 2X ETF,NASDAQ,True,False
NFXS,Direxion Shares ETF Trust Direxion Daily NFLX Bear 1X ETF,NASDAQ,True,False
NGHT,Tidal Trust II Nicholas Bitcoin and Treasuries AfterDark ETF,NASDAQ,True,False
NHP,"National Healthcare Properties, Inc. Class A Common Stock",NASDAQ,True,False
NHYM,Nuveen High Yield Municipal Income ETF,ARCA,True,False
NIE,Virtus Equity & Convertible Income Fund,NYSE,True,False
NIOG,Themes ETF Trust Leverage Shares 2X Long NIO Daily ETF,NASDAQ,True,False
NISM,NYLI International Small-Mid Cap Equity ETF,ARCA,True,False
NIXT,EA Series Trust Research Affiliates Deletions ETF,NASDAQ,True,False
NJAN,Innovator Growth-100 Power Buffer ETF - January,BATS,True,False
CGBD,"Carlyle Secured Lending, Inc. Common Stock",NASDAQ,True,False
CFO,VictoryShares US 500 Enhanced Volatility Wtd ETF,NASDAQ,True,False
CFA,VictoryShares US 500 Volatility Wtd ETF,NASDAQ,True,False
CEW,WisdomTree  Emerging Currency Strategy Fund,ARCA,True,False
SATLW,Satellogic Inc. Warrant,NASDAQ,True,False
BACCU,Blue Acquisition Corp. Unit,NASDAQ,True,False
BCHT,Birchtech Corp.,AMEX,True,False
CETX,Cemtrex Inc. Common Stock,NASDAQ,True,False
CFTR.PRA,"Cantor Fitzgerald Income Trust, Inc. 9.50% Series A Cumulative Redeemable Preferred Stock",NYSE,True,False
DEVS,DevvStream Corp. Common Stock,NASDAQ,True,False
NML,Neuberger Energy Infrastructure and Income Fund Inc.,AMEX,True,False
NMZ,Nuveen Municipal High Income Opportunity Fund,NYSE,True,False
NNE,Nano Nuclear Energy Inc. Common Stock,NASDAQ,True,False
NNNN,Anbio Biotechnology Class A Ordinary Shares,NASDAQ,True,False
NNOV,Innovator Growth-100 Power Buffer ETF - November,BATS,True,False
NOCT,Innovator Growth-100 Power Buffer ETF- October,BATS,True,False
NORW,Global X MSCI Norway ETF,ARCA,True,False
NOVM,FT Vest U.S. Equity Max Buffer ETF - November,BATS,True,False
NOVP,PGIM S&P 500 Buffer 12 ETF - November,BATS,True,False
NOVZ,TrueShares Structured Outcome (November) ETF,BATS,True,False
NYYY,xETFs NVDA Daily Income ETF,ARCA,True,False
NOWL,GraniteShares ETF Trust GraniteShares 2x Long NOW Daily ETF,NASDAQ,True,False
FLG.PRU,"Flagstar Bank, National Association Bifurcated Option Note Unit SecuritiES",NYSE,True,False
GPATW,GP-Act III Acquisition Corp. Warrants,NASDAQ,True,False
IH,"iHuman Inc. American depositary shares, each representing five Class A ordinary shares",NYSE,True,False
INBKZ,First Internet Bancorp 6.0% Fixed-to-Floating Rate Subordinated Notes Due 2029,NASDAQ,True,False
KFII,K&F Growth Acquisition Corp. II Class A Ordinary shares,NASDAQ,True,False
KFIIU,K&F Growth Acquisition Corp. II Unit,NASDAQ,True,False
LAFAU,LaFayette Acquisition Corp. Unit,NASDAQ,True,False
LKSPU,Lake Superior Acquisition Corp. Units,NASDAQ,True,False
MCGAW,Yorkville Acquisition Corp. Warrant,NASDAQ,True,False
NUAI,"New Era Energy & Digital, Inc. Common Stock",NASDAQ,True,False
NUEM,Nuveen ESG Emerging Markets Equity ETF,BATS,True,False
NUG,Themes ETF Trust Leverage Shares 2X Long NU Daily ETF,NASDAQ,True,False
NUGY,GraniteShares ETF Trust GraniteShares YieldBOOST Gold Miners ETF,NASDAQ,True,False
NUHY,Nuveen ESG High Yield Corporate Bond ETF,ARCA,True,False
NUW,Nuveen AMT-Free Municipal Value Fund,NYSE,True,False
NVBT,AllianzIM U.S. Equity Buffer10 Nov ETF,BATS,True,False
NVYY,GraniteShares ETF Trust GraniteShares YieldBOOST NVDA ETF,NASDAQ,True,False
NXXT,"NextNRG, Inc. Common Stock",NASDAQ,True,False
NYF,iShares New York Muni Bond ETF,ARCA,True,False
NYM,AB New York Intermediate Municipal ETF,ARCA,True,False
NZAC,SPDR Index Shares Fund State Street SPDR MSCI ACWI Climate Paris Aligned ETF,NASDAQ,True,False
MYXXU,Maywood Acquisition Corp. 2 Units,NASDAQ,True,False
MYXXW,Maywood Acquisition Corp. 2 Warrants,NASDAQ,True,False
NSYS,Nortech Systems Incorporated Common Stock,NASDAQ,True,False
NXGLW,"NexGel, Inc Warrant",NASDAQ,True,False
OCCIN,"OFS Credit Company, Inc. 5.25% Series E Term Preferred Stock Due 2026",NASDAQ,True,False
OCSAW,Oculis Holding AG Warrants,NASDAQ,True,False
ORIQU,Origin Investment Corp I Units,NASDAQ,True,False
OXSQG,Oxford Square Capital Corp. 5.50% Notes due 2028,NASDAQ,True,False
PAII,Pyrophyte Acquisition Corp. II,NYSE,True,False
RMTI,"Rockwell Medical, Inc. Common Stock",NASDAQ,True,False
OCCI,"OFS Credit Company, Inc. Common Stock",NASDAQ,True,False
OCDB,Aptus October Deep Buffer ETF,BATS,True,False
OPTU,"Optimum Communications, Inc.",NYSE,True,False
OPTZ,Advisor Managed Portfolios Optimize Strategy Index ETF,NASDAQ,True,False
ORBS,Eightco Holdings Inc. Common Stock,NASDAQ,True,False
ORBX,Global X Funds Global X Space Tech ETF,NASDAQ,True,False
ORKA,"Oruka Therapeutics, Inc. Common Stock",NASDAQ,True,False
ORLG,Themes ETF Trust Leverage Shares 2X Long ORLY Daily ETF,NASDAQ,True,False
OXSQ,Oxford Square Capital Corp. Common Stock,NASDAQ,True,False
PALC,Pacer Lunt Large Cap Multi-Factor Alternator ETF,ARCA,True,False
PALD,Direxion Shares ETF Trust Direxion Daily PANW Bear 1X ETF,NASDAQ,True,False
PALU,Direxion Shares ETF Trust Direxion Daily PANW Bull 2X ETF,NASDAQ,True,False
FGIIW,FG Imperii Acquisition Corp. Warrants,NASDAQ,True,False
PAMC,Pacer Lunt MidCap Multi-Factor Alternator ETF,ARCA,True,False
PANG,Themes ETF Trust Leverage Shares 2X Long PANW Daily ETF,NASDAQ,True,False
PATN,Pacer Funds Trust Pacer Nasdaq International Patent Leaders ETF,NASDAQ,True,False
PAYM,TrueShares S&P Autocallable Defensive Income ETF,BATS,True,False
PAYP,PayPay Corporation American Depository Shares,NASDAQ,True,False
PAYR,Federated Hermes Enhanced Income ETF,BATS,True,False
PAYS,"Paysign, Inc. Common Stock",NASDAQ,True,False
PBAP,PGIM S&P 500 Buffer 20 ETF - April,BATS,True,False
PBEU,Tidal Trust IV Portfolio Building Block European Banks Index ETF,NASDAQ,True,False
PBFB,PGIM S&P 500 Buffer 20 ETF - February,BATS,True,False
PBJL,PGIM S&P 500 Buffer 20 ETF - July,BATS,True,False
PBOC,PGIM S&P 500 Buffer 20 ETF - October,BATS,True,False
PBOG,Tidal Trust IV Portfolio Building Block Integrated Oil and Gas and Exploration and Production Index ETF,NASDAQ,True,False
PBRG,Themes ETF Trust Leverage Shares 2X Long PBR Daily ETF,NASDAQ,True,False
PBTP,Invesco 0-5 Yr US TIPS ETF,BATS,True,False
PCCE,Polen Capital China Growth ETF,ARCA,True,False
PCEB,Polen Euro High Yield Bond ETF,ARCA,True,False
PCI,PGIM Corporate Bond 5-10 Year ETF,BATS,True,False
PCLC,Polen 5Perspectives Large Growth ETF,ARCA,True,False
PCPI,PIMCO ETF Trust PIMCO Inflation PLUS Active Exchange-Traded Fund,NASDAQ,True,False
PCR,Simplify VettaFi Private Credit Strategy ETF,ARCA,True,False
CERY,State Street SPDR Bloomberg Enhanced Roll Yield Commodity Strategy No K-1 ETF,ARCA,True,False
CEPI,ETF Opportunities Trust REX Crypto Equity Premium Income ETF,NASDAQ,True,False
UNVGY,UNIVERSAL MUSIC GROUP NV American Depositary Receipts - Unsponsored,OTC,True,False
CEMB,iShares J.P. Morgan EM Corporate Bond ETF,BATS,True,False
CEGX,Tradr 2X Long CEG Daily ETF,BATS,True,False
CEFD,ETRACS Monthly Pay 1.5X Leveraged Closed-End Fund Index ETN,ARCA,True,False
PBNV,PGIM S&P 500 Buffer 20 ETF - November,BATS,True,False
PDP,Invesco Exchange-Traded Fund Trust Invesco Dorsey Wright Momentum ETF,NASDAQ,True,False
PEPS,Morgan Stanley ETF Trust Parametric Equity Plus ETF,NASDAQ,True,False
PLGI,PL Growth and Income ETF,BATS,True,False
PEX,ProShares Global Listed Private Equity ETF,BATS,True,False
PEZ,Invesco Exchange-Traded Fund Trust Invesco Dorsey Wright Consumer Cyclicals Momentum ETF,NASDAQ,True,False
PFD,Flaherty & Crumrine Preferred and Income Fund Incorporated,NYSE,True,False
PFDE,The RBB Fund Trust Pathfinder Disciplined US Equity ETF,NASDAQ,True,False
PFI,Invesco Exchange-Traded Fund Trust Invesco Dorsey Wright Financial Momentum ETF,NASDAQ,True,False
PIPE,Invesco SteelPath MLP & Energy Infrastructure ETF,BATS,True,False
PIT,VanEck Commodity Strategy ETF,BATS,True,False
PIZ,Invesco Exchange-Traded Fund Trust II Invesco Dorsey Wright Developed Markets Momentum ETF,NASDAQ,True,False
PJBF,PGIM Jennison Better Future ETF,BATS,True,False
PJFG,PGIM Jennison Focused Growth ETF,ARCA,True,False
PKB,Invesco Building & Construction ETF,ARCA,True,False
SES.WS,"SES AI Corporation Warrants, each whole warrant exercisable for one share of Class A Common Stock at an exercise price of $11.50 per share",NYSE,True,False
PLA,GraniteShares ETF Trust GraniteShares Autocallable PLTR ETF,NASDAQ,True,False
PLTZ,Tidal Trust II Defiance Daily Target 2x Short PLTR ETF,NASDAQ,True,False
PMAU,PGIM S&P 500 Max Buffer ETF - August,BATS,True,False
PMAY,Innovator U.S. Equity Power Buffer ETF - May,BATS,True,False
PMBS,PIMCO ETF Trust PIMCO Mortgage-Backed Securities Active Exchange-Traded Fund,NASDAQ,True,False
PMFB,PGIM S&P 500 Max Buffer ETF - February,BATS,True,False
PMIO,PGIM Municipal Income Opportunities ETF,ARCA,True,False
PMMY,PGIM S&P 500 Max Buffer ETF - May,BATS,True,False
PMNV,PGIM S&P 500 Max Buffer ETF - November,BATS,True,False
PMOC,PGIM S&P 500 Max Buffer ETF - October,BATS,True,False
PQAP,PGIM Rock ETF Trust PGIM Nasdaq-100 Buffer 12 ETF - April,NASDAQ,True,False
PQDI,Principal Spectrum Preferred and Income ETF,ARCA,True,False
PQNT,Pictet AI Enhanced International Equity ETF,ARCA,True,False
PQOC,PGIM Rock ETF Trust PGIM Nasdaq-100 Buffer 12 ETF - October,NASDAQ,True,False
PRAB,State Street IG Public & Private ABS ETF,ARCA,True,False
PRAE,PlanRock Alternative Growth ETF,ARCA,True,False
PRF,Invesco RAFI US 1000 ETF,ARCA,True,False
PRFD,PIMCO Preferred and Capital Securities Active Exchange-Traded Fund,ARCA,True,False
PRMR,Northern Lights Fund Trust II PeakShares RMR Prime Equity ETF,NASDAQ,True,False
PRN,Invesco Exchange-Traded Fund Trust Invesco Dorsey Wright Industrials Momentum ETF,NASDAQ,True,False
PROK,ProKidney Corp. Class A Ordinary Shares,NASDAQ,True,False
PROP,Prairie Operating Co. Common Stock,NASDAQ,True,False
PRXG,Praxis Impact Large Cap Growth ETF,ARCA,True,False
PRXV,Praxis Impact Large Cap Value ETF,ARCA,True,False
PSC,Principal Exchange-Traded Funds Principal U.S. Small-Cap ETF,NASDAQ,True,False
PSCC,Invesco Exchange-Traded Fund Trust II Invesco S&P SmallCap Consumer Staples ETF,NASDAQ,True,False
PSCD,Invesco Exchange-Traded Fund Trust II Invesco S&P SmallCap Consumer Discretionary ETF,NASDAQ,True,False
PSCE,Invesco Exchange-Traded Fund Trust II Invesco S&P SmallCap Energy ETF,NASDAQ,True,False
PSCH,Invesco Exchange-Traded Fund Trust II Invesco S&P SmallCap Health Care ETF,NASDAQ,True,False
PSCI,Invesco Exchange-Traded Fund Trust II Invesco S&P SmallCap Industrials ETF,NASDAQ,True,False
PSCM,Invesco Exchange-Traded Fund Trust II Invesco S&P SmallCap Materials ETF,NASDAQ,True,False
PSCU,Invesco Exchange-Traded Fund Trust II Invesco S&P SmallCap Utilities & Communication Services ETF,NASDAQ,True,False
PSCW,Pacer Swan SOS Conservative (April) ETF,BATS,True,False
PSIL,AdvisorShares Psychedelics ETF,ARCA,True,False
PSL,Invesco Exchange-Traded Fund Trust Invesco Dorsey Wright Consumer Staples Momentum ETF,NASDAQ,True,False
PSMR,Pacer Swan SOS Moderate (April) ETF,BATS,True,False
PSNY,Polestar Automotive Holding UK PLC Class A ADS,NASDAQ,True,False
PSQH,"PSQ Holdings, Inc.",NYSE,True,False
PSQO,Palmer Square Credit Opportunities ETF,ARCA,True,False
PSR,Invesco Active U.S. Real Estate Fund,ARCA,True,False
PST,ProShares Trust UltraShort Lehman 7-10 Year Treasury,ARCA,True,False
PSTP,Innovator Power Buffer Step-Up Strategy ETF,ARCA,True,False
PSTR,Northern Lights Fund Trust II PeakShares Sector Rotation ETF,NASDAQ,True,False
PSWD,DBX ETF Trust Xtrackers Cybersecurity Select Equity ETF,NASDAQ,True,False
PTA,Cohen & Steers Tax-Advantaged Preferred Securities and Income Fund,NYSE,True,False
PTF,Invesco Exchange-Traded Fund Trust Invesco Dorsey Wright Technology Momentum ETF,NASDAQ,True,False
PTH,Invesco Exchange-Traded Fund Trust Invesco Dorsey Wright Healthcare Momentum ETF,NASDAQ,True,False
PTMC,Pacer Trendpilot US Mid Cap ETF,BATS,True,False
PTNT,Corgi IP Licensing & Royalties ETF,BATS,True,False
PUSH,PGIM Ultra Short Municipal Bond ETF,ARCA,True,False
PVAL,Putnam Focused Large Cap Value ETF,ARCA,True,False
PWS,Pacer WealthShield ETF,BATS,True,False
PXI,Invesco Exchange-Traded Fund Trust Invesco Dorsey Wright Energy Momentum ETF,NASDAQ,True,False
PXJ,Invesco Oil & Gas Services ETF,ARCA,True,False
PY,Principal Exchange-Traded Funds Principal Value ETF,NASDAQ,True,False
PYPU,Direxion Daily PYPL Bull 2X ETF,ARCA,True,False
PYPY,YieldMax PYPL Option Income Strategy ETF,ARCA,True,False
QBQV,AllianzIM Growth-100 Buffer5 ETF,BATS,True,False
QBSF,AllianzIM U.S. Equity Buffer15 ETF,BATS,True,False
QBSV,AllianzIM U.S Equity Buffer5 ETF,BATS,True,False
QBTX,Tradr 2X Long QBTS Daily ETF,BATS,True,False
QBTZ,Tidal Trust II Defiance Daily Target 2x Short QBTS ETF,NASDAQ,True,False
QBUF,Innovator ETFs Trust Innovator Nasdaq-100 10 Buffer ETF Quarterly,NASDAQ,True,False
QBY,GraniteShares ETF Trust GraniteShares YieldBoost QBTS ETF,NASDAQ,True,False
QCAP,FT Vest Nasdaq-100 Conservative Buffer ETF - April,BATS,True,False
QCJA,FT Vest Nasdaq-100 Conservative Buffer ETF - January,BATS,True,False
QCJL,FT Vest Nasdaq-100 Conservative Buffer ETF - July,BATS,True,False
QCLN,First Trust NASDAQ Clean Edge Green Energy Index Fund,NASDAQ,True,False
QCLR,Global X Funds Global X NASDAQ 100 Collar 95-110 ETF,NASDAQ,True,False
QCMD,Direxion Shares ETF Trust Direxion Daily QCOM Bear 1X ETF,NASDAQ,True,False
QCML,GraniteShares ETF Trust GraniteShares 2x Long QCOM Daily ETF,NASDAQ,True,False
QCMU,Direxion Shares ETF Trust Direxion Daily QCOM Bull 2X ETF,NASDAQ,True,False
QCOC,FT Vest Nasdaq-100 Conservative Buffer ETF - October,BATS,True,False
QDF,FlexShares Quality Dividend Index Fund,ARCA,True,False
QDIV,Global X S&P 500 Quality Dividend ETF,ARCA,True,False
QFRD,Pacer S&P 500 Quality FCF R&D Leaders,BATS,True,False
QGRD,Horizon Funds Horizon Nasdaq-100 Defined Risk ETF,NASDAQ,True,False
QHDG,Innovator ETFs Trust Innovator Hedged Nasdaq-100 ETF,NASDAQ,True,False
QLDY,Tidal Trust II Defiance Nasdaq 100 LightningSpread Income ETF,NASDAQ,True,False
QLV,FlexShares US Quality Low Volatility Index Fund,ARCA,True,False
QLVD,FlexShares Developed Markets ex-US Quality Low Volatility Index Fund,ARCA,True,False
QLVE,FlexShares Emerging Markets Quality Low Volatility Index Fund,ARCA,True,False
QMID,WisdomTree Trust WisdomTree U.S. MidCap Quality Growth Fund,NASDAQ,True,False
QMY,Corgi Growth & Technology 10% Structured Buffer ETF - May Series,BATS,True,False
QNXT,iShares Trust iShares Nasdaq-100 ex Top 30 ETF,NASDAQ,True,False
QOWZ,Invesco Exchange-Traded Fund Trust II Invesco Nasdaq Free Cash Flow Achievers ETF,NASDAQ,True,False
QPUX,Tidal Trust II Defiance 2X Daily Long Pure Quantum ETF,NASDAQ,True,False
QQA,Invesco Actively Managed Exchange-Traded Fund Trus Invesco QQQ Income Advantage ETF,NASDAQ,True,False
QQDN,ProShares Trust ProShares UltraShort QQQ Mega,NASDAQ,True,False
QQEW,First Trust Nasdaq-100 Select Equal Weight ETF,NASDAQ,True,False
QMMY,FT Vest Nasdaq-100 Moderate Buffer ETF - May,BATS,True,False
QQLV,Invesco Exchange-Traded Fund Trust II Invesco QQQ Low Volatility ETF,NASDAQ,True,False
QQMG,Invesco Exchange-Traded Fund Trust II Invesco ESG NASDAQ 100 ETF,NASDAQ,True,False
QQMY,Corgi Growth & Technology 15% Structured Buffer ETF - May Series,BATS,True,False
QQQA,ProShares Trust ProShares Nasdaq-100 Dorsey Wright Momentum ETF,NASDAQ,True,False
QQQE,Direxion Shares ETF Trust Direxion NASDAQ-100 Equal Weighted Index ETF,NASDAQ,True,False
QQQG,Pacer Funds Trust Pacer Nasdaq 100 Top 50 Cash Cows Growth Leaders ETF,NASDAQ,True,False
QQQP,Investment Managers Series Trust II Tradr 2X Long Innovation 100 Quarterly ETF,NASDAQ,True,False
QQQS,Invesco Exchange-Traded Fund Trust II Invesco NASDAQ Future Gen 200 ETF,NASDAQ,True,False
QQQX,Nuveen NASDAQ 100 Dynamic Overwrite Fund Shares of Beneficial Interest,NASDAQ,True,False
MFSG,MFS Active Growth ETF,NYSE,True,False
QQQY,Tidal Trust II Defiance Nasdaq 100 Weekly Distribution ETF,NASDAQ,True,False
QQWZ,Pacer Funds Trust Pacer Cash COWZ 100-Nasdaq 100 Rotator ETF,NASDAQ,True,False
QQXT,First Trust NASDAQ-100 Ex-Technology Sector Index Fund,NASDAQ,True,False
QRFT,Qraft AI-Enhanced US Large Cap ETF,ARCA,True,False
QRMI,Global X Funds Global X NASDAQ 100 Risk Managed Income ETF,NASDAQ,True,False
QSML,WisdomTree Trust WisdomTree U.S. SmallCap Quality Growth Fund,NASDAQ,True,False
QVML,Invesco S&P 500 QVM Multi-factor ETF,ARCA,True,False
QVMS,Invesco S&P SmallCap 600 QVM Multi-factor ETF,ARCA,True,False
QVOL,Series Portfolios Trust Infrastructure Capital Nasdaq Option Income ETF,NASDAQ,True,False
RAA,ETF Opportunities Trust SMI 3Fourteen REAL Asset Allocation ETF,NASDAQ,True,False
RAAA,Reckoner Yield Enhanced AAA CLO ETF,ARCA,True,False
RBUF,Innovator U.S. Small Cap 10 Buffer ETF - Quarterly,BATS,True,False
RCEL,"Avita Medical, Inc. Common Stock",NASDAQ,True,False
RCGE,EA Series Trust RockCreek Global Equality ETF,NASDAQ,True,False
RCTR,First Trust Bloomberg Nuclear Power ETF,ARCA,True,False
RDFI,Rareview Dynamic Fixed Income ETF,BATS,True,False
RDIV,Invesco S&P Ultra Dividend Revenue ETF,ARCA,True,False
RDTL,GraniteShares ETF Trust GraniteShares 2x Long RDDT Daily ETF,NASDAQ,True,False
RDVY,First Trust Rising Dividend Achievers ETF,NASDAQ,True,False
RDYY,YieldMax RDDT Option Income Strategy ETF,ARCA,True,False
REAI,Tidal Trust I Intelligent Real Estate ETF,NASDAQ,True,False
CEFA,Global X Funds Global X S&P Catholic Values Developed ex-U.S. ETF,NASDAQ,True,False
RINT,Russell Investments Exchange Traded Funds Russell Investments International Developed Equity ETF,NASDAQ,True,False
RKLX,Tidal Trust II Defiance Daily Target 2X Long RKLB ETF,NASDAQ,True,False
RLY,State Street Multi-Asset Real Return ETF,ARCA,True,False
RMME,Rareview Government Money Market ETF,BATS,True,False
ROAM,Hartford Multifactor Emerging Markets ETF,ARCA,True,False
ROCQ,J.P. Morgan Exchange-Traded Fund Trust JPMorgan Nasdaq Equity Premium Yield ETF,NASDAQ,True,False
RSF,"RiverNorth Capital and Income Fund, Inc.",NYSE,True,False
RSIT,Return Stacked International Stocks & Managed Futures ETF,BATS,True,False
RSJN,FT Vest U.S. Equity Equal Weight Buffer ETF - June,ARCA,True,False
RSMC,Rockefeller U.S. Small-Mid Cap ETF,ARCA,True,False
RSMR,FT Vest U.S. Equity Equal Weight Buffer ETF - March,ARCA,True,False
RSMV,Relative Strength Managed Volatility Strategy ETF,ARCA,True,False
RSPA,Invesco S&P 500 Equal Weight Income Advantage ETF,ARCA,True,False
RSPC,Invesco Exchange-Traded Fund Trust Invesco S&P 500 Equal Weight Communication Services ETF,ARCA,True,False
RSSY,Return Stacked U.S. Stocks & Futures Yield ETF,BATS,True,False
RTXG,Themes ETF Trust Leverage Shares 2X Long RTX Daily ETF,NASDAQ,True,False
RTYY,GraniteShares ETF Trust GraniteShares YieldBoost RIOT ETF,NASDAQ,True,False
RWEM,Rayliant NxtGen Multifactor Emerging Markets Equity ETF,ARCA,True,False
RWJ,Invesco S&P SmallCap 600 Revenue ETF,ARCA,True,False
RWLC,Rayliant NxtGen Multifactor US Equity ETF,ARCA,True,False
RZV,Invesco S&P SmallCap 600 Pure Value ETF,ARCA,True,False
SABS,"SAB Biotherapeutics, Inc. Common Stock",NASDAQ,True,False
SAFX,"XCF Global, Inc. Class A Common Stock",NASDAQ,True,False
SAGP,Strategas Global Policy Opportunities ETF,ARCA,True,False
SATG,Themes ETF Trust Leverage Shares 2X Long SATS Daily ETF,NASDAQ,True,False
SBND,Columbia Short Duration Bond ETF,ARCA,True,False
SBTU,T-REX 2X Long SBET Daily Target ETF,BATS,True,False
SBU,Themes ETF Trust Leverage Shares 2X Long SBUX Daily ETF,NASDAQ,True,False
SCDS,J.P. Morgan Exchange-Traded Fund Trust JPMorgan Fundamental Data Science Small Core ETF,NASDAQ,True,False
SCMB,Schwab Municipal Bond ETF,ARCA,True,False
SCMY,Corgi U.S. Small-Cap 15% Structured Buffer ETF - May Series,BATS,True,False
SCOW,Pacer S&P SmallCap 600 Quality FCF Aristocrats ETF,BATS,True,False
SCSB,Sterling Capital Short Duration Bond ETF,BATS,True,False
SCUB,Sterling Capital Ultra Short Bond ETF,BATS,True,False
SCUS,Schwab Ultra-Short Income ETF,ARCA,True,False
SCYX,"SCYNEXIS, Inc. Common Stock",NASDAQ,True,False
SDA,SunCar Technology Group Inc. Class A Ordinary Shares,NASDAQ,True,False
SDCP,Virtus Newfleet Short Duration Core Plus Bond ETF,ARCA,True,False
SDD,ProShares UltraShort SmallCap600,ARCA,True,False
SDEM,Global X MSCI SuperDividend Emerging Markets ETF,ARCA,True,False
SDIV,Global X SuperDividend ETF,ARCA,True,False
SDMF,Simplify DBi CTA Managed Futures Index ETF,ARCA,True,False
CEE,"The Central and Eastern Europe Fund, Inc.",NYSE,True,False
SDOW,ProShares UltraPro Short Dow 30,ARCA,True,False
SDP,ProShares UltraShort Utilities,ARCA,True,False
SDS,ProShares UltraShort S&P500,ARCA,True,False
SDSI,American Century ETF Trust American Century Short Duration Strategic Income ETF,NASDAQ,True,False
SDTY,Tidal Trust II YieldMax S&P 500 0DTE Covered Call Strategy ETF,NASDAQ,True,False
SDVD,FT Vest SMID Rising Dividend Achievers Target Income ETF,BATS,True,False
SEEM,SEI Exchange Traded Funds SEI Select Emerging Markets Equity ETF,NASDAQ,True,False
SEIM,SEI Enhanced U.S. Large Cap Momentum Factor ETF,BATS,True,False
SEIQ,SEI Enhanced U.S. Large Cap Quality Factor ETF,BATS,True,False
SEIS,SEI Exchange Traded Funds SEI Select Small Cap ETF,NASDAQ,True,False
SEPM,FT Vest U.S. Equity Max Buffer ETF - September,BATS,True,False
SEPP,PGIM S&P 500 Buffer 12 ETF - September,BATS,True,False
SEPW,AllianzIM U.S. Equity Buffer20 Sep ETF,BATS,True,False
SEPZ,TrueShares Structured Outcome (September) ETF,BATS,True,False
SERV,Serve Robotics Inc. Common Stock,NASDAQ,True,False
SFLO,Victory Portfolios II VictoryShares Small Cap Free Cash Flow ETF,NASDAQ,True,False
SFYF,SoFi Social 50 ETF,ARCA,True,False
LOUP,Innovator Deepwater Frontier Tech ETF,ARCA,True,False
HIGH,Simplify Enhanced Income ETF,ARCA,True,False
JSTC,Adasina Social Justice All Cap Global ETF,ARCA,True,False
KEAT,EA Series Trust Keating Active ETF,NASDAQ,True,False
CDL,VictoryShares US Large Cap High Div Volatility Wtd ETF,NASDAQ,True,False
NMCO,Nuveen Municipal Credit Opportunities Fund,NYSE,True,False
OCTZ,TrueShares Structured Outcome (October) ETF,BATS,True,False
PPTY,U.S. Diversified Real Estate ETF,ARCA,True,False
HOOY,YieldMax HOOD Option Income Strategy ETF,ARCA,True,False
ONEO,State Street SPDR Russell 1000 Momentum Focus ETF,ARCA,True,False
IGOV,iShares Trust iShares International Treasury Bond ETF,NASDAQ,True,False
LCDS,J.P. Morgan Exchange-Traded Fund Trust JPMorgan Fundamental Data Science Large Core ETF,NASDAQ,True,False
MIY,"BLACKROCK MUNIYIELD MICHIGAN QUALITY FUND, INC. i",NYSE,True,False
ORCS,Direxion Shares ETF Trust Direxion Daily ORCL Bear 1X ETF,NASDAQ,True,False
ORCU,Direxion Shares ETF Trust Direxion Daily ORCL Bull 2X ETF,NASDAQ,True,False
OCTT,AllianzIM U.S. Equity Buffer10 Oct ETF,BATS,True,False
GYLD,Arrow Dow Jones Global Yield ETF,NYSE,True,False
HAUS,Residential REIT ETF,BATS,True,False
OTGAU,OTG Acquisition Corp. I Unit,NASDAQ,True,False
PSCF,Invesco Exchange-Traded Fund Trust II Invesco S&P SmallCap Financials ETF,NASDAQ,True,False
HDUS,Hartford Disciplined US Equity ETF,ARCA,True,False
INTM,Invesco Intermediate Municipal ETF,BATS,True,False
INQQ,INQQ The India Internet ETF,ARCA,True,False
SCDV,Bahl & Gaynor Small Cap Dividend ETF,ARCA,True,False
KAPR,Innovator U.S. Small Cap Power Buffer ETF - April,BATS,True,False
QQQT,Tidal Trust II Defiance Nasdaq 100 Income Target ETF,NASDAQ,True,False
CDIG,EA Series Trust City Different Investments Global Equity ETF,NASDAQ,True,False
CDEI,"Calvert US Large-Cap Diversity, Equity and Inclusion Index ETF",ARCA,True,False
CDC,VictoryShares US EQ Income Enhanced Volatility Wtd ETF,NASDAQ,True,False
VNTG,Vantage Corp,AMEX,True,False
HKHHY,Heineken Holding NV Sponsored ADR (Netherlands),OTC,True,False
RUBI,Rubico Inc. Common Stock,NASDAQ,True,False
IOYY,GraniteShares ETF Trust GraniteShares YieldBOOST IONQ ETF,NASDAQ,True,False
NVDG,Themes ETF Trust Leverage Shares 2X Long NVDA Daily ETF,NASDAQ,True,False
OBIL,"The RBB Fund, Inc. US Treasury 12 Month Bill ETF",NASDAQ,True,False
JPMB,JPMorgan USD Emerging Markets Sovereign Bond ETF,ARCA,True,False
HYBX,TCW High Yield Bond ETF,NYSE,True,False
HRTS,Tema ETF Trust Tema Heart & Health ETF,NASDAQ,True,False
INDE,Matthews India Active ETF,ARCA,True,False
MSBT,Morgan Stanley Bitcoin Trust,ARCA,True,False
LQDB,iShares BBB Rated Corporate Bond ETF,ARCA,True,False
MSFY,Kurv Yield Premium Strategy Microsoft (MSFT) ETF,BATS,True,False
HBR,Canary HBAR ETF Shares of Beneficial Interest,NASDAQ,True,False
HIBL,Direxion Daily S&P 500 High Beta Bull 3X ETF,ARCA,True,False
RPT.PRC,Rithm Property Trust Inc. 9.875% Series C Fixed-to-Floating Rate Cumulative Redeemable Preferred Stock,NYSE,True,False
KORE,"KORE Group Holdings, Inc.",NYSE,True,False
PRS,"Prudential Financial, Inc. 5.625% Junior Subordinated Notes due 2058",NYSE,True,False
LCFY,Locafy Limited Ordinary Share,NASDAQ,True,False
HLAL,Listed Funds Trust Wahed FTSE USA Shariah ETF,NASDAQ,True,False
HNDL,Strategy Shares Nasdaq 7HANDL Index ETF,NASDAQ,True,False
HYSA,BondBloxx USD High Yield Bond Sector Rotation ETF,ARCA,True,False
HYSD,Columbia Short Duration High Yield ETF,ARCA,True,False
HYTI,FT Vest High Yield & Target Income ETF,ARCA,True,False
HYXF,iShares Trust iShares ESG Advanced High Yield Corporate Bond ETF,NASDAQ,True,False
IBOT,VanEck ETF Trust VanEck Robotics ETF,NASDAQ,True,False
IBRN,iShares Neuroscience and Healthcare ETF,ARCA,True,False
INDH,WisdomTree Trust WisdomTree India Hedged Equity Fund,NASDAQ,True,False
INKM,State Street Income Allocation ETF,ARCA,True,False
IREG,Themes ETF Trust Leverage Shares 2X Long IREN Daily ETF,NASDAQ,True,False
IREZ,Tradr 2X Short IREN Daily ETF,BATS,True,False
IRVH,Global X Interest Rate Volatility & Inflation Hedge ETF,ARCA,True,False
ISHP,First Trust Exchange-Traded Fund VI First Trust S-Network E-Commerce ETF,NASDAQ,True,False
JPIN,JPMorgan Diversified Return International Equity ETF,ARCA,True,False
KLAG,Themes ETF Trust Leverage Shares 2x Long KLAC Daily ETF,NASDAQ,True,False
MIDE,Xtrackers S&P MidCap 400 Scored & Screened ETF,ARCA,True,False
MKOR,Matthews Korea Active ETF,ARCA,True,False
MLPB,"ETRACS Alerian MLP Infrastructure Index ETN Series B due April 2, 2040",ARCA,True,False
MRCP,PGIM S&P 500 Buffer 12 ETF - March,BATS,True,False
HIND,"Vyome Holdings, Inc. Common Stock",NASDAQ,True,False
CD,Chaince Digital Holdings Inc. Ordinary Shares,NASDAQ,True,False
CCUP,T-REX 2X Long CRCL Daily Target ETF,BATS,True,False
CCSO,Tidal ETF Trust II Carbon Collective Climate Solutions U.S. Equity ETF,NASDAQ,True,False
EMBX,VanEck Emerging Markets Bond ETF,ARCA,True,False
MSFU,Direxion Shares ETF Trust Direxion Daily MSFT Bull 2X ETF,NASDAQ,True,False
MULL,GraniteShares ETF Trust GraniteShares 2x Long MU Daily ETF,NASDAQ,True,False
MULT,Franklin Templeton ETF Trust Franklin Multisector Income ETF,NASDAQ,True,False
MUNA,Northern Trust 2030 Tax-Exempt Distributing Ladder ETF,ARCA,True,False
MUNB,Northern Trust 2035 Tax-Exempt Distributing Ladder ETF,ARCA,True,False
MUSE,TCW Multisector Credit Income ETF,NYSE,True,False
MUSI,American Century Multisector Income ETF,ARCA,True,False
MUSQ,MUSQ Global Music Industry Index ETF,ARCA,True,False
MUST,Columbia Multi-Sector Municipal Income ETF,ARCA,True,False
NEA,Nuveen AMT-Free Quality Municipal Income Fund,NYSE,True,False
NEBX,Tradr 2X Long NBIS Daily ETF,BATS,True,False
ONEY,State Street SPDR Russell 1000 Yield Focus ETF,ARCA,True,False
ONLN,ProShares Online Retail ETF,ARCA,True,False
ONMD,OneMedNet Corp Class A Common Stock,NASDAQ,True,False
ONOF,Global X Adaptive U.S. Risk Management ETF,ARCA,True,False
PFLD,AAM Low Duration Preferred and Income Securities ETF,ARCA,True,False
AGIG,Abundia Global Impact Group Inc.,AMEX,True,False
AGM.A,Federal Agricultural Mortgage Corporation Class A Voting,NYSE,True,False
PFLT,PennantPark Floating Rate Capital Ltd.,NYSE,True,False
PIO,Invesco Exchange-Traded Fund Trust II Invesco Global Water ETF,NASDAQ,True,False
PJFM,PGIM Jennison Focused Mid-Cap ETF,BATS,True,False
QB,ProShares Trust ProShares Nasdaq-100 Dynamic Buffer ETF,NASDAQ,True,False
RIET,Hoya Capital High Dividend Yield ETF,ARCA,True,False
RIFR,Russell Investments Exchange Traded Funds Russell Investments Global Infrastructure ETF,NASDAQ,True,False
ROMO,Strategy Shares Newfound/ReSolve Robust Momentum ETF,BATS,True,False
ROUS,Hartford Multifactor US Equity ETF,ARCA,True,False
SCIO,First Trust Structured Credit Income Opportunities ETF,ARCA,True,False
IJUL,Innovator International Developed Power Buffer ETF - July,ARCA,True,False
JSMD,Janus Detroit Street Trust Janus Henderson Small/Mid Cap Growth Alpha ETF,NASDAQ,True,False
JSML,Janus Detroit Street Trust Janus Henderson Small Cap Growth Alpha ETF,NASDAQ,True,False
NXTG,First Trust Indxx NextG ETF,NASDAQ,True,False
NXTI,Simplify Next Intangible Core Index ETF,BATS,True,False
ONEV,State Street SPDR Russell 1000 Low Volatility Focus ETF,ARCA,True,False
OPTT,"Ocean Power Technologies, Inc.",AMEX,True,False
PBDE,PGIM S&P 500 Buffer 20 ETF - December,BATS,True,False
PBOT,Pictet AI & Automation ETF,ARCA,True,False
PCFI,Polen Floating Rate Income ETF,ARCA,True,False
PCGG,Polen Capital Global Growth ETF,ARCA,True,False
PCLN,Pictet Cleaner Planet ETF,ARCA,True,False
PCLO,VIRTUS SEIX AAA Private Credit CLO ETF,ARCA,True,False
PCMM,BondBloxx ETF Trust BondBloxx Private Credit CLO ETF,NASDAQ,True,False
PEMX,Putnam Emerging Markets ex-China ETF,ARCA,True,False
PFIG,Invesco Fundamental Investment Grade Corporate Bond ETF,ARCA,True,False
QXQ,"The RBB Fund, Inc. SGI Enhanced Nasdaq-100 ETF",NASDAQ,True,False
IBHF,iShares iBonds 2026 Term High Yield and Income ETF,BATS,True,False
IGBH,iShares Interest Rate Hedged Long-Term Corporate Bond ETF,ARCA,True,False
INV,"Innventure, Inc. Common Stock",NASDAQ,True,False
JHMM,John Hancock Multifactor Mid Cap ETF,ARCA,True,False
RAYJ,Rayliant SMDAM Japan Equity ETF,ARCA,True,False
PLTY,YieldMax PLTR Option Income Strategy ETF,ARCA,True,False
HAPI,Harbor Human Capital Factor US Large Cap ETF,ARCA,True,False
LIAE,LifeX 2050 Inflation-Protected Longevity Income ETF,BATS,True,False
LIMI,Themes Lithium & Battery Metal Miners ETF,BATS,True,False
MAGA,Point Bridge America First ETF,BATS,True,False
MVFG,Monarch Volume Factor Global Unconstrained Index ETF,BATS,True,False
MVLL,GraniteShares ETF Trust GraniteShares 2x Long MRVL Daily ETF,NASDAQ,True,False
MVPL,Miller Value Partners Leverage ETF,ARCA,True,False
NAZ,Nuveen Arizona Quality Municipal Income Fund,NYSE,True,False
NBB,Nuveen Taxable Municipal Income Fund,NYSE,True,False
NBCR,Neuberger Core Equity ETF,ARCA,True,False
CCSB,Tidal Trust II Carbon Collective Short Duration Green Bond ETF,NASDAQ,True,False
OPEG,Themes ETF Trust Leverage Shares 2X Long OPEN Daily ETF,NASDAQ,True,False
RFMZ,"RiverNorth Flexible Municipal Income Fund II, Inc.",NYSE,True,False
RIOX,Defiance Daily Target 2X Long RIOT ETF,ARCA,True,False
RISE,Pictet Emerging Markets Rising Economies ETF,ARCA,True,False
KFEB,Innovator U.S. Small Cap Power Buffer ETF - February,BATS,True,False
GXDW,Global X Funds Global X Dorsey Wright Thematic ETF,NASDAQ,True,False
GXRP,Grayscale XRP Trust ETF,ARCA,True,False
GXUS,Goldman Sachs MarketBeta Total International Equity ETF,ARCA,True,False
NAD,Nuveen Quality Municipal Income Fund,NYSE,True,False
HIBS,Direxion Daily S&P 500 High Beta Bear 3X ETF,ARCA,True,False
PDDL,GraniteShares ETF Trust GraniteShares 2x Long PDD Daily ETF,NASDAQ,True,False
HIDE,EA Series Trust Alpha Architect High Inflation and Deflation ETF,NASDAQ,True,False
PLDR,Putnam Sustainable Leaders ETF,ARCA,True,False
HTAX,Nomura National High-Yield Municipal Bond ETF,ARCA,True,False
HTEC,ROBO Global Healthcare Technology and Innovation ETF,ARCA,True,False
HYGH,iShares Interest Rate Hedged High Yield Bond ETF,ARCA,True,False
HYGW,iShares High Yield Corporate Bond BuyWrite Strategy ETF,BATS,True,False
HYHG,ProShares High Yield-Interest Rate Hedged ETF,BATS,True,False
HYLS,First Trust Exchange-Traded Fund IV First Trust Tactical High Yield ETF,NASDAQ,True,False
HYMB,State Street SPDR Nuveen ICE High Yield Municipal Bond ETF,ARCA,True,False
IBGB,iShares Trust iShares iBonds Dec 2045 Term Treasury ETF,NASDAQ,True,False
IBGC,iShares Trust iShares iBonds Dec 2046 Term Treasury ETF,NASDAQ,True,False
IBGK,iShares Trust iShares iBonds Dec 2054 Term Treasury ETF,NASDAQ,True,False
IBGL,iShares Trust iShares iBonds Dec 2055 Term Treasury ETF,NASDAQ,True,False
INOV,Innovator International Developed Power Buffer ETF - November,ARCA,True,False
IOCT,Innovator International Developed Power Buffer ETF-October,ARCA,True,False
IONZ,Tidal Trust II Defiance Daily Target 2x Short IONQ ETF,NASDAQ,True,False
JHAC,John Hancock Fundamental All Cap Core ETF,ARCA,True,False
IPAY,Amplify Digital Payments ETF,ARCA,True,False
IQDG,WisdomTree International Quality Dividend Growth Fund,BATS,True,False
IQDY,FlexShares International Quality Dividend Dynamic Index Fund,ARCA,True,False
IQM,Franklin Intelligent Machines ETF,BATS,True,False
IRE,Defiance Daily Target 2X Long IREN ETF,ARCA,True,False
IREX,Tradr 2X Long IREN Daily ETF,BATS,True,False
IXG,iShares Global Financials ETF,ARCA,True,False
IXJ,iShares Global Healthcare ETF,ARCA,True,False
JPUS,JPMorgan Diversified Return US Equity ETF,ARCA,True,False
JPY,Lazard Active ETF Trust Lazard Japanese Equity ETF,NASDAQ,True,False
JUNZ,TrueShares Structured Outcome (June) ETF,BATS,True,False
JUSA,JPMorgan U.S. Research Enhanced Large Cap ETF,ARCA,True,False
JUST,Goldman Sachs JUST U.S. Large Cap Equity ETF,ARCA,True,False
KPDD,KraneShares Trust KraneShares 2x Long PDD Daily ETF,NASDAQ,True,False
KSLV,Kurv Silver Enhanced Income ETF,BATS,True,False
KURE,KraneShares MSCI All China Health Care Index ETF,ARCA,True,False
LDEM,iShares Trust iShares ESG MSCI EM Leaders ETF,NASDAQ,True,False
LGDX,Intech S&P Large Cap Diversified Alpha ETF,ARCA,True,False
LIAU,LifeX 2060 Inflation-Protected Longevity Income ETF,BATS,True,False
LITL,Simplify Piper Sandler US Small-Cap PLUS Income ETF,ARCA,True,False
LITX,Tradr 2X Long LITE Daily ETF,BATS,True,False
LOAN,"Manhattan Bridge Capital, Inc",NASDAQ,True,False
LOCT,Innovator Premium Income 15 Buffer ETF - October,BATS,True,False
LOGO,Tidal Trust III Alpha Brands Consumption Leaders ETF,NASDAQ,True,False
LOPP,Gabelli Love Our Planet & People ETF,ARCA,True,False
LQAI,LG QRAFT AI-Powered U.S. Large Cap Core ETF,ARCA,True,False
LQDH,iShares Interest Rate Hedged Corporate Bond ETF,ARCA,True,False
LRCU,Tradr 2X Long LRCX Daily ETF,BATS,True,False
LRGC,AB US Large Cap Strategic Equities ETF,ARCA,True,False
LRND,New York Life Investments ETF Trust NYLI U.S. Large Cap R&D Leaders ETF,NASDAQ,True,False
LRNZ,"TrueShares Technology, AI & Deep Learning ETF",ARCA,True,False
MAKX,ProShares S&P Kensho Smart Factories ETF,ARCA,True,False
MAMB,Monarch Ambassador Income Index ETF,BATS,True,False
MAPP,Harbor Multi Asset Explorers ETF,ARCA,True,False
MARB,First Trust Merger Arbitrage ETF,ARCA,True,False
MARM,FT Vest U.S. Equity Max Buffer ETF - March,BATS,True,False
MARO,YieldMax MARA Option Income Strategy ETF,ARCA,True,False
MBND,State Street Nuveen Municipal Bond ETF,BATS,True,False
MBS,Angel Oak Funds Trust Angel Oak Mortgage-Backed Securities ETF,NASDAQ,True,False
MBSF,Regan Floating Rate MBS ETF,ARCA,True,False
MDCX,Medicus Pharma Ltd. Common Stock,NASDAQ,True,False
MDEV,First Trust Indxx Medical Devices ETF,BATS,True,False
MDIA,Mediaco Holding Inc. Class A Common Stock,NASDAQ,True,False
MDLV,Morgan Dempsey Large Cap Value ETF,BATS,True,False
MEMA,Man ETF Series Trust Man Active Emerging Markets Alternative ETF,NASDAQ,True,False
MEME,Roundhill Meme Stock ETF,ARCA,True,False
MFLX,First Trust Exchange-Traded Fund VIII First Trust Flexible Municipal High Income ETF,NASDAQ,True,False
MFM,MFS Municipal Income Trust Shares of Beneficial Interest,NYSE,True,False
MMK,State Street Prime Money Market ETF,NYSE,True,False
MMLG,First Trust Multi-Manager Large Growth ETF,ARCA,True,False
MMSC,First Trust Multi-Manager Small Cap Opportunities ETF,ARCA,True,False
MPA,BLACKROCK MUNIYIELD PENNSYLVANIA QUALITY FUND,NYSE,True,False
MPG,Themes ETF Trust Leverage Shares 2X Long MP Daily ETF,NASDAQ,True,False
MRNY,YieldMax MRNA Option Income Strategy ETF,ARCA,True,False
MRVU,Direxion Shares ETF Trust Direxion Daily MRVL Bull 2X ETF,NASDAQ,True,False
NECB,"NorthEast Community Bancorp, Inc. Common Stock",NASDAQ,True,False
NTSD,WisdomTree Efficient U.S. Plus International Equity Fund,ARCA,True,False
NTSE,WisdomTree Emerging Markets Efficient Core Fund,ARCA,True,False
NULC,Nuveen ESG Large-Cap ETF,BATS,True,False
NUMV,Nuveen ESG Mid-Cap Value ETF,BATS,True,False
NURE,Nuveen Short-Term REIT ETF,BATS,True,False
NUV,"Nuveen Municipal Value Fund, Inc.",NYSE,True,False
NXG,NXG NextGen Infrastructure Income Fund,NYSE,True,False
NXP,NUVEEN SELECT TAX-FREE INC,NYSE,True,False
NYSX,Global X NYSE 100 ETF,ARCA,True,False
OAIM,OneAscent International Equity ETF,ARCA,True,False
OAKG,Oakmark Global Large Cap ETF,ARCA,True,False
OAKI,Oakmark International Large Cap ETF,ARCA,True,False
OCTH,Innovator Premium Income 20 Barrier ETF - October,BATS,True,False
OCTJ,Innovator Premium Income 30 Barrier ETF - October,BATS,True,False
OCTM,FT Vest U.S. Equity Max Buffer ETF - October,BATS,True,False
OCTU,AllianzIM U.S. Equity Buffer15 Uncapped Oct ETF,BATS,True,False
OCTW,AllianzIM U.S. Equity Buffer20 Oct ETF,BATS,True,False
ODDS,Pacer Funds Pacer BlueStar Digital Entertainment ETF,NASDAQ,True,False
ODDZ,Corgi Sports Betting & Gambling ETF,BATS,True,False
ODTE,VegaShares ETF Trust VegaShares SPX NDX RTY Premium Income ETF,NASDAQ,True,False
OTLK,"Outlook Therapeutics, Inc. Common Stock",NASDAQ,True,False
OVL,Overlay Shares Large Cap Equity ETF,BATS,True,False
PCSG,Polen 5Perspectives Small-Mid Growth ETF,ARCA,True,False
PDCC,Pearl Diver Credit Company Inc.,NYSE,True,False
PDEC,Innovator U.S. Equity Power Buffer ETF - December,BATS,True,False
PDN,Invesco RAFI Developed Markets ex-U.S. Small-Mid ETF,ARCA,True,False
PGY,Pagaya Technologies Ltd. Class A Ordinary Shares,NASDAQ,True,False
PICK,iShares MSCI Global Metals & Mining Producers ETF,BATS,True,False
PID,Invesco Exchange-Traded Fund Trust Invesco International Dividend Achievers ETF,NASDAQ,True,False
PONX,Tradr 2X Long PONY Daily ETF,BATS,True,False
PPCB,"Propanc Biopharma, Inc. Common Stock",NASDAQ,True,False
PPEM,Putnam PanAgora ESG Emerging Markets Equity ETF,ARCA,True,False
PPI,Investment Managers Series Trust II Astoria Real Assets ETF,NASDAQ,True,False
PPIE,Putnam PanAgora ESG International Equity ETF,ARCA,True,False
PSAI,Pacer S&P 500 3AI Top 100 ETF,BATS,True,False
PSCJ,Pacer Swan SOS Conservative (July) ETF,BATS,True,False
PSDM,PGIM Short Duration Multi-Sector Bond ETF,BATS,True,False
PSFD,Pacer Swan SOS Flex (January) ETF,BATS,True,False
PSFF,Pacer Swan SOS Fund of Funds ETF,BATS,True,False
PSFJ,Pacer Swan SOS Flex (July) ETF,BATS,True,False
PSFM,Pacer Swan SOS Flex (April) ETF,BATS,True,False
PSH,PGIM Short Duration High Yield ETF,BATS,True,False
PSQA,Palmer Square CLO Senior Debt ETF,ARCA,True,False
PUI,Invesco Exchange-Traded Fund Trust Invesco Dorsey Wright Utilities Momentum ETF,NASDAQ,True,False
PYZ,Invesco Exchange-Traded Fund Trust Invesco Dorsey Wright Basic Materials Momentum ETF,NASDAQ,True,False
QBQF,AllianzIM Growth-100 Buffer15 ETF,BATS,True,False
QSPT,FT Vest Nasdaq-100 Buffer ETF - September,BATS,True,False
QTOC,Innovator Growth Accelerated Plus ETF - October,BATS,True,False
QTOP,iShares Trust iShares Nasdaq Top 30 Stocks ETF,NASDAQ,True,False
QTPI,North Square RCIM Tax-Advantaged Preferred and Income Securities ETF,ARCA,True,False
QUBX,Tradr 2X Long QUBT Daily ETF,BATS,True,False
REM,iShares Mortgage Real Estate ETF,BATS,True,False
REMC,Columbia Research Enhanced Mid Cap ETF,ARCA,True,False
REVS,Columbia Research Enhanced Value ETF,ARCA,True,False
RITA,ETFB Green SRI REITs ETF,ARCA,True,False
HAWK,"HawkEye 360, Inc.",NYSE,True,False
RJMI,RJ Eagle Municipal Income ETF,ARCA,True,False
RUNN,Strategic Trust Running Oak Efficient Growth ETF,NASDAQ,True,False
RUSC,Russell Investments Exchange Traded Funds Russell Investments U.S. Small Cap Equity ETF,NASDAQ,True,False
SAMM,Strategas Macro Momentum ETF,ARCA,True,False
HARD,Simplify Commodities Strategy No K-1 ETF,ARCA,True,False
HAUZ,Xtrackers International Real Estate ETF,ARCA,True,False
MYHA,SSGA Active Trust State Street My2027 High Yield Corporate Bond ETF,NASDAQ,True,False
IBCB,iShares iBonds Dec 2036 Term Corporate ETF,ARCA,True,False
IOR,"Income Opportunity Realty Investors, Inc.",AMEX,True,False
IQSZ,Invesco Global Equity Net Zero ETF,ARCA,True,False
ISOU,IsoEnergy Ltd.,AMEX,True,False
JHID,John Hancock International High Dividend ETF,ARCA,True,False
JHML,John Hancock Multifactor Large Cap ETF,ARCA,True,False
CCNR,Financial Investors Trust ALPS/CoreCommodity Natural Resources ETF,NASDAQ,True,False
KYC,Corgi Digital Banking & Fintech Infrastructure ETF,BATS,True,False
MAGO,Tuttle Capital Magnificent 7 Income Blast ETF,BATS,True,False
MBBB,VanEck Moody's Analytics BBB Corporate Bond ETF,BATS,True,False
MBCC,Monarch Blue Chips Core Index ETF,BATS,True,False
MNZL,EA Series Trust Manzil Russell Halal USA Broad Market ETF,NASDAQ,True,False
MODL,Victory Portfolios II VictoryShares WestEnd U.S. Sector ETF,NASDAQ,True,False
MOTI,VanEck Morningstar International Moat ETF,BATS,True,False
MOTO,Guinness Atkinson Smart Transportation & Technology ETF,ARCA,True,False
NFE,New Fortress Energy Inc. Class A Common Stock,NASDAQ,True,False
NPFI,NuShares ETF Trust Nuveen Preferred and Income ETF,NASDAQ,True,False
NRES,DBX ETF Trust Xtrackers RREEF Global Natural Resources ETF,NASDAQ,True,False
NRGD,"MicroSectors U.S. Big Oil -3x Inverse Leveraged ETNs due February 17, 2045",ARCA,True,False
NRGU,"MicroSectors U.S. Big Oil 3x Leveraged ETNs due February 17, 2045",ARCA,True,False
NRK,Nuveen New York AMT-Free Quality Municipal Income Fund,NYSE,True,False
NRSH,Aztlan North America Nearshoring Stock Selection ETF,ARCA,True,False
NSI,Northern Lights Fund Trust IV National Security Emerging Markets Index ETF,NASDAQ,True,False
OTGL,ETF Opportunities Trust OTG Latin America ETF,NASDAQ,True,False
OVLH,Overlay Shares Hedged Large Cap Equity ETF,BATS,True,False
OVS,Overlay Shares Small Cap Equity ETF,BATS,True,False
OVT,Overlay Shares Short Term Bond ETF,BATS,True,False
OWNB,Bitwise Bitcoin Standard Corporations ETF,ARCA,True,False
PATX,Tradr 2X Long PATH Daily ETF,BATS,True,False
PAYH,TrueShares S&P Autocallable High Income ETF,BATS,True,False
PGHY,Invesco Global ex-US High Yield Corporate Bond ETF,ARCA,True,False
PNI,PIMCO NEW YORK MUNICIPAL INCOME FUND II COMMON SHARES OF BENEFICIAL INT.,NYSE,True,False
PNOV,Innovator U.S. Equity Power Buffer ETF - November,BATS,True,False
POET,POET Technologies Inc. Common Shares,NASDAQ,True,False
QINT,American Century Quality Diversified International ETF,ARCA,True,False
RSSE,FT Vest U.S. Equity Equal-Weight Buffer ETF September,ARCA,True,False
SEMI,Columbia Select Technology ETF,ARCA,True,False
SEPI,Shelton Equity Premium Income ETF,ARCA,True,False
GXPD,Global X PureCap MSCI Consumer Discretionary ETF,ARCA,True,False
NEWP,New Pacific Metals Corp.,AMEX,True,False
HIMZ,Tidal Trust II Defiance Daily Target 2X Long HIMS ETF,NASDAQ,True,False
HIYY,YieldMax HIMS Option Income Strategy ETF,ARCA,True,False
HKD,AMTD Digital Inc. American Depositary Shares (every five of which represent two Class A Ordinary Shares),NYSE,True,False
HOII,REX HOOD Growth & Income ETF,BATS,True,False
HONG,Leverage Shares 2X Long HON Daily ETF,BATS,True,False
HOOX,Tidal Trust II Defiance Daily Target 2X Long HOOD ETF,NASDAQ,True,False
HTRB,Hartford Total Return Bond ETF,ARCA,True,False
HYIN,WisdomTree Private Credit and Alternative Income Fund,BATS,True,False
HYP,ETF Opportunities Trust Golden Eagle Dynamic Hypergrowth ETF,NASDAQ,True,False
HYTR,Counterpoint High Yield Trend ETF,NYSE,True,False
HYUP,Xtrackers High Beta High Yield Bond ETF,ARCA,True,False
IBFR,Innovator International Developed Managed 10 Buffer ETF,ARCA,True,False
IBMR,iShares iBonds Dec 2029 Term Muni Bond ETF,BATS,True,False
IBMS,iShares iBonds Dec 2030 Term Muni Bond ETF,BATS,True,False
IBMT,iShares iBonds Dec 2031 Term Muni Bond ETF,BATS,True,False
IBMU,iShares iBonds Dec 2032 Term Muni Bond ETF,BATS,True,False
IBMV,iShares iBonds Dec 2033 Term Muni Bond ETF,BATS,True,False
IBMW,iShares iBonds Dec 2034 Term Muni Bond ETF,BATS,True,False
IBMX,iShares iBonds Dec 2035 Term Muni Bond ETF,BATS,True,False
IFLN,Invesco Bloomberg Enhanced Fallen Angels ETF,ARCA,True,False
IFLO,Victory Portfolios II VictoryShares International Free Cash Flow ETF,NASDAQ,True,False
INDI,"indie Semiconductor, Inc. Class A Common Stock",NASDAQ,True,False
INDQ,Pacer Funds Trust Pacer ActiveAlpha India Quality ETF,NASDAQ,True,False
ISUL,GraniteShares ETF Trust GraniteShares 2x Long ISRG Daily ETF,NASDAQ,True,False
IVOL,Quadratic Interest Rate Volatility and Inflation Hedge ETF,ARCA,True,False
IVOO,Vanguard S&P Mid-Cap 400 ETF,ARCA,True,False
JNEU,AllianzIM U.S. Equity Buffer15 Uncapped June ETF,BATS,True,False
JOYT,J.P. Morgan Exchange-Traded Fund Trust JPMorgan Equity and Options Total Return ETF,NASDAQ,True,False
JPSE,JPMorgan Diversified Return US Small Cap Equity ETF,ARCA,True,False
KIQQ,KraneShares InspereX Nasdaq Dynamic Buffered High Income Index ETF,NASDAQ,True,False
KJAN,Innovator U.S. Small Cap Power Buffer ETF - January,BATS,True,False
KJD,KraneShares Trust KraneShares 2x Long JD Daily ETF,NASDAQ,True,False
KJUL,Innovator U.S. Small Cap Power Buffer ETF - July,BATS,True,False
KMAR,Innovator U.S. Small Cap Power Buffer ETF - March,BATS,True,False
MEMY,Tuttle Capital Meme Stock Income Blast ETF,BATS,True,False
MMIN,NYLI MacKay Muni Insured ETF,ARCA,True,False
MESO,Mesoblast Limited American Depositary Shares,NASDAQ,True,False
MFDX,PIMCO RAFI Multi-Factor International Equity ETF,ARCA,True,False
MINN,Mairs & Power Minnesota Municipal Bond ETF,BATS,True,False
MINO,PIMCO Municipal Income Opportunities Active ETF,ARCA,True,False
HQGO,Lattice Strategies Trust Hartford US Quality Growth ETF,NASDAQ,True,False
MINV,Matthews Asia Innovators Active ETF,ARCA,True,False
MISL,First Trust Indxx Aerospace & Defense ETF,ARCA,True,False
MMCA,NYLI MacKay California Muni Intermediate ETF,ARCA,True,False
MMD,NYLI MacKay DefinedTerm Muni Opportunities Fund,NYSE,True,False
MMMA,NYLI MacKay Muni Allocation ETF,ARCA,True,False
MPL,Defiance Daily Target 2X Long MP ETF,ARCA,True,False
ONDL,Defiance Daily Target 2X Long ONDS ETF,BATS,True,False
MQQQ,Investment Managers Series Trust II Tradr 2X Long Innovation 100 Monthly ETF,NASDAQ,True,False
MRAL,GraniteShares ETF Trust GraniteShares 2x Long MARA Daily ETF,NASDAQ,True,False
MSLC,Morgan Stanley Pathway Large Cap Equity ETF,ARCA,True,False
CCIF,Carlyle Credit Income Fund Shares of Beneficial Interest,NYSE,True,False
MTGP,WisdomTree Mortgage Plus Bond Fund,ARCA,True,False
MTYY,GraniteShares ETF Trust GraniteShares YieldBOOST MSTR ETF,NASDAQ,True,False
MUNC,Northern Trust 2045 Tax-Exempt Distributing Ladder ETF,ARCA,True,False
MUND,Northern Trust 2055 Tax-Exempt Distributing Ladder ETF,ARCA,True,False
MUNI,PIMCO Intermediate Municipal Bond Active Exchange-Traded Fund,ARCA,True,False
MUNY,Vanguard New York Tax-Exempt Bond ETF,BATS,True,False
MYMG,SSGA Active Trust State Street My2027 Municipal Bond ETF,NASDAQ,True,False
MYMH,SSGA Active Trust State Street My2028 Municipal Bond ETF,NASDAQ,True,False
MYMI,SSGA Active Trust State Street My2029 Municipal Bond ETF,NASDAQ,True,False
MYMJ,SSGA Active Trust State Street My2030 Municipal Bond ETF,NASDAQ,True,False
MYMK,SSGA Active Trust State Street My2031 Municipal Bond ETF,NASDAQ,True,False
KLMN,Invesco MSCI North America Climate ETF,ARCA,True,False
MYPS,"PLAYSTUDIOS, Inc. Class A Common Stock",NASDAQ,True,False
NDIV,Amplify Energy & Natural Resources Covered Call ETF,ARCA,True,False
NMAY,Innovator Growth-100 Power Buffer ETF - May,BATS,True,False
NMB,Simplify National Muni Bond ETF,ARCA,True,False
NMBL,NovaTide Flexible Allocation ETF,ARCA,True,False
NMFC,New Mountain Finance Corporation Common Stock,NASDAQ,True,False
NMG,Nouveau Monde Graphite Inc.,NYSE,True,False
NTCL,NETCLASS TECHNOLOGY INC Class A Ordinary Shares,NASDAQ,True,False
NVD,GraniteShares ETF Trust GraniteShares 2x Short NVDA Daily ETF,NASDAQ,True,False
CBXL,Calamos Laddered Bitcoin 90 Series Structured Alt Protection ETF,BATS,True,False
NVDD,Direxion Shares ETF Trust Direxion Daily NVDA Bear 1X ETF,NASDAQ,True,False
NVDQ,T-Rex 2X Inverse NVIDIA Daily Target ETF,BATS,True,False
OARK,YieldMax Innovation Option Income Strategy ETF,ARCA,True,False
OASC,OneAscent Enhanced Small and Mid Cap ETF,ARCA,True,False
OBND,State Street Loomis Sayles Opportunistic Bond ETF,BATS,True,False
OBOR,Kraneshares MSCI One Belt One Road Index ETF,ARCA,True,False
OCS,Oculis Holding AG Ordinary shares,NASDAQ,True,False
OMEX,"Odyssey Marine Exploration, Inc. Common Stock",NASDAQ,True,False
ONDG,Themes ETF Trust Leverage Shares 2X Long ONDS Daily ETF,NASDAQ,True,False
ONDU,Tradr 2X Long ONDS Daily ETF,BATS,True,False
OSCX,Tidal Trust II Defiance Daily Target 2x Long OSCR ETF,NASDAQ,True,False
PAB,PGIM Active Aggregate Bond ETF,ARCA,True,False
PABD,iShares Trust iShares Paris-Aligned Climate Optimized MSCI World ex USA ETF,NASDAQ,True,False
PABU,iShares Trust iShares Paris-Aligned Climate Optimized MSCI USA ETF,NASDAQ,True,False
PBFR,PGIM Laddered S&P 500 Buffer 20 ETF,BATS,True,False
PBJ,Invesco Food & Beverage ETF,ARCA,True,False
PBJA,PGIM S&P 500 Buffer 20 ETF - January,BATS,True,False
PDBA,Invesco Actively Managed Exchange-Traded Commodity Fund Trust Invesco Agriculture Commodity Strategy No K-1 ETF,NASDAQ,True,False
PFFR,InfraCap REIT Preferred ETF,ARCA,True,False
PFFV,Global X Variable Rate Preferred ETF,ARCA,True,False
PFXF,VanEck Preferred Securities ex Financials ETF,ARCA,True,False
PGP,PIMCO Global StockPLUS & Income Fund,NYSE,True,False
PGRI,Putnam International Stock ETF,ARCA,True,False
OVB,Overlay Shares Core Bond ETF,BATS,True,False
PGRO,Putnam Focused Large Cap Growth ETF,ARCA,True,False
PHAR,"Pharming Group N.V. ADS, each representing 10 ordinary shares",NASDAQ,True,False
PHEQ,Parametric Hedged Equity ETF,ARCA,True,False
PHYD,Putnam ESG High Yield ETF,ARCA,True,False
PHYL,PGIM Active High Yield Bond ETF,ARCA,True,False
PKW,Invesco Exchange-Traded Fund Trust Invesco BuyBack Achievers ETF,NASDAQ,True,False
PLBL,Polibeli Group Ltd Class A Ordinary Shares,NASDAQ,True,False
PLOO,Leverage Shares 2x Capped Accelerated PLTR Monthly ETF,BATS,True,False
PLTD,Direxion Shares ETF Trust Direxion Daily PLTR Bear 1X ETF,NASDAQ,True,False
PLTI,REX PLTR Growth & Income ETF,BATS,True,False
PLU,Defiance Daily Target 2x Long PL ETF,BATS,True,False
PLUL,Themes ETF Trust Leverage Shares 2X Long PLUG Daily ETF,NASDAQ,True,False
PMSE,PGIM S&P 500 Max Buffer ETF - September,BATS,True,False
POEL,Defiance Daily Target 2X Long POET ETF,BATS,True,False
PQJA,PGIM Rock ETF Trust PGIM Nasdaq-100 Buffer 12 ETF - January,NASDAQ,True,False
PQJL,PGIM Rock ETF Trust PGIM Nasdaq-100 Buffer 12 ETF - July,NASDAQ,True,False
PSET,Principal Exchange-Traded Funds Principal Quality ETF,NASDAQ,True,False
QAI,NYLI Hedge Multi-Strategy Tracker ETF,ARCA,True,False
QBF,Innovator Uncapped Bitcoin 20 Floor ETF - Quarterly,BATS,True,False
QBIF,AllianzIM International Equity Buffer15 ETF,BATS,True,False
QBIV,AllianzIM International Equity Buffer5 ETF,BATS,True,False
QBKF,AllianzIM U.S. Small Cap Buffer15 ETF,BATS,True,False
QBKV,AllianzIM U.S. Small Cap Buffer5 ETF,BATS,True,False
QDPL,Pacer Metaurus US Large Cap Dividend Multiplier 400 ETF,ARCA,True,False
OPEX,Tradr 2X Long OPEN Daily ETF,BATS,True,False
QMAG,FT Vest Nasdaq-100 Moderate Buffer ETF - August,BATS,True,False
QMFE,FT Vest Nasdaq-100 Moderate Buffer ETF - February,BATS,True,False
RAAR,Reckoner Yield Enhanced AAA CLO Reinvesting ETF,ARCA,True,False
RAAX,VanEck Real Assets ETF,ARCA,True,False
RAAY,Reckoner Yield Enhanced AAA CLO Annual ETF,ARCA,True,False
RANI,"Rani Therapeutics Holdings, Inc. Class A Common Stock",NASDAQ,True,False
RCAX,Tidal Trust II Defiance Daily Target 2x Long RCAT ETF,NASDAQ,True,False
REFA,Columbia Research Enhanced International Equity ETF,ARCA,True,False
REMG,Russell Investments Exchange Traded Funds Russell Investments Emerging Markets Equity ETF,NASDAQ,True,False
RESM,Columbia Research Enhanced Small Cap ETF,ARCA,True,False
RFM,"RiverNorth Flexible Municipal Income Fund, Inc.",NYSE,True,False
RGLO,Russell Investments Exchange Traded Funds Russell Investments Global Equity ETF,NASDAQ,True,False
RGTU,Tradr 2X Long RGTI Daily ETF,BATS,True,False
RGTX,Tidal Trust II Defiance Daily Target 2X Long RGTI ETF,NASDAQ,True,False
RJDI,RJ Eagle GCM Dividend Select Income ETF,ARCA,True,False
RKLZ,Tidal Trust II Defiance Daily Target 2x Short RKLB ETF,NASDAQ,True,False
RKNG,ETF Series Solutions Defiance Retail Kings ETF,NASDAQ,True,False
RKTL,Defiance Daily Target 2X Long RKT ETF,BATS,True,False
RMOP,Rockefeller Opportunistic Municipal Bond ETF,ARCA,True,False
RNIN,EA Series Trust Bushido Capital US SMID Cap Equity ETF,NASDAQ,True,False
RNP,"Cohen & Steers REIT and Preferred and Income Fund, Inc.",NYSE,True,False
PJIO,PGIM Jennison International Opportunities ETF,ARCA,True,False
RNWZ,TrueShares Eagle Global Renewable Energy Income ETF,ARCA,True,False
ROBN,T-Rex 2X Long HOOD Daily Target ETF,BATS,True,False
ROCY,J.P. Morgan Exchange-Traded Fund Trust JPMorgan Equity Premium Yield ETF,NASDAQ,True,False
RODM,Hartford Multifactor Developed Markets (ex-US) ETF,ARCA,True,False
ROE,EA Series Trust Astoria US Equal Weight Quality Kings ETF,NASDAQ,True,False
POWR,iShares U.S. Power Infrastructure ETF,ARCA,True,False
SAUG,FT Vest U.S. Small Cap Moderate Buffer ETF - August,BATS,True,False
SCEP,Sterling Capital Hedged Equity Premium Income ETF,BATS,True,False
SCC,ProShares UltraShort Consumer Discretionary,ARCA,True,False
SCHJ,Schwab 1-5 Year Corporate Bond ETF,ARCA,True,False
SCLS,Tidal Trust III Stoneport Advisors Commodity Long Short ETF,NASDAQ,True,False
SEAT,Vivid Seats Inc. Class A Common Stock,NASDAQ,True,False
QMNV,FT Vest Nasdaq-100 Moderate Buffer ETF - November,BATS,True,False
QMOM,EA Series Trust Alpha Architect U.S. Quantitative Momentum ETF,NASDAQ,True,False
RXD,ProShares UltraShort Health Care,ARCA,True,False
SEIV,SEI Enhanced U.S. Large Cap Value Factor ETF,BATS,True,False
JRE,Janus Henderson U.S. Real Estate ETF,ARCA,True,False
KCOP,Kurv Copper & Mining Enhanced Income ETF,BATS,True,False
KCSH,KraneShares Sustainable Ultra Short Duration Index ETF,ARCA,True,False
KNOV,Innovator U.S. Small Cap Power Buffer ETF - November,BATS,True,False
KNRG,Simplify Kayne Anderson Energy and Infrastructure Credit ETF,ARCA,True,False
KOLD,ProShares UltraShort Bloomberg Natural Gas,ARCA,True,False
LCTD,iShares World ex U.S. Carbon Transition Readiness Aware Active ETF,ARCA,True,False
LDUR,PIMCO Enhanced Low Duration Active Exchange-Traded Fund,ARCA,True,False
LEAD,Siren DIVCON Leaders Dividend ETF,BATS,True,False
LFDR,LifeX Durable Income ETF,BATS,True,False
LFGY,YieldMax Crypto Industry & Tech Portfolio Option Income ETF,ARCA,True,False
LGRO,ALPS ETF Trust Level Four Large Cap Growth Active ETF,NASDAQ,True,False
LINT,Direxion Shares ETF Trust Direxion Daily INTC Bull 2X ETF,NASDAQ,True,False
METW,Roundhill META WeeklyPay ETF,BATS,True,False
NPCT,Nuveen Core Plus Impact Fund,NYSE,True,False
NSCI,Nuveen Securitized Income ETF,ARCA,True,False
NSEP,Innovator Growth-100 Power Buffer ETF - September,BATS,True,False
NUBD,Nuveen ESG U.S. Aggregate Bond ETF,ARCA,True,False
NUSA,Nuveen ESG 1-5 Year U.S. Aggregate Bond ETF,ARCA,True,False
NVOX,Defiance Daily Target 2x Long NVO ETF,ARCA,True,False
PBE,Invesco Biotechnology & Genome ETF,ARCA,True,False
QTEC,First Trust NASDAQ-100-Technology Sector Index Fund,NASDAQ,True,False
QULL,ETRACS 2x Leveraged MSCI US Quality Factor TR ETN,ARCA,True,False
RBLD,First Trust Alerian US NextGen Infrastructure ETF,ARCA,True,False
RBLU,T-REX 2X Long RBLX Daily Target ETF,BATS,True,False
RGTZ,Tidal Trust II Defiance Daily Target 2x Short RGTI ETF,NASDAQ,True,False
RMMZ,"RiverNorth Managed Duration Municipal Income Fund II, Inc.",NYSE,True,False
RND,First Trust Bloomberg R&D Leaders ETF,ARCA,True,False
RNEM,First Trust Exchange-Traded Fund VI Emerging Markets Equity Select ETF,NASDAQ,True,False
MARS,Roundhill Space & Technology ETF,BATS,True,False
HYDW,Xtrackers Low Beta High Yield Bond ETF,ARCA,True,False
JHMB,John Hancock Mortgage-Backed Securities ETF,ARCA,True,False
JANM,FT U.S. Equity Max Buffer ETF - January,BATS,True,False
SCMC,Sterling Capital Multi-Strategy Income ETF,BATS,True,False
SCNM,Sterling Capital National Municipal Bond ETF,BATS,True,False
HOOG,Themes ETF Trust Leverage Shares 2X Long HOOD Daily ETF,NASDAQ,True,False
HYBL,State Street Blackstone High Income ETF,BATS,True,False
IBDZ,iShares iBonds Dec 2034 Term Corporate ETF,ARCA,True,False
IGPT,Invesco AI and Next Gen Software ETF,ARCA,True,False
NVDY,YieldMax NVDA Option Income Strategy ETF,ARCA,True,False
HELX,Franklin Genomic Advancements ETF,BATS,True,False
OXLC,Oxford Lane Capital Corp. Common Stock,NASDAQ,True,False
PONO,"Pono Capital Four, Inc. Class A Ordinary Shares",NASDAQ,True,False
PBMY,PGIM S&P 500 Buffer 20 ETF - May,BATS,True,False
PFM,Invesco Exchange-Traded Fund Trust Invesco Dividend Achievers ETF,NASDAQ,True,False
OUSM,ALPS O'Shares U.S. Small-Cap Quality Dividend ETF,ARCA,True,False
PEJ,Invesco Leisure and Entertainment ETF,ARCA,True,False
RNTX,"Rein Therapeutics, Inc. Common Stock",NASDAQ,True,False
RSPG,Invesco S&P 500 Equal Weight Energy ETF,ARCA,True,False
HIS,EA Series Trust Humilis US Focused Opportunities ETF,NASDAQ,True,False
IFED,ETRACS IFED Invest with the Fed TR Index ETN,ARCA,True,False
KPHO,KraneShares Dragon Capital Vietnam Growth Index ETF,ARCA,True,False
KPRO,KraneShares 100% KWEB Defined Outcome January 2027 ETF,ARCA,True,False
LOTI,Two Roads Shared Trust Liberty One Tactical Income ETF,NASDAQ,True,False
LQDM,Amplify LQD Investment Grade 12% Target Income ETF,BATS,True,False
LQDW,iShares Investment Grade Corporate Bond BuyWrite Strategy ETF,BATS,True,False
LUNL,Defiance Daily Target 2X Long LUNR ETF,BATS,True,False
LVLN,State Street SPDR S&P Leveraged Loan ETF,ARCA,True,False
MDXH,MDXHEALTH SA Ordinary Shares,NASDAQ,True,False
MFSM,MFS Active Intermediate Muni Bond ETF,NYSE,True,False
MMTM,State Street SPDR S&P 1500 Momentum Tilt ETF,ARCA,True,False
NDAA,Tidal Trust III Ned Davis Research 360 Dynamic Allocation ETF,NASDAQ,True,False
NDEC,Innovator Growth-100 Power Buffer ETF - December,BATS,True,False
JFLI,JPMorgan Flexible Income ETF,ARCA,True,False
NNOX,NANO-X IMAGING LTD Ordinary Shares,NASDAQ,True,False
NVDU,Direxion Shares ETF Trust Direxion Daily NVDA Bull 2X ETF,NASDAQ,True,False
NVDW,Roundhill NVDA WeeklyPay ETF,BATS,True,False
RDVI,FT Vest Rising Dividend Achievers Target Income ETF,BATS,True,False
RDWU,T-REX 2X Long RDW Daily Target ETF,BATS,True,False
PIFI,ClearShares Piton Intermediate Fixed Income ETF,ARCA,True,False
IDYN,iShares International Equity Factor Rotation Active ETF,ARCA,True,False
MMIT,NYLI MacKay Muni Intermediate ETF,ARCA,True,False
QMAR,FT Vest Growth-100 Buffer ETF - March,BATS,True,False
QTR,Global X Funds Global X NASDAQ 100 Tail Risk ETF,NASDAQ,True,False
RFV,Invesco S&P MidCap 400 Pure Value ETF,ARCA,True,False
SBC,SBC Medical Group Holdings Incorporated Common Stock,NASDAQ,True,False
IDEF,BlackRock ETF Trust iShares Defense Industrials Active ETF,NASDAQ,True,False
IDEQ,Lazard International Dynamic Equity ETF,ARCA,True,False
IVSX,ETF Opportunities Trust Applied Finance IVS International SMID ETF,NASDAQ,True,False
JANI,AllianzIM International Equity Buffer15 Uncapped Jan ETF,BATS,True,False
JEMA,JPMorgan ActiveBuilders Emerging Markets Equity ETF,NASDAQ,True,False
JEMB,Janus Henderson Emerging Markets Debt Hard Currency ETF,ARCA,True,False
JHPI,John Hancock Preferred Income ETF,ARCA,True,False
JHS,John Hancock Income Securities Trust Capital Stock,NYSE,True,False
MRSK,Toews Agility Shares Managed Risk ETF,ARCA,True,False
MRT,"Marti Technologies, Inc.",AMEX,True,False
CBXJ,Calamos Bitcoin 90 Series Structured Alt Protection ETF - January,BATS,True,False
PMEC,Primech Holdings Ltd. Ordinary Shares,NASDAQ,True,False
CBXA,Calamos Bitcoin 90 Series Structured Alt Protection ETF - April,BATS,True,False
PRCS,Parnassus Core Select ETF,NYSE,True,False
LOHA,Roundhill HALO ETF,BATS,True,False
PRPL,"Purple Innovation, Inc. Common Stock",NASDAQ,True,False
RPHS,Regents Park Hedged Market Strategy ETF,BATS,True,False
RSPN,Invesco S&P 500 Equal Weight Industrials ETF,ARCA,True,False
SECT,Main Sector Rotation ETF,BATS,True,False
SELV,SEI Enhanced Low Volatility U.S. Large Cap ETF,BATS,True,False
SEMY,GraniteShares ETF Trust GraniteShares YieldBOOST Semiconductor ETF,NASDAQ,True,False
IWFL,ETRACS 2x Leveraged US Growth Factor TR ETN,ARCA,True,False
PEXL,Pacer US Export Leaders ETF,ARCA,True,False
MFSB,MFS Active Core Plus Bond ETF,NYSE,True,False
HBDC,Tidal Trust II Hilton BDC Corporate Bond ETF,NASDAQ,True,False
HCM,HUTCHMED (China) Limited American Depositary Shares,NASDAQ,True,False
MSSM,Morgan Stanley Pathway Small-Mid Cap Equity ETF,ARCA,True,False
GXPE,Global X PureCap MSCI Energy ETF,ARCA,True,False
IROC,Invesco Rochester High Yield Municipal ETF,BATS,True,False
ISBG,IncomeSTKd 1x Bitcoin & 1x Gold Premium ETF,BATS,True,False
IVVM,iShares Large Cap Moderate Quarterly Laddered ETF,BATS,True,False
IWML,ETRACS 2x Leveraged US Size Factor TR ETN,ARCA,True,False
JELM,Janus Henderson Equity Linked Moderate Income ETF,BATS,True,False
CBTY,Calamos Bitcoin 80 Series Structured Alt Protection ETF - July,BATS,True,False
MDBH,"MDB Capital Holdings, LLC Class A common",NASDAQ,True,False
MDCXW,Medicus Pharma Ltd. Warrant,NASDAQ,True,False
MEHA,"Functional Brands, Inc. Common Stock",NASDAQ,True,False
OPAD,Offerpad Solutions Inc.,NYSE,True,False
SLDPW,"Solid Power, Inc. Warrant",NASDAQ,True,False
SNT,Senstar Technologies Corporation Common Shares,NASDAQ,True,False
SNTG,Sentage Holdings Inc. Class A Ordinary Shares,NASDAQ,True,False
KXI,iShares Global Consumer Staples ETF,ARCA,True,False
LJAN,Innovator Premium Income 15 Buffer ETF - January,BATS,True,False
MSFD,Direxion Shares ETF Trust Direxion Daily MSFT Bear 1X ETF,NASDAQ,True,False
JPAN,Matthews Japan Active ETF,ARCA,True,False
RISN,Inspire Capital Appreciation ETF,ARCA,True,False
LQID,Kurv Enhanced Short Maturity ETF,BATS,True,False
NCPB,NuShares ETF Trust Nuveen Core Plus Bond ETF,NASDAQ,True,False
OBT,"Orange County Bancorp, Inc. Common Stock",NASDAQ,True,False
PIEQ,Principal International Equity ETF,BATS,True,False
SDVY,First Trust Exchange-Traded Fund VI First Trust SMID Cap Rising Dividend Achievers ETF,NASDAQ,True,False
RGT,"Royce Global Trust, Inc.",NYSE,True,False
RVT,"Royce Small-Cap Trust, Inc.",NYSE,True,False
HYG,iShares iBoxx $ High Yield Corporate Bond ETF,ARCA,True,False
CMS.PRB,Consumers Energy Company $4.50 Cumulative Preferred,NYSE,True,False
CBTL,Calamos Laddered Bitcoin 80 Series Structured Alt Protection ETF,BATS,True,False
CBTJ,Calamos Bitcoin 80 Series Structured Alt Protection ETF - January,BATS,True,False
IVR.PRC,"Invesco Mortgage Capital Inc. 7.5% Fixed-to-Floating Series C Cumulative Redeemable Preferred Stock, Liquation Preference $25.00 per Share",NYSE,True,False
PTAIY,Pt Astra International TBK Unsponsored ADR (Indonesia),OTC,True,False
HDEF,Xtrackers MSCI EAFE High Dividend Yield Equity ETF,ARCA,True,False
HPK,"HighPeak Energy, Inc. Common Stock",NASDAQ,True,False
HYT,BLACKROCK CORPORATE HIGH YIELD FUND INC.,NYSE,True,False
IBND,State Street SPDR Bloomberg International Corporate Bond ETF,ARCA,True,False
IBTG,iShares Trust iShares iBonds Dec 2026 Term Treasury ETF,NASDAQ,True,False
IBTJ,iShares Trust iShares iBonds Dec 2029 Term Treasury ETF,NASDAQ,True,False
ICLN,iShares Global Clean Energy ETF,NASDAQ,True,False
IDNA,iShares Genomics Immunology and Healthcare ETF,ARCA,True,False
IMTB,iShares Core 5-10 Year USD Bond ETF,ARCA,True,False
INDL,Direxion Daily MSCI India Bull 2X ETF,ARCA,True,False
INFO,Harbor PanAgora Dynamic Large Cap Core ETF,NYSE,True,False
INGN,"Inogen, Inc Common Stock",NASDAQ,True,False
ION,ProShares S&P Global Core Battery Metals ETF,ARCA,True,False
ISD,"PGIM High Yield Bond Fund, Inc.",NYSE,True,False
IVVB,iShares Large Cap Deep Quarterly Laddered ETF,BATS,True,False
IWMW,iShares Russell 2000 BuyWrite ETF,BATS,True,False
IYY,iShares Dow Jones U.S. ETF,ARCA,True,False
JSPR,"Jasper Therapeutics, Inc. Common Stock",NASDAQ,True,False
CLOZ,Eldridge BBB-B CLO ETF,ARCA,True,False
CBTA,Calamos Bitcoin 80 Series Structured Alt Protection ETF - April,BATS,True,False
CBRS,Cerebras Systems Inc. Class A Common Stock,NASDAQ,True,False
PFSA,"Profusa, Inc. Common Stock",NASDAQ,True,False
CBOY,Calamos Bitcoin Structured Alt Protection ETF - July,BATS,True,False
ABR.PRD,"Arbor Realty Trust, Inc. 6.375% Series D Cumulative Redeemable Preferred Stock, Liquidation Preference $25.00 per Share",NYSE,True,False
JIRE,JPMorgan International Research Enhanced Equity ETF,ARCA,True,False
JNUG,Direxion Daily Junior Gold Miners Index Bull 2X ETF,ARCA,True,False
JQC,Nuveen Credit Strategies Income Fund,NYSE,True,False
JVAL,JPMorgan U.S. Value Factor ETF,ARCA,True,False
KGS,"Kodiak Gas Services, Inc.",NYSE,True,False
LABX,Tradr 2X Long ALAB Daily ETF,BATS,True,False
LDDR,LifeX 2035 Income Bucket ETF,BATS,True,False
LFSC,"The RBB Fund, Inc. F/m Emerald Life Sciences Innovation ETF",NASDAQ,True,False
LQD,iShares iBoxx $ Investment Grade Corporate Bond ETF,ARCA,True,False
MAGY,Roundhill Magnificent Seven Covered Call ETF,BATS,True,False
MAXI,Simplify Exchange Traded Funds Simplify Bitcoin Strategy PLUS Income ETF,NASDAQ,True,False
MCN,XAI Madison Equity Premium Income Fund,NYSE,True,False
MDRR,"Medalist Diversified, Inc. Common Stock",NASDAQ,True,False
CBOO,Calamos Bitcoin Structured Alt Protection ETF - October,BATS,True,False
CBOA,Calamos Bitcoin Structured Alt Protection ETF - April,BATS,True,False
CBLL,"CeriBell, Inc. Common Stock",NASDAQ,True,False
CBC,"Central Bancompany, Inc. Class A Common Stock",NASDAQ,True,False
CALI,BlackRock ETF Trust II iShares Short-Term California Muni Active ETF,NASDAQ,True,False
CAIQ,Calamos ETF Trust Calamos Nasdaq Autocallable Income ETF,NASDAQ,True,False
MDST,Westwood Salient Enhanced Midstream Income ETF,NYSE,True,False
MKZR,"MacKenzie Realty Capital, Inc. Common Stock",NASDAQ,True,False
MVRL,ETRACS Monthly Pay 1.5X Leveraged Mortgage REIT ETN,ARCA,True,False
NANC,Unusual Whales Subversive Democratic Trading ETF,BATS,True,False
HTAB,Hartford Schroders Tax-Aware Bond ETF,ARCA,True,False
NDMO,Nuveen Dynamic Municipal Opportunities Fund Common Shares of Beneficial Interest,NYSE,True,False
NFBK,"Northfield Bancorp, Inc. Common Stock (Delaware)",NASDAQ,True,False
NPFE,NPF Core Equity ETF,BATS,True,False
NTSI,WisdomTree International Efficient Core Fund,ARCA,True,False
NTSX,WisdomTree U.S. Efficient Core Fund,ARCA,True,False
NUDM,Nuveen ESG International Developed Markets Equity ETF,BATS,True,False
MVV,ProShares Ultra MidCap400,ARCA,True,False
IVRS,iShares Future Metaverse Tech and Communications ETF,ARCA,True,False
NVDS,Investment Managers Series Trust II Tradr 1.5X Short NVDA Daily ETF,NASDAQ,True,False
NZF,Nuveen Municipal Credit Income Fund,NYSE,True,False
OBE,Obsidian Energy Ltd.,AMEX,True,False
LOKVU,Live Oak Acquisition Corp. V Units,NASDAQ,True,False
LOKVW,Live Oak Acquisition Corp. V Warrants,NASDAQ,True,False
AHT.PRI,"Ashford Hospitality Trust, Inc. 7.50% Series I Cumulative Preferred Stock",NYSE,True,False
AHT.PRH,"Ashford Hospitality Trust, Inc. 7.50 Percent Series H Cumulative Preferred Stock",NYSE,True,False
LRHC,La Rosa Holdings Corp. Common Stock,NASDAQ,True,False
OBTC,Osprey Bitcoin Trust Common Units of Beneficial Interest,NASDAQ,True,False
PAUG,Innovator U.S. Equity Power Buffer ETF - August,BATS,True,False
PFO,Flaherty & Crumrine Preferred and Income Opportunity Fund Incorporated,NYSE,True,False
PFRL,PGIM Floating Rate Income ETF,ARCA,True,False
PHDG,Invesco S&P 500 Downside Hedged ETF,ARCA,True,False
PINK,Simplify Health Care ETF,ARCA,True,False
PPT,Putnam Premier Income Trust,NYSE,True,False
PSK,State Street SPDR ICE Preferred Securities ETF,ARCA,True,False
PTBD,Pacer Trendpilot US Bond ETF,ARCA,True,False
PWB,Invesco Large Cap Growth ETF,ARCA,True,False
QGRO,American Century U.S. Quality Growth ETF,ARCA,True,False
QTAP,Innovator Growth Accelerated Plus ETF - April,BATS,True,False
RAVI,FlexShares Ultra-Short Income Fund,ARCA,True,False
RCS,"PIMCO STRATEGIC INCOME FUND, INC.",NYSE,True,False
RFI,Cohen and Steers Total Return Realty Fund,NYSE,True,False
RWK,Invesco S&P MidCap 400 Revenue ETF,ARCA,True,False
STXK,EA Series Trust Strive Small-Cap ETF,NYSE,True,False
AHT.PRD,"Ashford Hospitality Trust, Inc. 8.45% Series D",NYSE,True,False
CAGE,Calamos Autocallable Growth ETF,ARCA,True,False
CAFG,Pacer Funds Trust Pacer US Small Cap Cash Cows Growth Leaders ETF,NASDAQ,True,False
JRSH,"Jerash Holdings (US), Inc. Common Stock",NASDAQ,True,False
CAF,"MORGAN STANLEY CHINA A SHARE FUND, INC",NYSE,True,False
UPSD,Aptus Large Cap Upside ETF,BATS,True,False
PULT,Putnam ESG Ultra Short ETF,ARCA,True,False
SBI,"Western Asset Intermediate Muni Fund, Inc.",NYSE,True,False
SCD,"LMP Capital and Income Fund, Inc.",NYSE,True,False
SCHV,Schwab U.S. Large-Cap Value ETF,ARCA,True,False
IWC,iShares Micro-Cap ETF,ARCA,True,False
IAPR,Innovator International Developed Power Buffer ETF April,ARCA,True,False
JRS,Nuveen Real Estate Income Fund,NYSE,True,False
OPPJ,WisdomTree Trust WisdomTree Japan Opportunities Fund,NASDAQ,True,False
RFL,"Rafael Holdings, Inc. Class B Common Stock",NYSE,True,False
RMT,Royce Micro-Cap Trust Inc,NYSE,True,False
RSPU,Invesco S&P 500 Equal Weight Utilities ETF,ARCA,True,False
IEO,iShares U.S. Oil & Gas Exploration & Production ETF,BATS,True,False
HEQ,John Hancock Diversified Income Fund,NYSE,True,False
PRFZ,Invesco Exchange-Traded Fund Trust Invesco RAFI US 1500 Small-Mid ETF,NASDAQ,True,False
LVHD,Franklin U.S. Low Volatility High Dividend Index ETF,NASDAQ,True,False
CABZ,"Roundhill Robotaxi, Autonomous Vehicles & Technology ETF",BATS,True,False
BZZ,Corgi Drones & Urban Air Mobility ETF,BATS,True,False
MMA,Mixed Martial Arts Group Limited,AMEX,True,False
BZQ,ProShares UltraShort MSCI Brazil Capped,ARCA,True,False
BWZ,State Street SPDR Bloomberg Short Term International Treasury Bond ETF,ARCA,True,False
MSGM,Motorsport Games Inc. Class A Common Stock,NASDAQ,True,False
NFTY,First Trust India Nifty 50 Equal Weight ETF,NASDAQ,True,False
RXL,ProShares Ultra Health Care,ARCA,True,False
MOOD,Alpha Architect ETF Trust Relative Sentiment Tactical Allocation ETF,NASDAQ,True,False
PNNT,Pennant Investment Corp,NYSE,True,False
PERF,Perfect Corp.,NYSE,True,False
INDP,"Indaptus Therapeutics, Inc. Common Stock",NASDAQ,True,False
RMI,"RiverNorth Opportunistic Municipal Income Fund, Inc. Common Stock",NYSE,True,False
IGCB,TCW Corporate Bond ETF,NYSE,True,False
PSMD,Pacer Swan SOS Moderate (January) ETF,BATS,True,False
RNRG,Global X Funds Global X Renewable Energy Producers ETF,NASDAQ,True,False
MMAY,Pacer Swan SOS Moderate (May) ETF,BATS,True,False
MMID,MFS Active Mid Cap ETF,NYSE,True,False
NJUN,Innovator Growth-100 Power Buffer ETF - June,BATS,True,False
HFMF,Unlimited HFMF Managed Futures ETF,NYSE,True,False
PBAU,PGIM S&P 500 Buffer 20 ETF - August,BATS,True,False
JLS,Nuveen Mortgage and Income Fund,NYSE,True,False
MAYT,AllianzIM U.S. Equity Buffer10 May ETF,BATS,True,False
MSGY,Masonglory Limited Ordinary Shares,NASDAQ,True,False
MWYN,"Marwynn Holdings, Inc. Common stock",NASDAQ,True,False
BWG,BrandywineGLOBAL Global Income Opportunities Fund Inc.,NYSE,True,False
CPNM,Calamos Nasdaq-100 Structured Alt Protection ETF - March,ARCA,True,False
BWET,Breakwave Tanker Shipping ETF,ARCA,True,False
BVAL,Bluemonte Large Cap Value ETF,ARCA,True,False
BUYZ,Franklin Disruptive Commerce ETF,BATS,True,False
QAT,iShares Trust iShares MSCI Qatar ETF,NASDAQ,True,False
IMAR,Innovator International Developed Power Buffer ETF - March,ARCA,True,False
MEAR,iShares Short Maturity Municipal Bond Active ETF,BATS,True,False
NEWZ,EA Series Trust StockSnips AI-Powered Sentiment US All Cap ETF,NASDAQ,True,False
RILA,Indexperts Gorilla Aggressive Growth ETF,ARCA,True,False
RSPE,Invesco ESG S&P 500 Equal Weight ETF,ARCA,True,False
RAUS,EA Series Trust RACWI US ETF,NASDAQ,True,False
IYC,iShares U.S. Consumer Discretionary ETF,ARCA,True,False
NAMM,Namib Minerals Ordinary Shares,NASDAQ,True,False
NAN,Nuveen New York Quality Municipal Income Fund,NYSE,True,False
NAPR,Innovator Growth-100 Power Buffer ETF - April,BATS,True,False
NASA,Tema Space Innovators ETF,ARCA,True,False
OEFA,ALPS O'Shares International Developed Quality Dividend ETF,ARCA,True,False
OEI,Optimized Equity Income ETF,ARCA,True,False
NXPLW,NextPlat Corp Warrants,NASDAQ,True,False
SUIL,2x Sui ETF,BATS,True,False
BUYO,KraneShares Man Buyout Beta Index ETF,ARCA,True,False
BUYB,ProShares S&P 500 Buyback Aristocrats ETF,ARCA,True,False
OGIG,ALPS O'Shares Global Internet Giants ETF,ARCA,True,False
OIA,INVESCO MUNICIPAL INCOME OPPORTUNITIES TRUST,NYSE,True,False
OILD,MicroSectors Oil & Gas Exp. & Prod. -3x Inverse Leveraged ETN,ARCA,True,False
OILU,MicroSectors Oil & Gas Exp. & Prod. 3x Leveraged ETN,ARCA,True,False
OKLL,Tidal Trust II Defiance Daily Target 2x Long OKLO ETF,NASDAQ,True,False
OKTG,Themes ETF Trust Leverage Shares 2X Long OKTA Daily ETF,NASDAQ,True,False
OPER,ClearShares Ultra-Short Maturity ETF,ARCA,True,False
SAWG,AAM Sawgrass US Large Cap Quality Growth ETF,ARCA,True,False
SAWS,AAM Sawgrass US Small Cap Quality Growth ETF,ARCA,True,False
HDL,SUPER HI INTERNATIONAL HOLDING LTD. American Depositary Shares,NASDAQ,True,False
HDLB,"ETRACS Monthly Pay 2xLeveraged US High Dividend Low Volatility ETN Series B due October 21, 2049",ARCA,True,False
HDMV,First Trust Horizon Managed Volatility Developed International ETF,ARCA,True,False
HEAL,Global X Funds Global X HealthTech ETF,NASDAQ,True,False
HECA,Hedgeye Capital Allocation ETF,ARCA,True,False
IAE,VOYA ASIA PACIFIC HIGH DIVIDEND EQUITY INCOME FUND,NYSE,True,False
REK,ProShares Short Real Estate,ARCA,True,False
IYK,iShares U.S. Consumer Staples ETF,ARCA,True,False
IYLD,iShares Morningstar Multi-Asset Income ETF,BATS,True,False
BULZ,MicroSectors FANG & Innovation 3x Leveraged ETN,ARCA,True,False
LCLN,"Lincoln International, Inc.",NYSE,True,False
PGYWW,Pagaya Technologies Ltd. Warrants,NASDAQ,True,False
IOTR,iOThree Limited Ordinary Shares,NASDAQ,True,False
BULX,GraniteShares ETF Trust GraniteShares 2x Long BULL Daily ETF,NASDAQ,True,False
RIBB,Ribbon Acquisition Corp Class A Ordinary Shares,NASDAQ,True,False
HOWL,"Werewolf Therapeutics, Inc. Common Stock",NASDAQ,True,False
REBN,"Reborn Coffee, Inc. Common Stock",NASDAQ,True,False
HOVRW,New Horizon Aircraft Ltd. Warrant,NASDAQ,True,False
JDVI,John Hancock Disciplined Value International Select ETF,ARCA,True,False
JDVL,John Hancock Disciplined Value Select ETF,ARCA,True,False
KBDU,KraneShares 2x Long BIDU Daily ETF,NASDAQ,True,False
KBFR,Innovator U.S. Small Cap Managed 10 Buffer ETF,ARCA,True,False
KBUF,KraneShares 90% KWEB Defined Outcome January 2027 ETF,ARCA,True,False
KBWP,Invesco Exchange-Traded Fd Tr II Invesco KBW Property & Casualty Insurance ETF,NASDAQ,True,False
MAAS,Maase Inc. Class A Ordinary Shares,NASDAQ,True,False
MART,AllianzIM U.S. Equity Buffer10 Mar ETF,BATS,True,False
MARW,AllianzIM U.S. Equity Buffer20 Mar ETF,BATS,True,False
MARZ,TrueShares Structured Outcome (March) ETF,BATS,True,False
MSFO,YieldMax MSFT Option Income Strategy ETF,ARCA,True,False
MHLA,"Maiden Holdings, Ltd.",NYSE,True,False
BULG,Themes ETF Trust Leverage Shares 2X Long BULL Daily ETF,NASDAQ,True,False
PSA.PRQ,"Public Storage Depositary Shares Each Representing 1/1,000 of a 3.950% Cumulative Preferred Share of Beneficial Interest, Series Q",NYSE,True,False
BULD,Pacer Funds Pacer BlueStar Engineering the Future ETF,NASDAQ,True,False
MSFW,Roundhill MSFT WeeklyPay ETF,BATS,True,False
MSTY,YieldMax MSTR Option Income Strategy ETF,ARCA,True,False
MSTZ,T-Rex 2X Inverse MSTR Daily Target ETF,BATS,True,False
MTC,"MMTec, Inc. Common Shares",NASDAQ,True,False
NJUL,Innovator Growth-100 Power Buffer ETF - July,BATS,True,False
NKLR,Terra Innovatum Global N.V. Ordinary shares,NASDAQ,True,False
NKX,Nuveen California AMT-Free Quality Municipal Income Fund,NYSE,True,False
NLSI,NEOS Long/Short Equity Income ETF,BATS,True,False
NMAR,Innovator Growth-100 Power Buffer ETF - March,BATS,True,False
NVIT,YieldMax NVDA Performance & Distribution Target 25 ETF,BATS,True,False
NVTX,Tradr 2X Long NVTS Daily ETF,BATS,True,False
RFEM,First Trust Exchange-Traded Fund III First Trust RiverFront Dynamic Emerging Markets ETF,NASDAQ,True,False
RFFC,ALPS Active Equity Opportunity ETF,ARCA,True,False
RFG,Invesco S&P MidCap 400 Pure Growth ETF,ARCA,True,False
RFIX,Simplify Bond Bull ETF,ARCA,True,False
RFLR,Innovator U.S. Small Cap Managed Floor ETF,ARCA,True,False
SABA,Saba Capital Income & Opportunities Fund II,NYSE,True,False
SCAP,Infrastructure Capital Small Cap Income ETF,ARCA,True,False
SCDL,ETRACS 2x Leveraged US Dividend Factor TR ETN,ARCA,True,False
BUFX,FT Vest Laddered Enhance & Moderate Buffer ETF,BATS,True,False
RETO,"ReTo Eco-Solutions, Inc. Class A Shares",NASDAQ,True,False
RF.PRF,"Regions Financial Corporation Depositary Shares Each Representing a 1/40th Interest in a Share of Non-Cumulative Perpetual Preferred Stock, Series F",NYSE,True,False
RFAIR,RF Acquisition Corp II Right,NASDAQ,True,False
ACTU,"Actuate Therapeutics, Inc. Common stock",NASDAQ,True,False
ACXP,"Acurx Pharmaceuticals, Inc. Common Stock",NASDAQ,True,False
ADVB,Advanced Biomed Inc. Common Stock,NASDAQ,True,False
AEAQ,Activate Energy Acquisition Corp. Class A Ordinary Share,NASDAQ,True,False
AEC,Anfield Energy Inc. Common Shares,NASDAQ,True,False
AEFC,Aegon Funding Company LLC 5.10% Subordinated Notes due 2049,NYSE,True,False
SEPT,AllianzIM U.S. Equity Buffer10 Sep ETF,BATS,True,False
SEPU,AllianzIM U.S. Equity Buffer15 Uncapped Sep ETF,BATS,True,False
SFTX,Horizon International Managed Risk ETF,ARCA,True,False
ICRC,Bitwise CRCL Option Income Strategy ETF,ARCA,True,False
IONR,ioneer Ltd American Depositary Shares,NASDAQ,True,False
HTLM,HomesToLife Ltd Ordinary Shares,NASDAQ,True,False
HWSM,Hotchkis & Wiley SMID Cap Diversified Value Fund,NASDAQ,True,False
HYBB,iShares BB Rated Corporate Bond ETF,ARCA,True,False
HYBI,NEOS ETF Trust NEOS Enhanced Income Credit Select ETF,NASDAQ,True,False
HYD,VanEck High Yield Muni ETF,BATS,True,False
HYGM,Amplify HYG High Yield 10% Target Income ETF,BATS,True,False
PFOE,The RBB Fund Trust Pathfinder Focused Opportunities ETF,NASDAQ,True,False
AHT.PRG,"Ashford Hospitality Trust, Inc   7.375% Series G Cumulative Preferred Stock",NYSE,True,False
ADC.PRA,"Agree Realty Corporation Depositary Shares, each representing 1/1,000th of a 4.250% Series A Cumulative Redeemable Preferred Stock",NYSE,True,False
BCTX,BriaCell Therapeutics Corp. Common Shares,NASDAQ,True,False
PILL,Direxion Daily Pharmaceutical & Medical Bull 3X ETF,ARCA,True,False
MPRO,Monarch ProCap Index ETF,BATS,True,False
NMT,Nuveen Massachusetts Quality Municipal Income Fund,NYSE,True,False
ORCX,Tidal Trust II Defiance Daily Target 2X Long ORCL ETF,NASDAQ,True,False
OVF,Overlay Shares Foreign Equity ETF,BATS,True,False
PZA,Invesco National AMT-Free Municipal Bond ETF,ARCA,True,False
PZIV,Pzena International Value ETF,ARCA,True,False
PZLV,Pzena U.S. Large Cap Value ETF,ARCA,True,False
PZT,Invesco New York AMT-Free Municipal Bond ETF,ARCA,True,False
QABA,First Trust NASDAQ ABA Community Bank Index Fund,NASDAQ,True,False
NRO,Neuberger Real Estate Securities Income Fund Inc.,AMEX,True,False
JUNM,FT Vest U.S. Equity Max Buffer ETF - June,BATS,True,False
JUNT,AllianzIM U.S. Equity Buffer10 Jun ETF,BATS,True,False
KEMX,KraneShares MSCI Emerging Markets Ex China Index ETF,ARCA,True,False
KLIP,KraneShares KWEB Covered Call Strategy ETF,ARCA,True,False
KLMT,Invesco MSCI Global Climate 500 ETF,ARCA,True,False
MREO,Mereo BioPharma Group plc American Depositary Shares,NASDAQ,True,False
MRLN,"Merlin, Inc. Common Stock",NASDAQ,True,False
DFSCW,DEFSEC Technologies Inc. Warrant,NASDAQ,True,False
FERA,Fifth Era Acquisition Corp I Class A Ordinary Shares,NASDAQ,True,False
FMSTW,Foremost Clean Energy Ltd. Warrant,NASDAQ,True,False
KT,KT Corp.,NYSE,True,True
QSI,Quantum-Si Incorporated Class A Common Stock,NASDAQ,True,False
QSU,Defiance Daily Target 2X Long QS ETF,ARCA,True,False
QTAC,Q3 All-Season Tactical Advantage ETF,BATS,True,False
RGYY,GraniteShares ETF Trust GraniteShares YieldBoost RGTI ETF,NASDAQ,True,False
MKTN,Federated Hermes MDT Market Neutral ETF,ARCA,True,False
MLSS,"Milestone Scientific, Inc. Common Stock",AMEX,True,False
IJUN,Innovator International Developed Power Buffer ETF - June,ARCA,True,False
IQSI,NYLI Candriam International Equity ETF,ARCA,True,False
IQSM,NYLI Candriam U.S. Mid Cap Equity ETF,ARCA,True,False
MSOX,AdvisorShares MSOS Daily Leveraged ETF,ARCA,True,False
MSR,GraniteShares ETF Trust GraniteShares Autocallable MSTR ETF,NASDAQ,True,False
MSST,YieldMax MSTR Performance & Distribution Target 25 ETF,BATS,True,False
MSTI,Madison Short-Term Strategic Income ETF,ARCA,True,False
MSTP,GraniteShares ETF Trust GraniteShares 2x Long MSTR Daily ETF,NASDAQ,True,False
MSTQ,LHA Market State Tactical Q ETF,BATS,True,False
MSTU,T-Rex 2X Long MSTR Daily Target ETF,BATS,True,False
MSTW,Roundhill MSTR WeeklyPay ETF,BATS,True,False
MSTX,Tidal Trust II Defiance Daily Target 2x Long MSTR ETF,NASDAQ,True,False
NAKA,Nakamoto Inc. Common Stock,NASDAQ,True,False
NAMI,Jinxin Technology Holding Company American Depositary Shares,NASDAQ,True,False
OILK,ProShares K-1 Free Crude Oil ETF,BATS,True,False
PBPH,Tidal Trust IV Portfolio Building Block World Pharma and Biotech Index ETF,NASDAQ,True,False
PBQQ,PGIM Rock ETF Trust PGIM Laddered Nasdaq-100 Buffer 12 ETF,NASDAQ,True,False
RSPM,Invesco S&P 500 Equal Weight Materials ETF,ARCA,True,False
RSPR,Invesco S&P 500 Equal Weight Real Estate ETF,ARCA,True,False
RXI,iShares Global Consumer Discretionary ETF,ARCA,True,False
SETM,Sprott Funds Trust Sprott Critical Materials ETF,NASDAQ,True,False
HLXX,Tradr 2X Long HL Daily ETF,BATS,True,False
HMAY,Corgi U.S. Equities 100% Structured Buffer ETF - May Series,BATS,True,False
JMOM,JPMorgan U.S. Momentum Factor ETF,ARCA,True,False
JPEF,J.P. Morgan Exchange-Traded Fund Trust JPMorgan Equity Focus ETF,NASDAQ,True,False
JPHY,JPMorgan Active High Yield ETF,ARCA,True,False
JPIB,JPMorgan International Bond Opportunities ETF,ARCA,True,False
MSDD,GraniteShares ETF Trust GraniteShares 2x Short MSTR Daily ETF,NASDAQ,True,False
JHHY,John Hancock High Yield ETF,ARCA,True,False
IVVW,iShares S&P 500 BuyWrite ETF,BATS,True,False
IDE,"VOYA INFRASTRUCTURE, INDUSTRIALS AND MATERIALS FUND",NYSE,True,False
SARK,Investment Managers Series Trust II Tradr 1X Short Innovation Daily ETF,NASDAQ,True,False
RWIN,Rayliant Funds Trust Rayliant NxtGen Multifactor International Equity ETF,NASDAQ,True,False
JMM,"NUVEEN MULTI-MARKET INCOME FUND, INC",NYSE,True,False
JMMF,JPMorgan 100% U.S. Treasury Securities Money Market ETF,ARCA,True,False
JMSI,JPMorgan Sustainable Municipal Income ETF,ARCA,True,False
JMST,JPMorgan Ultra-Short Municipal Income ETF,ARCA,True,False
MMAX,iShares Large Cap Max Buffer Mar ETF,BATS,True,False
OZEM,Roundhill ETF Trust Roundhill GLP-1 & Weight Loss ETF,NASDAQ,True,False
OKLS,Defiance Daily Target 2X Short OKLO ETF,ARCA,True,False
KNGZ,First Trust Exchange-Traded Fund VI First Trust S&P 500 Diversified Dividend Aristocrats ETF,NASDAQ,True,False
LFAO,LifeX 2055 Longevity Income ETF,BATS,True,False
LFBE,LifeX 2065 Longevity Income ETF,BATS,True,False
NVDL,GraniteShares ETF Trust GraniteShares 2x Long NVDA Daily ETF,NASDAQ,True,False
NVG,Nuveen AMT-Free Municipal Credit Income Fund,NYSE,True,False
PMJA,PGIM S&P 500 Max Buffer ETF - January,BATS,True,False
PMJL,PGIM S&P 500 Max Buffer ETF - July,BATS,True,False
JEDI,Defiance Drone and Modern Warfare ETF,ARCA,True,False
JTEK,J.P. Morgan Exchange-Traded Fund Trust JPMorgan U.S. Tech Leaders ETF,NASDAQ,True,False
MFMO,"The RBB Fund, Inc. Motley Fool Momentum Factor ETF",NASDAQ,True,False
MST,Tidal Trust II Defiance Leveraged Long Income MSTR ETF,NASDAQ,True,False
MSTB,LHA Market State Tactical Beta ETF,BATS,True,False
PBP,Invesco S and P 500 BuyWrite ETF,BATS,True,False
RMIF,LHA Risk-Managed Income ETF,BATS,True,False
NDOW,Anydrus Advantage ETF,BATS,True,False
SPIR,"Spire Global, Inc.",NYSE,True,False
SPKL,Spark I Acquisition Corp. Class A Ordinary Share,NASDAQ,True,False
SPMA,"Sound Point Meridian Capital, Inc. 8.00% Series A Preferred Shares Due 2029",NYSE,True,False
SSBI,Summit State Bank Common Stock,NASDAQ,True,False
BUFT,FT Vest Buffered Allocation Defensive ETF,BATS,True,False
SFB,Stifel Financial Corp.5.20 percent Senior Notes due 2047,NYSE,True,False
IVSI,ETF Opportunities Trust Applied Finance IVS International Large ETF,NASDAQ,True,False
IVSS,ETF Opportunities Trust Applied Finance IVS US SMID ETF,NASDAQ,True,False
JBBB,Janus Henderson B-BBB CLO ETF,BATS,True,False
SAPH,SAP SE ADRhedged,ARCA,True,False
SASS,M.D. Sass Concentrated Value ETF,ARCA,True,False
JMID,Janus Detroit Street Trust Janus Henderson Mid Cap Growth Alpha ETF,NASDAQ,True,False
MLPD,Global X MLP & Energy Infrastructure Covered Call ETF,ARCA,True,False
ICAP,Infrastructure Capital Equity Income ETF,ARCA,True,False
PCQ,Pimco California Municipal Income Fund,NYSE,True,False
QQXL,ProShares Trust ProShares Ultra QQQ Top 30,NASDAQ,True,False
SETH,ProShares Short Ether ETF,ARCA,True,False
NBCE,Neuberger China Equity ETF,ARCA,True,False
ODHY,Obra Defensive High Yield ETF,ARCA,True,False
IFGL,iShares International Developed Real Estate ETF,NASDAQ,True,False
MAVF,Matrix Advisors Value ETF,ARCA,True,False
JGH,NUVEEN GLOBAL HIGH INCOME FUND,NYSE,True,False
KTF,DWS Municipal Income Trust,NYSE,True,False
TRTN.PRE,Triton International Limited 5.75% Series E Cumulative Redeemable Perpetual Preference Shares,NYSE,True,False
TRTN.PRF,Triton International Limited 7.625% Series F Cumulative Redeemable Perpetual Preference Shares,NYSE,True,False
GRI,"GRI Bio, Inc. Common Stock",NASDAQ,True,False
TRTN.PRG,Triton International Limited 7.500% Series G Cumulative Redeemable Perpetual Preference Shares,NYSE,True,False
BUFQ,FT Vest Laddered Nasdaq Buffer ETF,BATS,True,False
NFLW,Roundhill NFLX WeeklyPay ETF,BATS,True,False
OACP,OneAscent Core Plus Bond ETF,ARCA,True,False
PCIG,Polen Capital International Growth ETF,ARCA,True,False
PIEL,Pacer International Export Leaders ETF,BATS,True,False
PWZ,Invesco California AMT-Free Municipal Bond ETF,ARCA,True,False
RFDA,ALPS Dynamic US Dividend Advantage ETF,ARCA,True,False
RSDE,FT Vest U.S. Equity Equal Weight Buffer ETF - December,ARCA,True,False
RXT,"Rackspace Technology, Inc. Common Stock",NASDAQ,True,False
RZG,Invesco S&P SmallCap 600 Pure Growth ETF,ARCA,True,False
RZLV,Rezolve AI PLC Ordinary Shares,NASDAQ,True,False
PPH,VanEck Pharmaceutical ETF,NASDAQ,True,False
RVI,Robinhood Ventures Fund I,NYSE,True,False
NHYB,Nuveen High Yield Corporate Bond ETF,ARCA,True,False
IRTR,iShares LifePath Retirement ETF,ARCA,True,False
NVDX,T-Rex 2X Long NVIDIA Daily Target ETF,BATS,True,False
PCS,PGIM Corporate Bond 0-5 Year ETF,BATS,True,False
INVN,Alger Russell Innovation ETF,ARCA,True,False
WLII,Willow Lane Acquisition Corp. II Class A Ordinary Shares,NASDAQ,True,False
JHMD,John Hancock Multifactor Developed International ETF,ARCA,True,False
RINF,ProShares Inflation Expectations ETF,ARCA,True,False
JHLN,John Hancock Global Senior Loan ETF,ARCA,True,False
MANI,Man Active Income ETF,ARCA,True,False
SECR,NYLI MacKay Securitized Income ETF,ARCA,True,False
IYH,iShares U.S. Healthcare ETF,ARCA,True,False
MPU,Mega Matrix Inc.,AMEX,True,False
IDU,iShares U.S. Utilities ETF,ARCA,True,False
JUCY,Aptus Enhanced Yield ETF,BATS,True,False
HFRO,Highland Opportunities and Income Fund,NYSE,True,False
NBXG,Neuberger Next Generation Connectivity Fund Inc.,NYSE,True,False
JOF,JAPAN SMALLER CAPITALIZATION FUND,NYSE,True,False
IBUY,Amplify Online Retail ETF,ARCA,True,False
PMMR,PGIM S&P 500 Max Buffer ETF - March,BATS,True,False
PMI,"Picard Medical, Inc.",AMEX,True,False
IQRA,NYLI CBRE Real Assets ETF,ARCA,True,False
RWM,ProShares Short Russell2000,ARCA,True,False
NVIR,Horizon Kinetics Energy and Remediation ETF,ARCA,True,False
QXO,"QXO, Inc.",NYSE,True,True
IBIG,iShares iBonds Oct 2030 Term TIPS ETF,ARCA,True,False
IDOG,ALPS International Sector Dividend Dogs ETF,ARCA,True,False
IIF,"Morgan Stanley India Investment Fund, Inc.",NYSE,True,False
RCLO,Reckoner BBB-B CLO ETF,ARCA,True,False
SFGV,Sequoia Global Value ETF,ARCA,True,False
PAWZ,ProShares Pet Care ETF,BATS,True,False
MIGO,MIG Core ETF,ARCA,True,False
ONEZ,TrueShares Seasonality Laddered Buffered ETF,BATS,True,False
RULE,Adaptive Core ETF,BATS,True,False
ISWN,Amplify BlackSwan ISWN ETF,ARCA,True,False
MFUL,Mindful Conservative ETF,BATS,True,False
REI,Ring Energy Inc.,AMEX,True,False
RBIL,"The RBB Fund, Inc. F/m Ultrashort Treasury Inflation-Protected Security (TIPS) ETF",NASDAQ,True,False
MLN,VanEck Long Muni ETF,BATS,True,False
PFFL,ETRACS Monthly Pay 2xLeveraged Preferred Stock ETN,ARCA,True,False
RVNL,GraniteShares ETF Trust GraniteShares 2x Long RIVN Daily ETF,NASDAQ,True,False
QIDX,Indexperts Quality Earnings Focused ETF,ARCA,True,False
NODE,VanEck Onchain Economy ETF,BATS,True,False
PFUT,Putnam Sustainable Future ETF,ARCA,True,False
KBDC,"Kayne Anderson BDC, Inc.",NYSE,True,False
RSEE,Rareview Systematic Equity ETF,BATS,True,False
SDFI,AB Short Duration Income ETF,ARCA,True,False
LENS,Sarmaya Thematic ETF,BATS,True,False
SCAG,Scage Future American Depositary Shares,NASDAQ,True,False
NBGX,Neuberger Growth ETF,ARCA,True,False
PTRB,PGIM Total Return Bond ETF,ARCA,True,False
IGTR,Innovator Gradient Tactical Rotation Strategy ETF,ARCA,True,False
HBTC,Fortuna Hedged Bitcoin ETF,BATS,True,False
NVDB,ProShares Ultra NVDA,ARCA,True,False
OCTB,Aptus October Buffer ETF,BATS,True,False
BUFP,PGIM Laddered S&P 500 Buffer 12 ETF,BATS,True,False
BUFM,"AB Active ETFs, Inc. AB Moderate Buffer ETF",NASDAQ,True,False
PJUL,Innovator U.S. Equity Power Buffer ETF - July,BATS,True,False
RB,ProShares Russell 2000 Dynamic Buffer ETF,BATS,True,False
MHY,Man Active High Yield ETF,ARCA,True,False
QLTY,GMO U.S. Quality ETF,ARCA,True,False
HGRO,Hedgeye Quality Growth ETF,ARCA,True,False
HOOZ,Defiance Daily Target 2X Short HOOD ETF,ARCA,True,False
HULL,Corgi Shipping & Global Logistics ETF,BATS,True,False
IAUG,Innovator International Developed Power Buffer ETF - August,ARCA,True,False
HELS,Hedgeye 130/30 Equity ETF,ARCA,True,False
QETH,Invesco Galaxy Ethereum ETF,BATS,True,False
RFCI,ALPS Dynamic Core Income ETF,ARCA,True,False
IGGY,AB International Growth ETF,ARCA,True,False
JADB,Aptus January Deep Buffer ETF,BATS,True,False
LLII,REX LLY Growth & Income ETF,BATS,True,False
HIDV,AB US High Dividend ETF,ARCA,True,False
GXPC,Global X PureCap MSCI Communication Services ETF,ARCA,True,False
JOJO,ATAC Credit Rotation ETF,ARCA,True,False
JOUL,Corgi High Voltage Grid Equipment ETF,BATS,True,False
KMLI,KraneShares Trust KraneShares 2x Long MELI Daily ETF,NASDAQ,True,False
HAIL,State Street SPDR S&P Kensho Smart Mobility ETF,ARCA,True,False
HAKY,Amplify HACK Cybersecurity Covered Call ETF,ARCA,True,False
HAP,VanEck Natural Resources ETF,ARCA,True,False
BUFI,"AB Active ETFs, Inc. AB International Buffer ETF",NASDAQ,True,False
HCMAU,HCM III Acquisition Corp. Units,NASDAQ,True,False
BUFE,FT Vest Laddered Emerging Markets Buffer ETF,BATS,True,False
HAPS,Harbor Human Capital Factor US Small Cap ETF,ARCA,True,False
HBTA,Horizon Expedition Plus ETF,ARCA,True,False
HCMT,Direxion HCM Tactical Enhanced US ETF,ARCA,True,False
HCOW,Amplify ETF Trust Amplify COWS Covered Call ETF,NASDAQ,True,False
HDG,ProShares Hedge Replication ETF,ARCA,True,False
HECO,SSGA Active Trust State Street Galaxy Hedged Digital Asset Ecosystem ETF,NASDAQ,True,False
HEEM,iShares Currency Hedged MSCI Emerging Markets,BATS,True,False
HEFT,Hedgeye Fourth Turning ETF,ARCA,True,False
NXTE,AXS Green Alpha ETF,ARCA,True,False
HEQQ,J.P. Morgan Exchange-Traded Fund Trust JPMorgan Nasdaq Hedged Equity Laddered Overlay ETF,NASDAQ,True,False
HERD,Pacer Funds Pacer Cash Cows Fund of Funds ETF,NASDAQ,True,False
HERO,Global X Funds Global X Video Games & Esports ETF,NASDAQ,True,False
HERZ,"Herzfeld Credit Income Fund, Inc. Common Stock",NASDAQ,True,False
HF,DGA Core Plus Absolute Return ETF,NYSE,True,False
PWV,Invesco Large Cap Value ETF,ARCA,True,False
HFEQ,Unlimited HFEQ Equity Long/Short ETF,NYSE,True,False
OMFS,Invesco Russell 2000 Dynamic Multifactor ETF,BATS,True,False
HFSI,Hartford Strategic Income ETF,BATS,True,False
HFSP,Tidal Trust III TradersAI Large Cap Equity & Cash ETF,NASDAQ,True,False
HFXI,NYLI FTSE International Equity Currency Neutral ETF,ARCA,True,False
NHIVU,NewHold Investment Corp IV Units,NASDAQ,True,False
NHPAP,"National Healthcare Properties, Inc. 7.375% Series A Cumulative Redeemable Perpetual Preferred Stock",NASDAQ,True,False
BUFC,"AB Active ETFs, Inc. AB Conservative Buffer ETF",NASDAQ,True,False
BTOT,iShares Total USD Fixed Income Market ETF,ARCA,True,False
HGER,Harbor Commodity All-Weather Strategy ETF,NYSE,True,False
HISF,First Trust Exchange-Traded Fund IV First Trust High Income Strategic Focus ETF,NASDAQ,True,False
HMR,Heidmar Maritime Holdings Corp. Common Stock,NASDAQ,True,False
HMYY,GraniteShares ETF Trust GraniteShares YieldBoost HIMS ETF,NASDAQ,True,False
HODU,Direxion Shares ETF Trust Direxion Daily HOOD Bull 2X ETF,NASDAQ,True,False
HOLA,JPMorgan International Hedged Equity Laddered Overlay ETF,ARCA,True,False
HOVR,New Horizon Aircraft Ltd. Class A Ordinary Share,NASDAQ,True,False
HRTX,"Heron Therapeutics, Inc. Common Stock",NASDAQ,True,False
HRZN,Horizon Technology Finance Corporation Common Stock,NASDAQ,True,False
HSCZ,iShares Currency Hedged MSCI EAFE Small-Cap ETF,ARCA,True,False
HSDT,Solana Company Class A Common Stock (DE),NASDAQ,True,False
HSMV,First Trust Horizon Managed Volatility Small/Mid ETF,ARCA,True,False
QEFA,State Street SPDR MSCI EAFE StrategicFactors ETF,ARCA,True,False
QFHD,Pacer S&P 500 Quality FCF High Dividend ETF,BATS,True,False
QLTI,GMO International Quality ETF,ARCA,True,False
HUMA,"Humacyte, Inc. Common Stock",NASDAQ,True,False
BTOP,Bitwise Trendwise BTC/ETH and Treasuries Rotation Strategy ETF,ARCA,True,False
BTGD,Tidal Trust II STKd 100% Bitcoin & 100% Gold ETF,NASDAQ,True,False
BTCZ,T-Rex 2X Inverse Bitcoin Daily Target ETF,BATS,True,False
HURA,"TuHURA Biosciences, Inc. Common Stock",NASDAQ,True,False
HUSV,First Trust Horizon Managed Volatility Domestic ETF,ARCA,True,False
HUTG,Themes ETF Trust Leverage Shares 2X Long HUT Daily ETF,NASDAQ,True,False
HWAY,Themes ETF Trust Themes US Infrastructure ETF,NASDAQ,True,False
HYEM,VanEck Emerging Markets High Yield Bond ETF,ARCA,True,False
HOLD,Harbor Alpha Layering ETF,ARCA,True,False
IBAT,iShares Trust iShares Energy Storage & Materials ETF,NASDAQ,True,False
IBBQ,Invesco Exchange-Traded Fund Trust II Invesco Nasdaq Biotechnology ETF,NASDAQ,True,False
IBCA,iShares iBonds Dec 2035 Term Corporate ETF,ARCA,True,False
IBGM,iShares Trust iShares iBonds Dec 2056 Term Treasury ETF,NASDAQ,True,False
IBHH,iShares iBonds 2028 Term High Yield and Income ETF,BATS,True,False
IBHI,iShares iBonds 2029 Term High Yield and Income ETF,BATS,True,False
IBHJ,iShares iBonds 2030 Term High Yield and Income ETF,BATS,True,False
IBHK,iShares iBonds 2031 Term High Yield and Income ETF,BATS,True,False
IBHL,iShares iBonds 2032 Term High Yield and Income ETF,BATS,True,False
IBHM,iShares iBonds 2033 Term High Yield and Income ETF,BATS,True,False
IBID,iShares iBonds Oct 2027 Term TIPS ETF,ARCA,True,False
IBIE,iShares iBonds Oct 2028 Term TIPS ETF,ARCA,True,False
IBIF,iShares iBonds Oct 2029 Term TIPS ETF,ARCA,True,False
BSSX,Invesco Exchange-Traded Self-Indexed Fund Trust Invesco BulletShares 2033 Municipal Bond ETF,NASDAQ,True,False
BSMZ,Invesco Exchange-Traded Self-Indexed Fund Trust Invesco BulletShares 2035 Municipal Bond ETF,NASDAQ,True,False
IBIH,iShares iBonds Oct 2031 Term TIPS ETF,ARCA,True,False
IBIL,iShares iBonds Oct 2035 Term TIPS ETF,ARCA,True,False
IBIM,iShares iBonds Oct 2036 Term TIPS ETF,ARCA,True,False
IBMO,iShares iBonds Dec 2026 Term Muni Bond ETF,BATS,True,False
IBMP,iShares iBonds Dec 2027 Term Muni Bond ETF,BATS,True,False
IBMQ,iShares iBonds Dec 2028 Term Muni Bond ETF,BATS,True,False
IBRX,"ImmunityBio, Inc. Common Stock",NASDAQ,True,False
IBTI,iShares Trust iShares iBonds Dec 2028 Term Treasury ETF,NASDAQ,True,False
ICCM,IceCure Medical Ltd. Ordinary Shares,NASDAQ,True,False
ICLO,Invesco AAA CLO Floating Rate Note ETF,BATS,True,False
ICOW,Pacer Developed Markets International Cash Cows 100 ETF,BATS,True,False
ICPI,iShares 0-1 Year TIPS Bond ETF,ARCA,True,False
ICPY,"Tweedy, Browne International Insider + Value ETF",ARCA,True,False
ICVT,iShares Convertible Bond ETF,BATS,True,False
IDEC,Innovator International Developed Power Buffer ETF - December,ARCA,True,False
IDGT,iShares U.S. Digital Infrastructure and Real Estate ETF,ARCA,True,False
IDHQ,Invesco S&P International Developed Quality ETF,ARCA,True,False
IDLV,Invesco S&P International Developed Low Volatility ETF,ARCA,True,False
KRYP,ProShares CoinDesk 20 Crypto ETF,ARCA,True,False
LDRX,"The RBB Fund, Inc. SGI Enhanced Market Leaders ETF",NASDAQ,True,False
BSMY,Invesco Exchange-Traded Self-Indexed Fund Trust Invesco BulletShares 2034 Municipal Bond ETF,NASDAQ,True,False
BSMW,Invesco Exchange-Traded Self-Indexed Fund Trust Invesco BulletShares 2032 Municipal Bond ETF,NASDAQ,True,False
GLED.U,"GalaxyEdge Acquisition Corporation Units, each consisting of one Ordinary Share and one Right entitling the holder to receive 1/4th of one ordinary share",NYSE,True,False
LAW,"CS Disco, Inc.",NYSE,True,True
NIPG,NIP Group Inc. American Depositary Shares,NASDAQ,True,False
SBIO,ALPS Medical Breakthroughs ETF,ARCA,True,False
INCR,Intercure Ltd. Ordinary Shares,NASDAQ,True,False
HIT,"Health In Tech, Inc. Class A Common Stock",NASDAQ,True,False
METV,Roundhill Ball Metaverse ETF,ARCA,True,False
JELH,Janus Henderson Equity Linked High Income ETF,BATS,True,False
KSEP,Innovator U.S. Small Cap Power Buffer ETF - September,BATS,True,False
GXPS,Global X PureCap MSCI Consumer Staples ETF,ARCA,True,False
RDOG,ALPS REIT Dividend Dogs ETF,ARCA,True,False
ILDR,First Trust Innovation Leaders ETF,ARCA,True,False
IHE,iShares U.S. Pharmaceuticals ETF,ARCA,True,False
PSP,Invesco Global Listed Private Equity ETF,ARCA,True,False
IDMY,Corgi International Developed Equities 15% Structured Buffer ETF - May Series,BATS,True,False
QQHG,Invesco Actively Managed Exchange-Traded Fund Trust Invesco QQQ Hedged Advantage ETF,NASDAQ,True,False
RETL,Direxion Daily Retail Bull 3X ETF,ARCA,True,False
IBD,Inspire Corporate Bond ETF,ARCA,True,False
MSII,REX MSTR Covered Call ETF,BATS,True,False
IDVY,First Trust Exchange-Traded Fund VI First Trust International Rising Dividend Achievers ETF,NASDAQ,True,False
IEDI,iShares U.S. Consumer Focused ETF,BATS,True,False
VEEAW,Veea Inc. Warrant,NASDAQ,True,False
HBANZ,"Huntington Bancshares Incorporated Depositary Shares, Each Representing a 1/1000th Interest in a Share of 5.50% Series L Non-Cumulative Perpetual Preferred Stock",NASDAQ,True,False
IETH,Bitwise Ethereum Option Income Strategy ETF,ARCA,True,False
IEZ,iShares U.S. Oil Equipment & Services ETF,ARCA,True,False
IFEB,Innovator International Developed Power Buffer ETF - February,ARCA,True,False
IFLR,Innovator International Developed Managed Floor ETF,ARCA,True,False
IFRX,InflaRx N.V. Common Stock,NASDAQ,True,False
IGC,"IGC Pharma, Inc.",AMEX,True,False
QNC,Quantum eMotion Corp.,AMEX,True,False
RGEF,Rockefeller Global Equity ETF,ARCA,True,False
IGHG,ProShares Investment Grade-Interest Rate Hedged,BATS,True,False
LXEO,"Lexeo Therapeutics, Inc. Common Stock",NASDAQ,True,True
IGI,Western Asset Investment Grade Defined Opportunity Trust Inc.,NYSE,True,False
IEUR,iShares Core MSCI Europe ETF,ARCA,True,True
IAUI,NEOS Gold High Income ETF,BATS,True,True
MATX,"Matsons, Inc.",NYSE,True,True
KBR,"KBR, Inc.",NYSE,True,True
HNGE,"Hinge Health, Inc.",NYSE,True,True
IAG,IAMGold Corporation,NYSE,True,True
MANU,MANCHESTER UNITED PLC,NYSE,True,True
MRK,"Merck & Co., Inc.",NYSE,True,True
NGVT,Ingevity Corporation,NYSE,True,True
PPL,PPL Corporation,NYSE,True,True
MGEE,"MGE Energy, Inc",NASDAQ,True,True
BSMV,Invesco Exchange-Traded Self-Indexed Fund Trust Invesco BulletShares 2031 Municipal Bond ETF,NASDAQ,True,False
HIHO,Highway Holdings Limited Common Stock,NASDAQ,True,False
TACOU,Berto Acquisition Corp. Unit,NASDAQ,True,False
MAS,Masco Corporation,NYSE,True,True
KD,"Kyndryl Holdings, Inc.",NYSE,True,True
JGRO,JPMorgan Active Growth ETF,ARCA,True,True
MGNI,"Magnite, Inc. Common Stock",NASDAQ,True,True
HZO,"MarineMax, Inc.",NYSE,True,True
JXN,Jackson Financial Inc.,NYSE,True,True
IGME,Bitwise GME Option Income Strategy ETF,ARCA,True,False
IGRO,iShares International Dividend Growth ETF,BATS,True,False
LEN,Lennar Corporation Class A,NYSE,True,True
IHY,VanEck International High Yield Bond ETF,ARCA,True,False
ITT,ITT Inc.,NYSE,True,True
RNST,Renasant Corporation,NYSE,True,True
PFBC,Preferred Bank Common Stock,NASDAQ,True,True
IIGD,Invesco Investment Grade Defensive ETF,ARCA,True,False
IIM,INVESCO VALUE MUNICIPAL INCOME TRUST,NYSE,True,False
IJAN,Innovator International Developed Power Buffer ETF - January,ARCA,True,False
HYFI,AB High Yield ETF,ARCA,True,False
IJJ,iShares S&P Mid-Cap 400 Value ETF,ARCA,True,False
IMAY,Innovator International Developed Power Buffer ETF - May,ARCA,True,False
IMF,Invesco Managed Futures Strategy ETF,BATS,True,False
IMFL,Invesco International Developed Dynamic Multifactor ETF,BATS,True,False
GJP,Synthetic Fixed Income Securities on the behalf of STRATS for Dominion Resources  Series 2005-6,NYSE,True,False
BSMU,Invesco Exchange-Traded Self-Indexed Fund Trust Invesco BulletShares 2030 Municipal Bond ETF,NASDAQ,True,False
BSMT,Invesco Exchange-Traded Self-Indexed Fund Trust Invesco BulletShares 2029 Municipal Bond ETF,NASDAQ,True,False
BSMR,Invesco Exchange-Traded Self-Indexed Fund Trust Invesco BulletShares 2027 Municipal Bond ETF,NASDAQ,True,False
WAL.PRA,"Western Alliance Bancorporation Depositary Shares, Each Representing a 1/ 400th Interest in a Share of 4.250% Fixed-Rate Non-Cumulative Perpetual Preferred Stock, Series A",NYSE,True,False
IMMP,Immutep Limited American Depositary Shares,NASDAQ,True,False
IMOM,EA Series Trust Alpha Architect International Quantitative Momentum ETF,NASDAQ,True,False
INFY,Infosys Limited American Depositary Shares,NYSE,True,False
MOV,"Movado Group, Inc.",NYSE,True,True
MP,MP Materials Corp.,NYSE,True,True
QCRH,"QCR Holdings, Inc. Common Stock",NASDAQ,True,True
RIG,Transocean LTD.,NYSE,True,True
KE,"Kimball Electronics, Inc. Common Stock",NASDAQ,True,True
MSFX,T-Rex 2X Long Microsoft Daily Target ETF,BATS,True,True
MMS,"MAXIMUS, Inc.",NYSE,True,True
MAKO,Mako Mining Corp Common Stock,NASDAQ,True,True
ORCL,Oracle Corp,NYSE,True,True
PLD,"PROLOGIS, INC.",NYSE,True,True
RBRK,"Rubrik, Inc.",NYSE,True,True
HIMU,iShares High Yield Muni Active ETF,BATS,True,True
S,"SentinelOne, Inc.",NYSE,True,True
LBRT,Liberty Energy Inc.,NYSE,True,True
KOMP,State Street SPDR S&P Kensho New Economies Composite ETF,ARCA,True,True
IVE,iShares S&P 500 Value ETF,ARCA,True,True
BSJX,Invesco Exchange-Traded Self-Indexed Fund Trust Invesco BulletShares 2033 High Yield Corporate Bond ETF,NASDAQ,True,False
BSJW,Invesco Exchange-Traded Self-Indexed Fund Trust Invesco BulletShares 2032 High Yield Corporate Bond ETF,NASDAQ,True,False
BSJV,Invesco Exchange-Traded Self-Indexed Fund Trust Invesco BulletShares 2031 High Yield Corporate Bond ETF,NASDAQ,True,False
BSJU,Invesco Exchange-Traded Self-Indexed Fund Trust Invesco BulletShares 2030 High Yield Corporate Bond ETF,NASDAQ,True,False
FSHP,Flag Ship Acquisition Corp. Ordinary Shares,NASDAQ,True,False
BSJT,Invesco Exchange-Traded Self-Indexed Fund Trust Invesco BulletShares 2029 High Yield Corporate Bond ETF,NASDAQ,True,False
BSJS,Invesco Exchange-Traded Self-Indexed Fund Trust Invesco BulletShares 2028 High Yield Corporate Bond ETF,NASDAQ,True,False
FCNCP,"First Citizens BancShares, Inc. Depositary Shares",NASDAQ,True,False
BSCZ,Invesco Exchange-Traded Self-Indexed Fund Trust Invesco BulletShares 2035 Corporate Bond ETF,NASDAQ,True,False
ISPR,Ispire Technology Inc. Common Stock,NASDAQ,True,True
LMB,"Limbach Holdings, Inc. Common Stock",NASDAQ,True,True
IYF,iShares U.S. Financials ETF,ARCA,True,True
IYW,iShares U.S. Technology ETF,ARCA,True,True
JOE,St. Joe Company,NYSE,True,True
KIE,State Street SPDR S&P Insurance ETF,ARCA,True,True
MSC,"Studio City International Holdings Limited American depositary shares, each representing four Class A ordinary shares",NYSE,True,True
HTGC,"Hercules Capital, Inc.",NYSE,True,True
HIPS,GraniteShares HIPS US High Income ETF,ARCA,True,True
MYI,"BLACKROCK MUNIYIELD QUALITY FUND III, INC.",NYSE,True,True
PIE,Invesco Exchange-Traded Fund Trust II Invesco Dorsey Wright Emerging Markets Momentum ETF,NASDAQ,True,True
PUMP,ProPetro Holding Corp.,NYSE,True,True
O,Realty Income Corporation,NYSE,True,True
MTG,MGIC Investment Corp.,NYSE,True,True
FBIOP,"Fortress Biotech, Inc. 9.375% Series A Cumulative Redeemable Perpetual Preferred Stock",NASDAQ,True,False
BSCY,Invesco Exchange-Traded Self-Indexed Fund Trust Invesco BulletShares 2034 Corporate Bond ETF,NASDAQ,True,False
BUFF,Innovator Laddered Allocation Power Buffer ETF,BATS,True,False
BSCX,Invesco Exchange-Traded Self-Indexed Fund Trust Invesco BulletShares 2033 Corporate Bond ETF,NASDAQ,True,False
MMM,3M Company,NYSE,True,True
RPM,"RPM International, Inc.",NYSE,True,True
JNJ,Johnson & Johnson,NYSE,True,True
KMI,"Kinder Morgan, Inc.",NYSE,True,True
NOV,NOV Inc.,NYSE,True,True
OKE,"Oneok, Inc.",NYSE,True,True
PHM,"Pultegroup, Inc.",NYSE,True,True
SARO,"StandardAero, Inc.",NYSE,True,True
OPP,"RiverNorth/DoubleLine Strategic Opportunity Fund, Inc.",NYSE,True,True
PHG,KONINKLIJKE PHILIPS  N.V.,NYSE,True,True
PNC,PNC Financial Services Group,NYSE,True,True
QGEN,QIAGEN N.V.,NYSE,True,True
RNG,"RINGCENTRAL, INC.",NYSE,True,True
SD,"SandRidge Energy, Inc.",NYSE,True,True
IDT,IDT Corporation Class B,NYSE,True,True
IYR,iShares U.S. Real Estate ETF,ARCA,True,True
LCII,LCI Industries,NYSE,True,True
MEI,Methode Electronics,NYSE,True,True
NMR,"Nomura Holdings, Inc",NYSE,True,True
NTAP,"NetApp, Inc. Common Stock",NASDAQ,True,True
BRAI,Braiin Limited Common Stock,NASDAQ,True,False
BRZU,Direxion Daily MSCI Brazil Bull 2X ETF,ARCA,True,False
BRR,"ProCap Financial, Inc. Common Stock",NASDAQ,True,False
RCL,Royal Caribbean Group,NYSE,True,True
KN,KNOWLES CORPORATION,NYSE,True,True
HUN,Huntsman Corporation,NYSE,True,True
ITW,Illinois Tool Works Inc.,NYSE,True,True
OIH,VanEck Oil Services ETF,ARCA,True,True
PBF,PBF ENERGY INC.,NYSE,True,True
QPX,AdvisorShares Q Dynamic Growth ETF,ARCA,True,True
